"id";"name"
2091;"1st assistant costume designer"
2009;"1st assistant lighting designer"
2085;"1st assistant scenic designer"
271;"1st assistant stage manager"
196;"1st piano - celeste and others"
188;"1st trumpet"
191;"1st violin"
2088;"2nd assistant costume designer"
556;"2nd assistant designer to mr. mielziner"
1426;"2nd assistant lighting designer"
2094;"2nd assistant scenic designer"
270;"2nd assistant stage manager"
1965;"2nd keyboard"
195;"2nd piano"
199;"2nd trumpet"
198;"2nd violin"
1634;"3rd assistiant stage manager"
193;"3rd piano"
197;"3rd trumpet"
661;"46th street theatre general manager"
647;"46th street theatre managing director"
1071;"accordian"
1332;"accordian, bass"
278;"accordion"
1826;"accordion/celeste"
701;"accordionist"
2076;"acoustic & electric bass"
968;"acoustic and electric bass"
1394;"acoustic and electric guitar"
1538;"acoustic and upright bass"
1998;"acoustic bass"
1929;"acoustic bass/electric bass"
1602;"acoustic/electric guitar"
2107;"acoustic/electric/banjo/classical guitar"
2767;"acrobatic choreographer and designer"
2773;"acrobatic performance designer"
2288;"act designer"
63;"acting manager"
2553;"action coordinator"
10;"adaptation"
61;"adaptation (english)"
2675;"adaptation (new book)"
2353;"adaptation (translation)"
2898;"adapted book"
2632;"adapter"
2400;"adaptor"
2821;"additional choreography"
2781;"additional dance and vocal arrangements"
1136;"additional dance arrangements by"
2672;"additional lyrics"
235;"additional material"
2257;"additional material (""written in collaboration"")"
2996;"additional material (additional book mat"
729;"additional material (additional book material)"
2999;"additional material (additional songs - "
854;"additional material (additional songs - 2007 broadway revival)"
1635;"additional material (additional songs)"
1024;"additional material (music)"
1617;"additional material (special verse)"
2803;"additional movement"
2892;"additional music arrangements"
2601;"additional orchestrations"
2657;"additional scenic design"
253;"advertising"
1709;"advertising & marketing"
2326;"advertising & new media services"
1668;"advertising photographer"
369;"advertising representative"
2896;"aerial and king kong movement director"
1835;"aerial design"
2077;"aerial designer"
2105;"aerial effects designer"
2412;"aerial rigging designer"
1950;"aerial staging"
2464;"aerial stunt coordinator"
2703;"air sculptor"
177;"alfred goodman's musical ensemble"
2590;"alto sackbut, tenor sackbut, tenor recorder"
1459;"alto sax, clarinet, bass clarinet"
2383;"alto saxophone"
2591;"alto shawm, shawm, dulcian, curtal, alto rauschpfeife, recorder, pipe and tabor,"
2289;"animal sculpture designer"
1897;"animal trainer"
2545;"animal trainers"
2043;"animals trainer"
1091;"animation"
1744;"animation designer"
2195;"animations designer"
2411;"ariel choreographer"
2381;"ariel designer"
2791;"arrangements and orchestrations"
2845;"arranger"
2010;"arranger (additional arrangements)"
2131;"arranger (googie's musical number)"
124;"art director"
1213;"artistic consultant"
287;"artistic director"
1685;"artistic producer"
1982;"artwork"
1480;"artwork designer"
1167;"asl head"
1782;"asl master"
267;"assistant"
1691;"assistant (to david rockwell)"
1860;"assistant (to mr. albee)"
1526;"assistant (to mr. kaczorowski)"
520;"assistant (to mr. kazan)"
1871;"assistant (to stuart thompson)"
1689;"assistant (to william ivey-long)"
2082;"assistant aerial designer"
165;"assistant choreographer"
1415;"assistant choreographer (for mr. marshall)"
1414;"assistant choreographer (for mr. paterson)"
2362;"assistant choreographer (musical staging)"
1767;"assistant clothing stylist"
305;"assistant company manager"
2028;"assistant composer"
378;"assistant conductor"
2026;"assistant costume design"
329;"assistant costume designer"
2208;"assistant costume designer (us)"
1905;"assistant dance and fight captain"
766;"assistant dance captain"
454;"assistant dance director"
519;"assistant designer (to jo mielziner)"
1916;"assistant designer (uk)"
73;"assistant director"
2162;"assistant director (""a bus stop play"")"
1779;"assistant director (""baby food"")"
1882;"assistant director (""claire's intervention"")"
2163;"assistant director (""dave chappelle is not crazy"")"
2168;"assistant director (""i.p"")"
2053;"assistant director (""jack on film"")"
2169;"assistant director (""open house"")"
1881;"assistant director (""pressure is a privelege"")"
1733;"assistant director (""sleep deprived"")"
1887;"assistant director (""that other person"")"
2050;"assistant director (""the blizzard"")"
2048;"assistant director (""the first tree in antarctica"")"
2049;"assistant director (""the sunday times"")"
1886;"assistant director (""this is now"")"
2051;"assistant director (""three girls and bob"")"
2047;"assistant director (""toccata and fugue"")"
2161;"assistant director (""wakey wakey"")"
2172;"assistant director (tenure)"
1550;"assistant fight captain"
2583;"assistant fight director"
364;"assistant general manager"
1172;"assistant hair and wig designer"
2234;"assistant hair designer"
2948;"assistant lighting design"
302;"assistant lighting designer"
2435;"assistant lighting designer (us)"
2355;"assistant make-up designer"
1005;"assistant manager"
114;"assistant musical director"
176;"assistant press representative"
842;"assistant producer"
241;"assistant production manager"
1589;"assistant projection designer"
2062;"assistant projections coordinator"
2023;"assistant scenic design"
348;"assistant scenic designer"
1993;"assistant scenic designer (uk)"
2299;"assistant set designer"
838;"assistant sound designer"
1909;"assistant special effects"
2006;"assistant special effects designer"
55;"assistant stage manager"
2215;"assistant stage manager (replacement)"
2192;"assistant stage manager (vacation substitute)"
2095;"assistant technical supervisor"
596;"assistant to abe burrows"
750;"assistant to alan schneider"
172;"assistant to aline bernstein"
585;"assistant to ann roth"
563;"assistant to ben edwards"
607;"assistant to boris aronson"
336;"assistant to captain kanin"
256;"assistant to carl randall"
439;"assistant to cecil beaton"
954;"assistant to choreographer/dance captain"
992;"assistant to costume designer"
387;"assistant to david ffolkes"
678;"assistant to david hays"
1264;"assistant to director"
486;"assistant to don walker"
926;"assistant to donald brooks"
338;"assistant to donald oenslager"
488;"assistant to donald saddler"
250;"assistant to dwight deere wiman"
461;"assistant to edith lutyens"
510;"assistant to eldon elder"
572;"assistant to ernest adler"
1813;"assistant to farah khan"
1901;"assistant to fight director"
915;"assistant to franne and eugene lee"
684;"assistant to fred voelpel"
502;"assistant to frederick fox"
483;"assistant to general manager"
726;"assistant to general managers"
327;"assistant to george jenkins"
1267;"assistant to gillian lynne"
1391;"assistant to hair designer"
650;"assistant to hal hastings"
240;"assistant to hassard short"
356;"assistant to helen tamiris"
311;"assistant to howard bay"
795;"assistant to howard jeffrey"
264;"assistant to hugh martin"
449;"assistant to irene sharaff"
571;"assistant to jack cole"
321;"assistant to jack donohue"
705;"assistant to jane greenwood"
659;"assistant to jean rosenthal"
257;"assistant to jo mielziner"
675;"assistant to john butler"
255;"assistant to john hambleton"
219;"assistant to john murray anderson"
1157;"assistant to joseph harris"
1834;"assistant to kenneth posner"
2281;"assistant to lead producer"
487;"assistant to lehman engel"
1390;"assistant to lighting designer"
325;"assistant to lucinda ballard"
1815;"assistant to mark & barri"
874;"assistant to martin aronstein"
937;"assistant to messrs. brown & holt"
1064;"assistant to messrs. harris / bernstein"
961;"assistant to messrs. king and yeargan"
1674;"assistant to michael reed"
318;"assistant to miles white"
774;"assistant to ming cho lee"
656;"assistant to miss aldredge"
345;"assistant to miss ballard"
353;"assistant to miss bettis"
1205;"assistant to miss curtis"
568;"assistant to miss dalrymple"
1139;"assistant to miss daniele"
360;"assistant to miss de mille"
898;"assistant to miss dearing"
398;"assistant to miss demille"
882;"assistant to miss eck"
749;"assistant to miss greenwood"
589;"assistant to miss haney"
416;"assistant to miss holm"
408;"assistant to miss hunter"
733;"assistant to miss klotz"
435;"assistant to miss krupska"
269;"assistant to miss lee"
414;"assistant to miss lutyens"
531;"assistant to miss morley"
742;"assistant to miss musser"
878;"assistant to miss parker"
959;"assistant to miss parks"
437;"assistant to miss personnette"
716;"assistant to miss potts"
914;"assistant to miss rich"
851;"assistant to miss robbins"
576;"assistant to miss rosenthal"
686;"assistant to miss roth"
258;"assistant to miss sharaff"
407;"assistant to miss tamaris"
1182;"assistant to miss tharp"
966;"assistant to miss tipton"
309;"assistant to miss webster"
597;"assistant to miss white"
633;"assistant to miss zipprodt"
730;"assistant to miss. rosenthal"
964;"assistant to mitch leigh"
434;"assistant to motley"
1678;"assistant to mr hwang"
456;"assistant to mr mackintosh"
883;"assistant to mr. aaron"
673;"assistant to mr. abbott"
744;"assistant to mr. adler"
788;"assistant to mr. aghayan"
821;"assistant to mr. aghyan & mr. mackie"
687;"assistant to mr. allen"
557;"assistant to mr. allers"
911;"assistant to mr. allison"
503;"assistant to mr. alswang"
283;"assistant to mr. alton"
280;"assistant to mr. anderson"
1129;"assistant to mr. annals"
609;"assistant to mr. armstrong"
1428;"assistant to mr. arnone"
370;"assistant to mr. aronson"
754;"assistant to mr. aronstein"
1667;"assistant to mr. aukin"
970;"assistant to mr. aulisi"
432;"assistant to mr. ayers"
382;"assistant to mr. ayers (costumes)"
383;"assistant to mr. ayers (scenery)"
249;"assistant to mr. balanchine"
275;"assistant to mr. balancine"
815;"assistant to mr. barcelo"
349;"assistant to mr. barclift"
1683;"assistant to mr. barnes"
394;"assistant to mr. barr"
603;"assistant to mr. barstow"
299;"assistant to mr. bay"
626;"assistant to mr. beaton"
646;"assistant to mr. beaton (costumes)"
648;"assistant to mr. beaton (scenery)"
1007;"assistant to mr. beatty"
627;"assistant to mr. beaumont"
446;"assistant to mr. becher"
813;"assistant to mr. bennett"
1658;"assistant to mr. berlind"
876;"assistant to mr. billington"
492;"assistant to mr. blackton"
1128;"assistant to mr. blakemore"
910;"assistant to mr. bloomgarden"
1272;"assistant to mr. borge"
221;"assistant to mr. bragdon"
1801;"assistant to mr. brill"
685;"assistant to mr. brooks"
1274;"assistant to mr. brown"
877;"assistant to mr. burbridge"
704;"assistant to mr. burlingame"
436;"assistant to mr. burrows"
239;"assistant to mr. calduel"
533;"assistant to mr. calhern"
908;"assistant to mr. camillo"
671;"assistant to mr. campbell"
896;"assistant to mr. cantor"
590;"assistant to mr. castillo"
638;"assistant to mr. champion"
308;"assistant to mr. chaney"
920;"assistant to mr. chapman"
526;"assistant to mr. charmoli"
236;"assistant to mr. clurman"
895;"assistant to mr. coe"
608;"assistant to mr. coffin"
1058;"assistant to mr. cohen"
298;"assistant to mr. cole"
350;"assistant to mr. colt"
875;"assistant to mr. conklin"
1146;"assistant to mr. conn"
881;"assistant to mr. coronato"
630;"assistant to mr. da costa"
625;"assistant to mr. dacosta"
869;"assistant to mr. dale"
534;"assistant to mr. daniels"
417;"assistant to mr. davenport"
1057;"assistant to mr. davidson"
1419;"assistant to mr. davies"
479;"assistant to mr. davis"
351;"assistant to mr. davison"
1010;"assistant to mr. de liagre"
481;"assistant to mr. dell'isola"
1246;"assistant to mr. dexter"
582;"assistant to mr. donehue"
530;"assistant to mr. dowling"
279;"assistant to mr. du bois"
578;"assistant to mr. du bois (costumes)"
579;"assistant to mr. du bois (scenery)"
798;"assistant to mr. dunham"
641;"assistant to mr. duquette"
548;"assistant to mr. edwards"
507;"assistant to mr. edwards (costumes)"
506;"assistant to mr. edwards (scenery)"
1113;"assistant to mr. eigsti"
529;"assistant to mr. elder"
555;"assistant to mr. engel"
225;"assistant to mr. erik charell"
463;"assistant to mr. evans"
1163;"assistant to mr. fallabella"
644;"assistant to mr. feder"
438;"assistant to mr. ferrer"
362;"assistant to mr. ffolkes"
820;"assistant to mr. field"
588;"assistant to mr. fields"
528;"assistant to mr. finklehoffe"
800;"assistant to mr. fisher"
1295;"assistant to mr. fitzgerald & mr. fox"
707;"assistant to mr. fletcher"
352;"assistant to mr. florrell"
513;"assistant to mr. fosse"
395;"assistant to mr. fox"
810;"assistant to mr. freedman"
444;"assistant to mr. friedman"
462;"assistant to mr. gabel"
1293;"assistant to mr. gallo"
460;"assistant to mr. gerard"
475;"assistant to mr. gilkey"
753;"assistant to mr. gleason"
476;"assistant to mr. grace"
672;"assistant to mr. gregory"
226;"assistant to mr. gribble"
1275;"assistant to mr. gromada"
331;"assistant to mr. haakon"
1032;"assistant to mr. haines"
1041;"assistant to mr. hamlisch & associate conductor"
431;"assistant to mr. hammerstein"
504;"assistant to mr. hammond"
375;"assistant to mr. harris"
642;"assistant to mr. hartley"
734;"assistant to mr. hastings"
740;"assistant to mr. hays"
1038;"assistant to mr. hemsley"
924;"assistant to mr. henning"
465;"assistant to mr. herbert"
282;"assistant to mr. horner"
546;"assistant to mr. houghton"
524;"assistant to mr. hoyt"
1036;"assistant to mr. iscove"
1100;"assistant to mr. jackness"
861;"assistant to mr. jacob"
1270;"assistant to mr. jacobs"
873;"assistant to mr. jampolis"
330;"assistant to mr. jenkins"
1204;"assistant to mr. johns"
344;"assistant to mr. kanin"
284;"assistant to mr. kaufman"
692;"assistant to mr. kay"
587;"assistant to mr. kelly"
554;"assistant to mr. kidd"
802;"assistant to mr. kidd/dance captain"
987;"assistant to mr. kingwill"
272;"assistant to mr. koenig"
1852;"assistant to mr. krass"
1529;"assistant to mr. laing"
532;"assistant to mr. larkin"
919;"assistant to mr. laurents"
1429;"assistant to mr. lawrence"
649;"assistant to mr. layton"
677;"assistant to mr. lebowsky"
756;"assistant to mr. lee"
1180;"assistant to mr. leigh"
242;"assistant to mr. leonidoff"
558;"assistant to mr. lerner"
696;"assistant to mr. lesser"
1184;"assistant to mr. levan"
570;"assistant to mr. lewis"
723;"assistant to mr. liff"
297;"assistant to mr. livingston"
441;"assistant to mr. lloyd"
251;"assistant to mr. logan"
1056;"assistant to mr. london"
1118;"assistant to mr. long"
844;"assistant to mr. loquasto"
930;"assistant to mr. louis"
1911;"assistant to mr. lucas"
971;"assistant to mr. lundell"
1049;"assistant to mr. lynch"
1827;"assistant to mr. macdevitt"
1438;"assistant to mr. mackie"
1130;"assistant to mr. maltby"
399;"assistant to mr. mamoulian on casting"
1802;"assistant to mr. mantello"
469;"assistant to mr. marre"
474;"assistant to mr. martin"
1055;"assistant to mr. mason"
1183;"assistant to mr. mauceri"
372;"assistant to mr. mcclintic"
1746;"assistant to mr. mckinley"
491;"assistant to mr. melziner"
415;"assistant to mr. menotti"
569;"assistant to mr. merrick"
425;"assistant to mr. messel"
1433;"assistant to mr. meyer"
237;"assistant to mr. mielziner"
1115;"assistant to mr. miller"
238;"assistant to mr. miner"
906;"assistant to mr. mitchell"
993;"assistant to mr. morgan"
419;"assistant to mr. morrison"
907;"assistant to mr. mosse"
897;"assistant to mr. mulhern"
1080;"assistant to mr. munderloh"
780;"assistant to mr. musser"
1102;"assistant to mr. napier"
1028;"assistant to mr. nederlander"
922;"assistant to mr. nelson"
595;"assistant to mr. ney"
1033;"assistant to mr. o'brien and ms. firth"
808;"assistant to mr. o'horgan"
413;"assistant to mr. odets"
260;"assistant to mr. oenslager"
371;"assistant to mr. oenslager (costumes)"
374;"assistant to mr. oenslager (setting)"
793;"assistant to mr. ornbo"
1585;"assistant to mr. pakledinaz"
1013;"assistant to mr. parichy"
1132;"assistant to mr. pippin"
261;"assistant to mr. preminger"
679;"assistant to mr. prince"
1823;"assistant to mr. pye"
505;"assistant to mr. quintero"
717;"assistant to mr. rabb"
921;"assistant to mr. ramone"
703;"assistant to mr. randolph"
547;"assistant to mr. redgrave"
1020;"assistant to mr. reilly"
681;"assistant to mr. reiss"
245;"assistant to mr. rice"
1174;"assistant to mr. riddell"
477;"assistant to mr. rigby"
660;"assistant to mr. ritchard"
727;"assistant to mr. ritman"
913;"assistant to mr. rittman"
430;"assistant to mr. robbins"
1081;"assistant to mr. robbins & ms. mitchell"
359;"assistant to mr. rodgers"
743;"assistant to mr. rodriguez"
455;"assistant to mr. rome"
1595;"assistant to mr. ronan"
322;"assistant to mr. rose"
988;"assistant to mr. ross"
1657;"assistant to mr. rudin"
478;"assistant to mr. saddler"
584;"assistant to mr. samrock"
604;"assistant to mr. schary"
690;"assistant to mr. schlissel"
819;"assistant to mr. schlossberg"
850;"assistant to mr. schmidt"
468;"assistant to mr. schneider"
741;"assistant to mr. scott"
879;"assistant to mr. segal"
710;"assistant to mr. senn and miss pond"
373;"assistant to mr. serlin"
695;"assistant to mr. sharmat"
746;"assistant to mr. shevelove"
332;"assistant to mr. short"
230;"assistant to mr. sillman"
782;"assistant to mr. skelton"
567;"assistant to mr. smith"
542;"assistant to mr. sorvey"
289;"assistant to mr. sovey"
549;"assistant to mr. spencer"
594;"assistant to mr. starbuck"
752;"assistant to mr. stein"
411;"assistant to mr. steinbeck"
784;"assistant to mr. stevens"
423;"assistant to mr. syrjala"
464;"assistant to mr. taylor"
715;"assistant to mr. ter-artunian"
634;"assistant to mr. ter-arutunian"
2989;"assistant to mr. ter-arutunian (costumes"
620;"assistant to mr. ter-arutunian (costumes)"
621;"assistant to mr. ter-arutunian (scenery)"
786;"assistant to mr. thompson"
718;"assistant to mr. tilton"
288;"assistant to mr. todd"
1029;"assistant to mr. torres"
818;"assistant to mr. trittipo"
770;"assistant to mr. tubans"
99;"assistant to mr. unitt"
804;"assistant to mr. voelpel"
809;"assistant to mr. wagner"
525;"assistant to mr. walker"
1059;"assistant to mr. walton"
386;"assistant to mr. weill on ballet music"
933;"assistant to mr. weiss"
799;"assistant to mr. wexler"
290;"assistant to mr. white"
872;"assistant to mr. whitehead"
418;"assistant to mr. whorf"
674;"assistant to mr. willman"
334;"assistant to mr. wilson"
393;"assistant to mr. wiman"
541;"assistant to mr. windust"
657;"assistant to mr. wittop"
781;"assistant to mr. wittstein"
1273;"assistant to mr. woolard"
1117;"assistant to mr. yeston"
1165;"assistant to mrs watson"
912;"assistant to mrs. aldredge"
358;"assistant to mrs. ballard"
755;"assistant to ms. aldredge"
560;"assistant to ms. ballard"
1850;"assistant to ms. christensen"
1006;"assistant to ms. collins"
1054;"assistant to ms. crow"
1114;"assistant to ms. dolan"
1119;"assistant to ms. fisher"
1498;"assistant to ms. gennaro"
960;"assistant to ms. greenwood"
1360;"assistant to ms. harrington"
1387;"assistant to ms. hould-ward"
1248;"assistant to ms. ishioka"
1300;"assistant to ms. katz"
1089;"assistant to ms. kim"
1125;"assistant to ms. klotz"
1039;"assistant to ms. lee"
3000;"assistant to ms. macdonald & lyrics for "
864;"assistant to ms. macdonald & lyrics for miss lenoire's songs"
1116;"assistant to ms. madeira"
1825;"assistant to ms. mortimer"
814;"assistant to ms. musser"
904;"assistant to ms. nugent"
1060;"assistant to ms. parks"
862;"assistant to ms. potts"
794;"assistant to ms. roth"
1151;"assistant to ms. ryack"
1088;"assistant to ms. tipton"
1282;"assistant to ms. von mayrhauser"
1156;"assistant to ms. winters"
859;"assistant to ms. zipprodt"
995;"assistant to mssrs. schlissel & kingwill"
1797;"assistant to nicholas martin"
512;"assistant to oliver messel"
368;"assistant to oliver smith"
354;"assistant to oscar hammerstein"
856;"assistant to patricia birch"
550;"assistant to paul morrison"
796;"assistant to peter hunt"
1247;"assistant to phillips"
1557;"assistant to producer"
892;"assistant to producers and director"
485;"assistant to raoul pene du bois"
247;"assistant to raymond sovey"
265;"assistant to robert alton"
676;"assistant to robert fletcher"
501;"assistant to robert mackintosh"
1009;"assistant to robert moore"
388;"assistant to robert sidney"
339;"assistant to robert woods"
1008;"assistant to roger l. stevens"
990;"assistant to scenic designer"
1874;"assistant to scott rudin"
963;"assistant to set designer"
303;"assistant to sgt. harry horner"
1374;"assistant to sound designer"
544;"assistant to stager"
1711;"assistant to stuart thompson"
1269;"assistant to technical supervisor"
916;"assistant to tharon musser"
965;"assistant to the artistic director"
852;"assistant to the associate producer"
286;"assistant to the choreographer"
2992;"assistant to the choreographer and hawai"
667;"assistant to the choreographer and hawaiian consultant"
1079;"assistant to the choreographers"
1092;"assistant to the company manager"
341;"assistant to the composer"
424;"assistant to the costume designer"
426;"assistant to the designer"
536;"assistant to the designer (costumes)"
2987;"assistant to the designer (scenery and l"
562;"assistant to the designer (scenery and lighting)"
535;"assistant to the designer (scenery)"
610;"assistant to the designers (costumes)"
613;"assistant to the designers (scenery)"
268;"assistant to the director"
1243;"assistant to the director (london)"
1244;"assistant to the director (new york)"
1412;"assistant to the director and choreographer"
1147;"assistant to the directors"
466;"assistant to the eckarts"
619;"assistant to the eckarts (costumes)"
618;"assistant to the eckarts (scenery)"
1242;"assistant to the fight captain"
1844;"assistant to the fight director"
564;"assistant to the general manager"
779;"assistant to the general managers"
747;"assistant to the lighting designer"
617;"assistant to the manager"
811;"assistant to the managing director"
450;"assistant to the musical director"
448;"assistant to the orchestrator"
291;"assistant to the producer"
459;"assistant to the producers"
2995;"assistant to the scenic and lighting des"
724;"assistant to the scenic and lighting designer"
543;"assistant to the scenic designer"
1409;"assistant to the set designer"
1509;"assistant to the set designers"
1454;"assistant to the sound deisgner"
1476;"assistant to the sound designer"
1262;"assistant to the technical production manager"
739;"assistant to theoni aldredge"
826;"assistant to theoni v. aldredge"
801;"assistant to thomas skelton"
277;"assistant to tom lee"
1162;"assistant to tony stevens"
319;"assistant to watson barratt"
1373;"assistant to wendall k. harrington"
1017;"assistant to wilbur"
665;"assistant to will steven armstrong"
949;"assistant to willa kim"
493;"assistant to william and jean eckart"
1645;"assistant to william ivey long"
632;"assistant to william pitkin"
631;"assistant to wolfgang roth"
2361;"assistant video designer"
2523;"assistant vocal coach"
840;"assistant wig designer"
2526;"assistant/children's dance captain"
1694;"associate (to david rockwell)"
2238;"associate aerial designer"
2732;"associate and supervising director"
1842;"associate artistic director"
1963;"associate casting"
1997;"associate casting director"
623;"associate choreographer"
1594;"associate choreographer (lindy specialist)"
2111;"associate choreographer (to mr. richard)"
2573;"associate choreographer / creative consultant"
989;"associate company manager"
2115;"associate composer"
2187;"associate conducter"
363;"associate conductor"
2534;"associate conductor/keyboard 2/organ"
1641;"associate costume design"
581;"associate costume designer"
1945;"associate costume designer (broadway production)"
1868;"associate costume designer (uk)"
1870;"associate costume designer (us)"
2769;"associate creative director"
2770;"associate creative director, scene director"
670;"associate designer"
2519;"associate dialect coach"
361;"associate director"
2221;"associate director (uk)"
2577;"associate director / dramaturg"
2748;"associate director/associate choreographer"
2670;"associate fight choreographer"
787;"associate general manager"
946;"associate general manager for nysf"
1696;"associate hair and wig designer"
1760;"associate hair designer"
1642;"associate lighting design"
1894;"associate lighting design/automated lighting"
1914;"associate lighting design/programmer"
583;"associate lighting designer"
1948;"associate lighting designer (broadway production)"
2213;"associate lighting designer (programmer)"
2434;"associate lighting designer (uk)"
2290;"associate lighting designer (us)"
1757;"associate lighting designer / automated lights"
1818;"associate lighting designer/automated lights"
2134;"associate lighting designer/moving lights"
2538;"associate make-up designer"
2880;"associate movement director"
2609;"associate music director"
1514;"associate music producer"
1752;"associate music supervisor"
166;"associate musical director"
1260;"associate musical supervisor"
2274;"associate orchestrator"
246;"associate press representative"
35;"associate producer"
2038;"associate producer (co-associate producer)"
2129;"associate producer (for rbt)"
2291;"associate producer (for robert boyett theatricals)"
2300;"associate producer (infinity stages)"
2117;"associate production manager"
2034;"associate production manager (uk)"
1650;"associate production supervisor"
1372;"associate projection designer"
2007;"associate scenic design"
586;"associate scenic designer"
2516;"associate scenic designer (uk)"
2293;"associate scenic designer (us)"
2465;"associate set designer"
1946;"associate set designer (broadway production)"
1991;"associate set designer (uk)"
2920;"associate sound design"
1227;"associate sound designer"
1944;"associate sound designer (broadway production)"
2211;"associate sound designer (uk)"
2214;"associate sound designer (us)"
1717;"associate special effects"
1919;"associate special effects designer"
254;"associate stage manager"
2008;"associate technical director"
1961;"associate technical supervisor"
1192;"associate theatre owner / operator"
3007;"associate to barry m. brown and fritz ho"
917;"associate to barry m. brown and fritz holt"
941;"associate to general managers"
1090;"associate to joseph harris"
1070;"associate to messrs. harris / bernstein"
1027;"associate to messrs. harris and bernstein"
773;"associate to miss aldredge"
778;"associate to miss white"
2108;"associate to mr. ahrens"
775;"associate to mr. aronstein"
1164;"associate to mr. bloch"
1075;"associate to mr. harris"
566;"associate to mr. mielziner"
1298;"associate to ms. aldredge"
1040;"associate to ms. lee"
1004;"associate to ms. white"
1133;"associate to the general manager"
938;"associate to the general managers"
602;"associate to the producer"
593;"associate to the producers"
1142;"associate to the production"
1281;"associate to wendell harrington"
2141;"associate u.s. set designer"
2139;"associate uk set designer"
2378;"associate video and projection designer"
1864;"associate video designer"
2248;"associate wig designer"
822;"author"
2543;"author (source material)"
2580;"author / director"
1763;"author of original novel"
1410;"automated lighting programmer"
1943;"automated lights programmer"
2179;"backing vocals"
2025;"balalaika, mandolin"
1422;"ballet and dance arrangements"
168;"ballet staging"
1363;"bamboo flutes/flute/piccolo"
2178;"band manager"
1014;"band member"
152;"banjo"
1447;"banjo / guitar"
1176;"banjo, mandolin"
599;"banjo, percussion"
2394;"banjo/guitar/mandolin/ukulele/harmonica"
761;"baritone sax and reeds"
2328;"baritone saxophone/percussion"
2721;"based on peccadillo by"
1181;"based on the original costume designs by"
294;"bass"
903;"bass & tuba"
1069;"bass - lena's trio"
186;"bass - tuba"
154;"bass and bass saxaphone"
986;"bass clarinet"
495;"bass drum"
947;"bass guitar"
1287;"bass guitar, cello, vocals"
1279;"bass guitarist, vocalist"
996;"bass player"
2986;"bass samisen, big bass drum, 17 reed pip"
497;"bass samisen, big bass drum, 17 reed pipe"
945;"bass trombone"
1525;"bass trombone / tuba"
1365;"bass trombone/tuba"
1271;"bass, bamboo flute"
1430;"bass, cello, vocals"
1456;"bass, electric bass"
999;"bass, tuba"
2020;"bass/electric bass"
2207;"bass/fretless bass"
2227;"bass/fretless electric bass"
2279;"bass/guitar"
2331;"bass/keyboards/percussion"
1900;"bass/tuba"
1561;"bassist"
682;"bassoon"
1449;"bassoon / tenor sax"
402;"bassoon, clarinet, alto saxaphone"
1253;"bassoon, clarinet, baritone sax"
1755;"bassoon/baritone sax/clarinet/bass clarinet/flute"
1110;"bassoon/clarinet/baritone sax"
2509;"bassoon/flute/clarinet"
499;"bell"
2173;"benefit director"
1941;"biographical research"
1745;"book"
699;"book (adaptation)"
75;"book (additional)"
1187;"book (new)"
697;"book (revisions)"
1268;"book and additional lyrics"
2012;"book and lyrics"
2785;"book and music"
2615;"book and original lyrics"
100;"book revisions"
998;"book revisions (doctoring)"
2059;"book revisions (translation)"
1878;"book writer"
1918;"book, lyrics and music"
2715;"book, music, and lyrics"
2729;"book, music, lyrics"
1907;"book/conceiver"
59;"book/lyrics (english)"
2096;"book/music and lyrics"
2097;"book/music and lyrics/on-air judge"
13;"bookwriter"
2954;"bookwriter & lyricist"
2499;"bookwriter ((new book))"
2500;"bookwriter ((original book))"
835;"bookwriter (1999 broadway revival)"
825;"bookwriter (adaptation)"
429;"bookwriter (addional material)"
310;"bookwriter (additional dialogue)"
2015;"bookwriter (additional material)"
1302;"bookwriter (additional text)"
343;"bookwriter (additional)"
1675;"bookwriter (construction)"
472;"bookwriter (dialogue)"
1023;"bookwriter (dialogue/narration)"
974;"bookwriter (doctored)"
1061;"bookwriter (editor)"
41;"bookwriter (english)"
1590;"bookwriter (in collaboration with)"
1191;"bookwriter (narration)"
1301;"bookwriter (narrative continuity)"
2285;"bookwriter (new book)"
1220;"bookwriter (original french text)"
645;"bookwriter (original french version)"
1676;"bookwriter (reconstruction)"
217;"bookwriter (revised book (1987))"
216;"bookwriter (revised book)"
1680;"bookwriter (revisions)"
2596;"bookwriter (selected text by)"
1067;"bookwriter (special material)"
1604;"bookwriter (translation)"
2696;"bookwriter / lyricist"
2952;"bookwriter, composer, & lyricist"
174;"bookwriter/composer"
62;"bookwriter/composer/lyricist"
2974;"bookwriter/composer/lyricist (additional"
82;"bookwriter/composer/lyricist (additional)"
2993;"bookwriter/composer/lyricist (in collabo"
668;"bookwriter/composer/lyricist (in collaboration with)"
36;"bookwriter/lyricist"
2405;"brand manager"
857;"brass"
2176;"brass section"
2287;"broadcast media/tv production"
1788;"business development"
52;"business manager"
953;"by arrangement with_rights"
2397;"cartoon & film consultant"
228;"casting"
1082;"casting (additional casting)"
2359;"casting (additional)"
2802;"casting (binder casting)"
1952;"casting (east coast)"
1171;"casting (los angeles)"
2113;"casting (new york)"
2395;"casting (ny)"
1484;"casting (original)"
2128;"casting (ted lefevre)"
2402;"casting (u.k.)"
2401;"casting (u.s.)"
2022;"casting (uk consultant)"
2035;"casting (uk)"
1792;"casting (us)"
1951;"casting (west coast)"
2834;"casting agent"
314;"casting assistant"
1266;"casting associate"
335;"casting consultant"
1724;"casting consultant (for elliot martin productions)"
527;"casting director"
2199;"casting director (adult)"
2198;"casting director (children)"
1599;"casting director at mtc"
2768;"casting- new york"
1607;"cellist"
194;"cello"
1460;"cello (1)"
1310;"cello (principal)"
1403;"cello 1"
1399;"cello 2"
2058;"cello and accordion"
1348;"cello i"
1353;"cello ii"
1681;"cello/erhu"
1556;"chicago casting"
639;"choral assistant to mr. allers"
167;"choral director"
25;"choreographer"
2927;"choreographer & music director"
231;"choreographer (""casanova"")"
985;"choreographer (act i - ""pierrot lunaire"")"
982;"choreographer (act ii - songs of a wayfarer)"
984;"choreographer (act iii - ""the lesson"")"
161;"choreographer (additional choreography)"
276;"choreographer (ballet choreography)"
1297;"choreographer (ballroom choreography)"
575;"choreographer (co-choreographer)"
2567;"choreographer (dances)"
975;"choreographer (doctored)"
2417;"choreographer (horse choreography)"
1323;"choreographer (ice choreography)"
1492;"choreographer (in the style of bob fosse)"
2087;"choreographer (irish dance choreography)"
2570;"choreographer (movement director)"
2467;"choreographer (movement)"
76;"choreographer (musical staging)"
537;"choreographer (original choreography)"
1620;"choreographer (original principal irish dance choregraphy)"
1572;"choreographer (original)"
1942;"choreographer (recreation - fosse)"
1940;"choreographer (recreation - robbins)"
482;"choreographer (recreation)"
1034;"choreographer (rope choreography)"
884;"choreographer (supervision)"
320;"choreographer (tap choreography)"
1750;"choreographic consultant"
2677;"choreography"
2970;"choreography and musical staging"
2939;"choreography/musical staging"
629;"chorus captain"
1616;"chorus master"
939;"circle in the square advertising"
1362;"circle in the square assoc. managing director for operations"
1099;"circle in the square casting"
1097;"circle in the square company manager"
1143;"circle in the square director of development"
1144;"circle in the square director of marketing"
1464;"circle in the square director of marketing and developement"
1463;"circle in the square general manager"
3005;"circle in the square general press repre"
894;"circle in the square general press representative"
1465;"circle in the square management consultant"
1098;"circle in the square pr director"
1379;"circle in the square press agent"
3008;"circle in the square press representativ"
925;"circle in the square press representative"
994;"circle in the square public relations director"
1145;"circle in the square senior press agent"
1096;"circle in the square theatre consultant"
2551;"circus creator"
214;"clarinet"
187;"clarinet - bass clarinet - saxophone"
1446;"clarinet / bass clarinet / alto sax"
1230;"clarinet and alto saxophone"
391;"clarinet and flute"
764;"clarinet and saxaphone"
689;"clarinet and saxophone"
1612;"clarinet, bass clarinet"
1647;"clarinet, bass clarinet, alto sax, soprano sax"
2431;"clarinet, bass clarinet, bassoon, baritone"
1252;"clarinet, bass clarinet, flute"
2515;"clarinet, bass clarinet, tenor sax"
2029;"clarinet, flute"
1811;"clarinet, flute, piccolo, bass clarinet, e-flat clarinet, tenor sax"
521;"clarinet, saxophone"
1338;"clarinet/bass clarinet"
2284;"clarinet/bass clarinet/bassoon"
2393;"clarinet/bass clarinet/flute/piccolo"
1994;"clarinet/bass clarinet/tenor recorder"
2506;"clarinet/e flat clarinet/bass clarinet"
1551;"clarinet/e. flat clarinet"
1764;"clarinet/eb clarinet/bass clarinet/soprano sax"
1432;"clarinet/flute"
1112;"clarinet/flute/alto sax"
1749;"clarinet/sax"
1367;"clarinet/saxophone"
1768;"clothing stylist"
2946;"co-assistant sound design"
2876;"co-book writer"
2628;"co-bookwriter"
942;"co-choreographer"
2066;"co-choreographer (original)"
2831;"co-composer/co-music director"
2858;"co-conceiver"
2830;"co-creator"
1966;"co-director"
2846;"co-director, choreographer"
2471;"co-librettist"
2815;"co-lighting designer"
2565;"co-lyricist & co-composer"
2947;"co-makeup design"
2868;"co-music supervisor"
2807;"co-orchestrator"
2790;"co-orchestrator and arrangements"
2809;"co-orchestrator, music supervisor and music arranger"
1066;"co-producer"
2559;"co-producer (original)"
2840;"co-projection designer"
2963;"co-sound design"
2002;"comapny manager"
2713;"comedy direction"
2676;"comedy stunt coordinator"
2817;"commissioned by"
1822;"company management assistant"
67;"company manager"
2220;"company manager assistant"
179;"company press representative"
458;"company stage manager"
12;"composer"
2900;"composer & lyricist"
2555;"composer & sound designer"
551;"composer (""girls of summer"")"
2998;"composer (additional music - 1999 broadw"
836;"composer (additional music - 1999 broadway revival)"
66;"composer (additional music)"
22;"composer (additional)"
1425;"composer (dance music (additional))"
1508;"composer (incidental music - ""andante cantabile"" from string quartet # 1 in d)"
43;"composer (incidental music)"
805;"composer (incidental)"
3011;"composer (music for \""i found god in mys"
973;"composer (music for \""i found god in myself\"")"
2152;"composer (original music & arrangement)"
1209;"composer (original music)"
324;"composer (original)"
1666;"composer (songs from ""sunday in the park with george"")"
2418;"composer (songs)"
2643;"composer and sound design"
2775;"composer and sound designer"
2804;"composer, lyricist"
40;"composer/lyricist"
51;"composer/lyricist (additional)"
1068;"composer/lyricist (original)"
759;"composer/lyricist (revisions)"
2765;"composers"
737;"comptroller"
97;"conceiver"
2005;"conceiver (original)"
447;"concept"
1987;"conception, book and original french lyrics"
123;"concert master"
1155;"concert mistress"
259;"concertina player"
1256;"concertmaster"
1299;"concertmaster / piano"
1229;"concertmistress"
18;"conductor"
2976;"conductor (with his celebrated plantatio"
134;"conductor (with his celebrated plantation orchestra)"
421;"conductor and harpist"
2348;"conductor/keyboard"
806;"consultant"
1859;"consulting dramaturg"
1137;"consulting producer"
976;"content"
1913;"contrabassoon"
1127;"coordinating producer"
1101;"coordinator for cbs broadcasting group"
1084;"coordinator for little prince productions, ltd."
489;"copyist"
574;"copyist supervisor"
2738;"costume and scenic designer"
817;"costume assistant"
1845;"costume associate"
500;"costume consultant"
624;"costume coordinator"
2931;"costume desginer"
2603;"costume design"
2884;"costume design supervisor"
24;"costume designer"
1319;"costume designer (""a funny thing happened on the way to the forum"")"
1315;"costume designer (""billion dollar baby,"" ""west side story,"" ""the king and i"")"
1321;"costume designer (""fiddler on the roof"")"
1311;"costume designer (""gypsy"")"
1320;"costume designer (""high button shoes"")"
1306;"costume designer (""on the town"")"
1304;"costume designer (""peter pan,"" ""miss liberty"" and ""call me madam"" (""mr. monotony"
2980;"costume designer (""you don't love right"""
232;"costume designer (""you don't love right"", ""harlem waltz"" and ""midnight blue"" cos"
983;"costume designer (act iii - ""the lesson"")"
2309;"costume designer (additional costumes)"
918;"costume designer (additional)"
2333;"costume designer (based on original designs by)"
89;"costume designer (bear costumes)"
204;"costume designer (co-costume designer)"
159;"costume designer (costumes for act one)"
2977;"costume designer (costumes for acts two "
160;"costume designer (costumes for acts two and three)"
2981;"costume designer (ensemble costumes for "
233;"costume designer (ensemble costumes for ""sentimental weather"" and ""isle in the w"
3003;"costume designer (miss clayburgh's speci"
885;"costume designer (miss clayburgh's special bedroom costumes)"
140;"costume supervisor"
1793;"costume supervisor (uk)"
2929;"costumer designer"
98;"costumes"
208;"costumes (additional)"
1701;"costumes (coodinator)"
285;"costumes (gowns)"
94;"costumes (men’s)"
95;"costumes (mr. walker’s)"
443;"costumes (original designs)"
218;"costumes (original)"
207;"costumes (supervision)"
88;"costumes (the four seasons’ ballet)"
96;"costumes (women’s)"
2461;"costumes designer"
227;"costumes supervisor"
342;"costumes/lighting"
2183;"cover photo"
1795;"cover photography"
2566;"creative advertising design & website"
2318;"creative advisor"
2871;"creative and music director"
2100;"creative associate to mr. holmes"
1475;"creative associate to mr. marshall"
635;"creative consultant"
2490;"creative director"
2766;"creative guide"
2949;"creative producer"
2668;"creative supervisor"
1623;"creator"
2572;"creator and director"
2912;"creator/developer"
2897;"creature designer"
1539;"cuatro / guitar"
2451;"cultural advisor"
2627;"dance and incidental music"
2679;"dance and incidental music arrangements"
1368;"dance and incidental music arranger"
1439;"dance arrangements"
403;"dance arrangements (additional)"
381;"dance arrangements (ballet)"
2754;"dance arrangements and incidental music"
2686;"dance arrangements and orchestrations"
2454;"dance arranger"
1920;"dance arranger (additional)"
2917;"dance arrangments"
1730;"dance assistant"
355;"dance captain"
1356;"dance captain (co-dance captain)"
1619;"dance captain (irish dance troupe)"
1621;"dance captain (tappers)"
1796;"dance consultant"
380;"dance music"
427;"dance music (additional)"
406;"dance music (ballet)"
132;"dance music arranger"
1318;"dance music arranger (""a funny thing happened on the way to the forum,"" ""fiddler"
1312;"dance music arranger (""miss liberty"" and ""call me madam"" (""mr. monotony""))"
1313;"dance music arranger (""the king and i"")"
1747;"dance music arranger (additional)"
2347;"dance music arranger (original)"
855;"dance queen"
2121;"dance sequences"
1622;"dance supervisor"
170;"dance/ensemble staging"
669;"dance/incidental arrangements"
552;"dance/incidental music"
664;"dance/incidental music (ballet)"
1983;"dance/incidental music arranger"
640;"dance/vocal arrangements"
144;"dances/ensembles"
2864;"darbuka"
2648;"design"
2396;"design consultant"
2549;"design supervisor"
2650;"designer"
2925;"developed by"
2406;"development (developed in association with)"
2474;"dialect & vocal coach"
1789;"dialect and vocal coach"
2135;"dialect and voice coach"
745;"dialect coach"
2040;"dialect coach (for ms. jones)"
2200;"dialect coach (uk)"
1019;"dialect consultant"
1504;"dialect/vocal coach"
1630;"dialectician"
2966;"dialects"
104;"dialogue"
2236;"dialogue & vocal coach"
2080;"dialogue and vocal coach"
1959;"dialogue coach"
1495;"didjeridu, wind instruments"
2445;"digital advertising"
2554;"digital outreach & website"
2594;"digital outreach/website/video"
2697;"direction"
31;"director"
2895;"director & choreographer"
2166;"director (""a bus stop play"")"
1738;"director (""a long story"")"
1778;"director (""baby food"")"
1885;"director (""claire's intervention"")"
1737;"director (""crazy eights"")"
1735;"director (""dance of life"")"
2167;"director (""dave chappelle is not crazy"")"
2171;"director (""i.p"")"
2055;"director (""jack on film"")"
1734;"director (""mars has never been this close"")"
2164;"director (""open house"")"
1739;"director (""pleasure"")"
1884;"director (""pressure is a privelege"")"
1736;"director (""sleep deprived"")"
2165;"director (""tenure"")"
1880;"director (""that other person"")"
2054;"director (""the blizzard"")"
2052;"director (""the first tree in antarctica"")"
2046;"director (""the sunday times"")"
1883;"director (""this is now"")"
2056;"director (""three girls and bob"")"
2057;"director (""toccata and fugue"")"
2170;"director (""wakey wakey"")"
1777;"director (""why should i vote"")"
1212;"director (additional staging)"
266;"director (additional)"
163;"director (book direction)"
158;"director (book staging)"
212;"director (book)"
108;"director (co-director)"
110;"director (dialogue director)"
220;"director (dialogue)"
90;"director (general stage director)"
1670;"director (in association with)"
1489;"director (original production)"
2110;"director (original)"
768;"director (recreation)"
211;"director (sketches director)"
281;"director (sketches)"
34;"director (stage director)"
2982;"director (staging for ""peace and the dip"
244;"director (staging for ""peace and the diplomat"")"
38;"director (staging)"
2612;"director and choreographer"
1361;"director of marketing"
2182;"director of production (the mccarter theatre center)"
2960;"director, additional arrangements"
2736;"director, choreographer"
2727;"director, musical staging, scenic designer"
28;"director/choreographer"
433;"director/choreographer (recreation)"
2832;"director/co-creator"
1189;"director/designer"
2327;"djembe drummer"
1158;"dog training and handling"
2337;"donmar executive producer"
1149;"double bass"
1762;"draftsman"
1197;"dramaturg"
2144;"dramaturg (uk)"
2466;"dramaturge"
2943;"dramaturgy"
2244;"dresser"
111;"dresses"
1899;"drum set"
2586;"drum, tambourine, baroque timpani"
457;"drummer"
2429;"drummer, small percussion"
137;"drums"
1677;"drums & percussion"
1535;"drums / percussion"
1809;"drums and percussion"
295;"drums and violin"
2223;"drums, latin/brazilian percussion"
1458;"drums, percussion"
2188;"drums, percussion, synthesizer"
1461;"drums, vocals"
2093;"drums/bodhran"
2278;"drums/djembe/orchestra bells"
1234;"drums/electronic percussion"
1048;"drums/percussion"
2001;"drums/percussion (additional percussion arrangements)"
1628;"electric and acoustic bass"
1986;"electric and upright basses"
1291;"electric bass"
1981;"electric bass/bass synthesizer"
731;"electric guitar"
1953;"electric, acoustic, 12-string guitars"
2189;"electric/acoustic guitars, mandolin"
70;"electrical effects designer"
2905;"electronic music design"
2235;"electronic music designer"
2086;"electronic music programmer"
2747;"engagement management"
1910;"english horn"
1854;"english translation"
2857;"etiquette and period movement"
1695;"exclusive tour direction"
1803;"exclusive tour director"
1519;"executive music producer"
412;"executive producer"
2843;"executive producer (ambassador theatre group)"
1644;"executive producer (littlestar ltd.)"
944;"executive producer of nysf"
841;"exexutive producer"
1726;"eyebrow designer"
2908;"fashion designer"
790;"fender bass"
824;"fender bass and guitar"
952;"fiddle"
951;"fiddle and mandolin"
2089;"fiddle/violin"
2734;"fight and military movement"
1073;"fight captain"
2384;"fight choreographer"
1712;"fight consultant"
2045;"fight coordinator"
1160;"fight direction"
173;"fight director"
1570;"fight director (battles)"
2142;"fight director (original)"
2146;"fight director (us)"
1798;"fight staging"
1501;"film"
765;"film sequences"
651;"film sequences (cartoons)"
2550;"fire effects designer"
1817;"first assistant scenic designer"
807;"first assistant stage manager"
1837;"first bassoon"
1836;"first clarinet"
300;"first piano"
1830;"first trombone"
1831;"first trumpet"
829;"first violin"
392;"flute"
190;"flute - saxophone"
1841;"flute / clarinet"
1411;"flute / clarinet / sax"
1443;"flute / clarinet / soprano sax"
1615;"flute / clarinet / tenor sax"
1396;"flute / piccolo"
713;"flute / piccolo / alto flute"
498;"flute and 7 opening reed"
1224;"flute and piccolo"
1609;"flute, alto flute, piccolo, soprano recorder"
401;"flute, clarinet, 1st saxaphone"
1178;"flute, clarinet, alto sax"
1840;"flute, clarinet, baritone sax"
496;"flute, large hand drum"
1455;"flute, piccolo, alto flute"
2432;"flute, piccolo, alto sax, soprano sax"
1254;"flute, piccolo, clarinet"
1804;"flute, piccolo, clarinet, soprano sax, harmonica"
1934;"flute/ piccolo/ alto flute/ bass flute"
1601;"flute/alto flute/piccolo"
1549;"flute/alto sax/soprano sax/ bass clarinet"
1265;"flute/clarinet"
1517;"flute/clarinet/bass clarinet"
2217;"flute/clarinet/bass clarinet/alto saxophone"
1386;"flute/oboe/clarinet/alto sax"
1366;"flute/piccolo"
1337;"flute/piccolo/alto flute"
1989;"flute/piccolo/alto flute/alto recorder"
1756;"flute/piccolo/alto flute/recorder/whistle"
1148;"flute/piccolo/recorder"
1105;"flute/piccolo/tenor sax"
1150;"flute/recorder"
1107;"flute/tenor/soprano sax"
1975;"flutes"
1679;"flutes/bamboo flutes/dizi"
545;"flutist"
1605;"flying designer"
515;"flying effects"
514;"flying effects (supervision)"
1673;"flying sequences designer"
1922;"for clear channel entertainment"
2124;"founding director"
397;"french horn"
1453;"french horn (2)"
1314;"french horn (principal)"
1400;"french horn 1"
1397;"french horn 2"
2201;"french horn/tenor horn"
1364;"french horns"
1258;"furs"
2661;"geffen sound design"
1637;"general management"
2292;"general management (uk)"
2386;"general management assistant"
2041;"general management associate"
2863;"general management consultant"
39;"general manager"
2441;"general manager (american airlines theatre)"
2712;"general manager (manhattan theatre club)"
2130;"general manager (u.s.)"
2323;"general manager (uk)"
2322;"general manager (us)"
2157;"general manager assistant"
1703;"general manager associate"
738;"general manager for alexander h. cohen"
1531;"general manager richards / climan, inc."
2638;"general manager/executive producer"
2819;"general manager/marketing director"
2037;"general managment associate"
2042;"general press agent"
80;"general press representative"
84;"general stage manager"
1121;"glass figurines"
2829;"glenn close costume designer"
1693;"glockenspiel (onstage)"
1704;"golda meir makeup"
312;"gowns designed by"
2798;"graphic & video designer"
1043;"graphic design"
1865;"graphic designer"
2251;"group sales/marketing"
2174;"guiatars"
652;"guitar"
1688;"guitar (onstage)"
889;"guitar / banjo"
1536;"guitar / harmonica"
712;"guitar / harmonium"
1554;"guitar / mandolin / zither / autoharp"
1643;"guitar 1"
2264;"guitar 1 (electric/acoustic/harmonica/banjo/lap steel guitar)"
1639;"guitar 2"
2265;"guitar 2 (electric/acoustic/ukelele/mandolin)"
823;"guitar and acoustic guitar"
902;"guitar and banjo"
763;"guitar and bass"
967;"guitar and fiddle"
853;"guitar and flute"
1051;"guitar and guitar synthesizer"
2258;"guitar instructor"
2137;"guitar player and drums"
2259;"guitar technician"
2225;"guitar, acoustic nylon/steel-string guitars"
1347;"guitar, banjo"
2060;"guitar, hawaiian guitar, banjo, and mandolin"
1431;"guitar, mando, vocals"
827;"guitar, mandolin and bass"
1288;"guitar, vocals"
1002;"guitar-harmonica, banjo, flute"
1322;"guitar/banjo"
1968;"guitar/banjo/e-bow"
1553;"guitar/banjo/mandolin"
1655;"guitar/banjo/ukelele"
2425;"guitar/keyboard"
2260;"guitar/keyboard/backing vocals"
1828;"guitar/mandolin/lute"
2324;"guitar/percussion"
1682;"guitar/pipa"
2209;"guitar/variax"
580;"guitarist"
523;"guitarist for mr. belafonte"
1560;"guitarist, backing vocalist"
1277;"guitarist, vocalist"
860;"guitars"
1329;"guitars and basses provided from their reissue collection by"
977;"guitars by"
1985;"guitars, banjo"
1984;"guitars, banjo, dobro, harmonica"
927;"guitars, banjo, harmonica"
1808;"guitars, banjo, mandolin"
1232;"guitars/banjo"
1748;"guitars/mandolin"
2000;"guitars/sitar/banjo/mandolin"
2527;"gym captain"
2922;"hair & make-up designer"
2968;"hair & makeup design"
2893;"hair & makeup designer"
2953;"hair & wig design"
839;"hair & wig designer"
2699;"hair and make-up design"
1816;"hair and make-up designer"
2642;"hair and makeup design"
2737;"hair and makeup designer"
1225;"hair and wig coordinator"
2605;"hair and wig design"
470;"hair and wig designer"
2308;"hair and wig designer (for ms. fonda)"
2789;"hair and wig, make-up designer"
2622;"hair design"
328;"hair designer"
1873;"hair designer and supervisor"
2793;"hair designer/make-up designer"
1727;"hair supervisor"
2392;"hair, wig & make-up designer"
2652;"hair, wig and make-up design"
2962;"hair, wig and makeup designer"
2909;"hair, wig, and make-up designer"
2938;"hair, wig, and makeup designer"
2950;"hair, wigs & makeup design"
2811;"hair, wigs and makeup design"
2794;"hair, wigs, and makeup"
1786;"hanging effects designer"
2647;"haor and wig design"
2666;"hari and wig designer"
1333;"harmonica"
1690;"harmonica (onstage)"
1334;"harmonica, saw, jaw harp, banjo"
2391;"harmonium"
252;"harp"
296;"harp and viola"
2083;"harp/gaelic harp"
540;"harpsichord"
561;"harpsicord"
2488;"henrik ibsen (source material)"
1083;"horn"
1977;"horn 1"
1972;"horn 2"
1219;"horn i"
1216;"horn ii"
958;"horns"
1440;"horns/orchestra contractor"
2102;"house contractor"
68;"house manager"
1022;"hudson guild theatre associate director"
2757;"illusion consultant"
2659;"illusion design"
2613;"illusion designer"
2797;"illusion specialist"
2701;"illusions"
2883;"illusions and magic"
2881;"illusions and magic associate"
1980;"illusions designer"
2818;"in association with"
1958;"incidental & dance music arranger"
1523;"incidental music arranger"
2316;"interactive"
2219;"interactive marketing"
2216;"interactive marketing (situation marketing)"
2569;"interactive marketing service"
2404;"interactive online marketing strategy"
2363;"internet marketing"
2342;"internet marketing & web designer"
2317;"internet marketing/web design"
1781;"interpreter"
2945;"intimacy director"
1805;"italian language coach"
2398;"key art"
1820;"key i"
870;"keyboard"
2232;"keyboard (swing)"
1555;"keyboard / accordian"
1699;"keyboard / alternate piano"
1537;"keyboard / flute / accordian"
1290;"keyboard 1"
1015;"keyboard 2"
1917;"keyboard 2 and accordion"
2294;"keyboard 2 and organ"
2263;"keyboard 2/accordion"
1751;"keyboard 2/guitar 2"
2562;"keyboard 2/guitars"
1202;"keyboard 3"
1640;"keyboard 4"
1417;"keyboard i"
1906;"keyboard ii"
2064;"keyboard iii"
1923;"keyboard programmer"
1964;"keyboard programming"
1511;"keyboard synthesizers"
2377;"keyboard/accordion"
2560;"keyboard/drum programmer"
2413;"keyboard/guitar"
2262;"keyboard/guitar/backing vocals"
1278;"keyboardist"
776;"keyboards"
1452;"keyboards (3)"
1692;"keyboards (onstage)"
1462;"keyboards, guitar, vocals"
1286;"keyboards, vocals"
2229;"latin assistant choreographer"
1441;"lct artistic associate"
1888;"lct associate director of development"
1629;"lct associate general manager"
1603;"lct associate producer, musical theatre"
1889;"lct associate production manager"
1330;"lct casting"
1207;"lct casting director"
1208;"lct company manager"
2320;"lct director of casting"
1195;"lct director of development"
2446;"lct director of development and planning"
1199;"lct director of marketing"
1646;"lct director of marketing & special events"
1494;"lct director of marketing & special projects"
1393;"lct director of musical theater"
1241;"lct dramaturg"
1193;"lct general manager"
1200;"lct general press agent"
1194;"lct general press representative"
1891;"lct management assistant"
2447;"lct managing director"
1548;"lct musical theatre associate producer"
1890;"lct press associate"
1496;"lct press representative"
1196;"lct production manager"
1810;"lead assistant set designer"
887;"lead clarinet"
928;"lead guitar"
843;"lead guitarist"
1700;"lead sax/percussion"
886;"lead saxaphone"
891;"lead trompbone"
890;"lead trumpet"
1765;"lead trumpet/fluegel horn"
2222;"lead trumpet/flugelhorn"
16;"librettist"
1669;"librettist (english)"
87;"librettist (original french libretto)"
14;"libretto"
48;"libretto (english)"
50;"libretto (french)"
49;"libretto (german)"
929;"libretto/music"
112;"light effects"
2919;"light programmer"
2918;"lighting"
1065;"lighting (execution)"
1185;"lighting (supervision)"
2801;"lighting consultant"
2602;"lighting design"
2707;"lighting design (part 1)"
2708;"lighting design (part 2)"
58;"lighting designer"
2072;"lighting designer (adaptation)"
1856;"lighting designer (original)"
1855;"lighting designer (recreation)"
2140;"lighting designer (uk)"
1740;"lighting designer (was replaced in previews)"
2177;"lighting director"
2568;"lighting programmer"
410;"lighting supervisor"
2941;"lights"
866;"lincoln center casting director"
3001;"lincoln center public relations assistan"
867;"lincoln center public relations assistant"
3002;"lincoln center public relations associat"
868;"lincoln center public relations associate"
865;"lincoln center public relations director"
2913;"line producer"
1857;"logo & design"
2155;"logo and artwork design"
1780;"logo art"
1799;"logo artwork"
1141;"logo design"
1026;"logo designer"
2587;"lute, theorbo, cittern"
6;"lyricist"
616;"lyricist (additional lyrics)"
83;"lyricist (additional)"
1201;"lyricist (english)"
1893;"lyricist (featured lyrics)"
184;"lyricist (french)"
1210;"lyricist (original lyrics)"
1510;"lyricist (rafiki's chants)"
2578;"lyricist / co-creator"
78;"lyrics"
74;"lyrics (additional)"
93;"lyrics (english)"
313;"lyrics (new)"
2806;"lyrics and book"
2907;"maestro"
923;"magic"
2343;"magic & illusions consultant"
1046;"magic (direction)"
1045;"magic (production designer)"
1478;"magic consultant"
2625;"make up designer"
2136;"make-up & prosthetics designer"
757;"make-up consultant"
518;"make-up consultant for mr. schildkraut"
2639;"make-up design"
2081;"make-up design assistant"
337;"make-up designer"
2307;"make-up designer (for ms. fonda)"
2296;"makeup & hair designer"
1785;"makeup and tattoo designer"
2611;"makeup design"
2410;"makeup designer"
2437;"makeup designer (special)"
2838;"makeup designer/hair designer"
1086;"mallets"
1512;"mallets/percussion"
1990;"mallets/timpani/percussion"
981;"management assistant"
1016;"management associate"
956;"manager"
103;"managing director"
1903;"mandolin"
831;"mandolin, classic guitar and bass violin"
1707;"manhattan ensemble theater business manager"
1706;"manhattan ensemble theater creative director"
1710;"manhattan ensemble theater general manager"
1708;"manhattan ensemble theater marketing associate"
837;"marketing"
2598;"marketing & press outreach"
2319;"marketing & promotions"
1636;"marketing (us)"
1627;"marketing and promotions"
2522;"marketing assistant"
1335;"marketing consultant"
1851;"marketing consultants"
2116;"marketing director"
1926;"marketing manager"
2539;"marketing outreach"
2360;"marketing, promotional and digital services"
156;"mask designer"
379;"masks"
81;"master carpenter"
422;"master electrician"
56;"master machinist"
1714;"mccarter theatre center dramaturg"
1713;"mccarter theatre center producing director"
1094;"media"
2561;"media designer"
143;"men's clothes"
2753;"mindich chair musical theater associate producer"
2682;"mindich chair musical theatre associate producer"
1503;"miss lavin's fur"
2286;"movement"
2723;"movement and fight choreographer"
2123;"movement and protocol"
2850;"movement coach"
1992;"movement consultant"
1862;"movement coordinator"
2032;"movement director"
2242;"movement director (additional movement)"
2245;"movement director (original movement)"
1479;"moving light programmer"
1596;"moving lights programmer"
1159;"ms. gleason's fur"
1123;"ms. tandy's wig designer"
1413;"ms. williams' makeup designer and artist"
2160;"mtc acting artistic director (2007-08 season)"
2380;"mtc artistic line producer"
2419;"mtc artistic producer"
2159;"mtc associate art director of programming"
1378;"mtc associate artistic director"
2252;"mtc associate artistic director/production"
1863;"mtc associate general manager"
1072;"mtc casting"
1718;"mtc director of artistic development"
1772;"mtc director of artistic operations"
1771;"mtc director of artistic production"
1600;"mtc director of casting"
1719;"mtc director of development"
1723;"mtc director of marketing"
1377;"mtc general manager"
1773;"mtc production manager"
1722;"mtc production manager / director of capital projects"
1569;"multimedia"
797;"multimedia (media/photography)"
1261;"mumm champagne"
2303;"mural illustrator"
11;"music"
2957;"music & lyrics"
60;"music (additional)"
29;"music (original)"
1085;"music adaptation"
1392;"music adaptation (duo piano)"
2951;"music and arrangements"
2184;"music and lyrics"
1925;"music and vocal arranger (additional)"
2641;"music arranged"
7;"music arrangements"
273;"music arrangements (additional)"
347;"music arrangements (piano)"
1025;"music arrangements (special arrangements)"
27;"music arranger"
1093;"music arranger (""star spangled banner"")"
263;"music arranger (additional arrangements)"
2389;"music arranger (additional drum and percussion arrangements)"
2314;"music arranger (additional guitar arrangements)"
1702;"music assistant"
2739;"music composition"
969;"music consultant"
192;"music contractor"
2725;"music coordination"
2350;"music coordinator"
1902;"music copying"
2090;"music copying and preparation"
480;"music copyist"
2512;"music copyist (new york)"
614;"music copyist supervisor"
1895;"music department assistant"
2709;"music design"
2681;"music direction"
2724;"music direction and arrangements"
2924;"music direction, arrangements, & original music"
2421;"music director"
2440;"music director & conductor"
2574;"music director / conductor / arrangements"
2916;"music director and arranger"
2934;"music director and producer"
2720;"music director and vocal arranger"
2733;"music director, arranger"
2784;"music director, conductor"
2731;"music director, orchestrator, co-arranger"
2826;"music director/conductor"
2778;"music director/supervisor"
2535;"music licensing"
2624;"music licensing (by arrangement with)"
511;"music preparation"
680;"music preparation supervisor"
1518;"music producer"
2714;"music supervision"
2969;"music supervision and orchestrations"
2901;"music supervision, arrangements and orchestrations"
2760;"music supervision, arrangements, and orchestrations"
2728;"music supervision, arrangements, orchestrations"
2914;"music supervision, orchestrations and incidental music"
2735;"music supervision, vocal and dance arrangements"
2700;"music supervision/dance and incidental music arrangements"
2457;"music supervisor"
2510;"music supervisor & arranger"
2575;"music supervisor / arrangements"
2763;"music supervisor and arrangements"
2749;"music supervisor and arranger"
2820;"music supervisor and director/conductor"
2751;"music supervisor and vocal arranger"
2813;"music supervisor, musical arranger"
2795;"music supervisor, orchestrator, additional arrangements"
2453;"music supervisory and director"
2514;"music technology"
2255;"music transcription"
2261;"music transcription & consultant"
2683;"music, lyrics"
2684;"music, lyrics, orchestration"
2685;"music, lyrics, orchestrations"
92;"music/lyrics"
1120;"musical adaptation"
357;"musical advisor"
2872;"musical arrangements"
1938;"musical concepts"
1138;"musical consultant"
409;"musical coordinator"
2694;"musical direction"
2664;"musical direction and arrangements"
30;"musical director"
1633;"musical director & vocal arranger"
1077;"musical director (assistance)"
171;"musical director (choral)"
2595;"musical director (original)"
2031;"musical director (uk)"
209;"musical director (vocal)"
2808;"musical director and conductor"
2926;"musical director and vocal arrangements"
2786;"musical director and vocal arranger"
2867;"musical director/co-music supervisor"
1420;"musical director/vocal arrangements"
2614;"musical staging"
2616;"musical supervision"
2888;"musical supervision and direction"
131;"musical supervisor"
2372;"musical supervisor (original)"
1575;"musical/vocal arrangements"
128;"musician"
445;"national press representative"
1369;"neverland scenery designed by"
2618;"new orchestrations"
2965;"novelist/librettist"
934;"nysf advertising"
1482;"nysf artistic associate"
1470;"nysf artistic producer"
834;"nysf associate press representative"
1467;"nysf associate producer"
935;"nysf at lincoln center company manager"
901;"nysf at lincoln center general manager"
3010;"nysf at lincoln center press representat"
940;"nysf at lincoln center press representative"
3006;"nysf at lincoln center production manage"
899;"nysf at lincoln center production manager"
830;"nysf casting"
848;"nysf casting director"
962;"nysf director of play development"
1481;"nysf dramaturg"
1466;"nysf executive director"
1469;"nysf executive producer"
845;"nysf general manager"
936;"nysf general mangager"
846;"nysf general press representative"
1625;"nysf managing director"
1483;"nysf marketing"
828;"nysf press representative"
832;"nysf production manager"
900;"nysf production supervisor"
849;"nysf resident press representative"
1546;"nysf senior director, external affairs"
847;"nysf technical director"
683;"oboe"
185;"oboe - saxophone"
1402;"oboe / english horn"
1221;"oboe and english horn"
400;"oboe, clarinet, tenor saxaphone"
2430;"oboe, eh, fl, clarinet, tenor"
1611;"oboe, english horn"
1255;"oboe, english horn, clarinet, flute"
1812;"oboe, english horn, piccolo, clarinet, alto sax"
1074;"oboe, english horn, pipes, tabor"
1177;"oboe, flute, clarinet"
1672;"oboe/ english horn"
1109;"oboe/english horn"
1761;"oboe/english horn/bass oboe"
1011;"on stage musician"
1528;"on-stage trio"
2349;"online advertising, marketing & design"
2438;"online marketing"
1686;"orchesorchestratortrations"
315;"orchestra contractor"
69;"orchestra director"
202;"orchestra manager"
292;"orchestra personnel manager"
1988;"orchestral adaptation"
1933;"orchestration supervisor"
2576;"orchestrations"
1324;"orchestrations (supervision)"
654;"orchestrations (vocal)"
2904;"orchestrations and arrangements"
2906;"orchestrations, arrangements, & musical supervision"
2990;"orchestrations/additional arrangements ("
655;"orchestrations/additional arrangements (ballet arrangements)"
223;"orchestrations/arrangements"
1050;"orchestrations/dance arrangements"
767;"orchestrations/vocal arrangements"
65;"orchestrator"
2985;"orchestrator (""opening - theatre is a la"
452;"orchestrator (""opening - theatre is a lady"", ""a man's home"", ""roundabout"", ""clea"
2984;"orchestrator (""roll along, sadie"", ""purp"
451;"orchestrator (""roll along, sadie"", ""purple rose"" and ""just like a man"")"
1238;"orchestrator (""wasn't it romantic"" orchestrated by)"
141;"orchestrator (additional orchestrations)"
2345;"orchestrator (additional)"
577;"orchestrator (co- orchestrator)"
2133;"orchestrator (googie's musical number)"
736;"orchestrator (new orchestrations)"
1424;"orchestrator (orchestration adaptations)"
1485;"orchestrator (original orchestrations)"
2341;"orchestrator (original)"
1031;"orchestrator (special orchestrations)"
2933;"orchestrator, arranger, music supervisor"
2805;"orchestrator, musical supervisor"
1967;"orchestratrator"
1649;"organist"
1879;"original author"
2759;"original book"
2899;"original bookwriter"
2710;"original casting"
2792;"original choreographer"
2680;"original choreography"
2932;"original chorepgrapher"
2382;"original commissioner"
1499;"original concept and additional lyrics"
2822;"original design concept"
2646;"original music"
2940;"original music & sound"
2923;"original music & sound design"
2849;"original music and sound"
2711;"original music and sound design"
2756;"original music and sound designer"
2788;"original music, sound design"
2955;"original novel"
2752;"original orchestrator"
1328;"original producer"
2112;"original producer (commissioned by and world premiere production)"
1327;"original production"
2761;"original score"
2878;"original story"
2879;"original story and playwright"
1995;"original text"
1770;"original workshop"
2865;"oud"
1715;"outreach coordinator"
1759;"oz map designer"
2122;"page to stage producer"
1728;"pageant consultant"
812;"party musician"
2003;"pedal steel guitar"
2298;"percrussion"
150;"percussion"
1848;"percussion #1"
1849;"percussion #2"
2233;"percussion (swing)"
1588;"percussion / synthesizer"
1468;"percussion / violin"
760;"percussion and hand drums"
2230;"percussion, latin/brazilian percussion"
2190;"percussion, mallets, timpani, latin, electronic"
2224;"percussion, mallets, timpani, latin/brazilian percussion"
1249;"percussion, shakuhachi and guitar"
598;"percussion, tympani"
1285;"percussion, vocals"
1442;"percussion/assistant conductor"
1999;"percussion/drums"
1233;"percussion/hadgini drums/drum machine/sequencing"
2271;"percussion/latin/mallets/toys/timpani"
2073;"percussion/mallets/latin/timpani"
1769;"performance consultant"
1;"performer"
1819;"period movement consultant"
1490;"personal assistant (to ken billington)"
1626;"personal publicity for mr. leguizamo"
1791;"photographer"
2470;"physical comedy director"
2915;"physical movement coordinator"
2365;"physical trainer"
126;"pianist"
200;"pianists"
138;"piano"
1154;"piano & synthesizer"
888;"piano / accordian"
1591;"piano / vocals"
1597;"piano, keyboard"
1339;"piano/celeste"
1754;"piano/keyboard"
1558;"piano/keyboards"
1111;"piano/synthesizer"
1592;"piano/vocals"
1521;"piccolo"
600;"piccolo, flute"
2504;"piccolo/flute/alto flute"
2653;"plawright"
44;"play"
1720;"playbill cover photography"
5;"playwright"
1663;"playwright (""3 a.m."")"
1662;"playwright (""a word from tony kushner"")"
1661;"playwright (""e-mail"")"
1664;"playwright (""extra"")"
2444;"playwright (""george is dead"")"
1665;"playwright (""ghost light"")"
2442;"playwright (""honeymoon motel"")"
1660;"playwright (""i hate my purse"")"
1659;"playwright (""show people"")"
2443;"playwright (""talking cure"")"
2118;"playwright (adaptation)"
1383;"playwright (chinese coffee)"
2407;"playwright (new english adaptation)"
2489;"playwright (new version)"
178;"playwright (original (german))"
1384;"playwright (salome)"
2119;"playwright (source material)"
2409;"playwright (stage and film adaptation collaborator)"
2408;"playwright (stage and film adaptation)"
1775;"playwright (why should i vote)"
1774;"playwright assistant"
1326;"playwright's assistant"
2852;"playwright, composer"
2958;"playwrite"
1832;"plaza frogs soundscape"
1654;"poet"
1161;"poster & logo design"
1861;"poster art"
1140;"poster design"
612;"poster designer"
1716;"poster photo"
1800;"pre-show announcement"
1867;"presented by arrangement with"
32;"presenter"
2597;"presenter (based on production)"
101;"presenter (co-presenter)"
2592;"presenter (in association with)"
2367;"presenter (original production)"
2433;"presenter (original)"
2774;"president and managing director, cirque du soleil theatrical"
1978;"president and producer, disney theatrical group"
490;"press"
1949;"press agent"
365;"press assistant"
243;"press associate"
1325;"press consultant"
1638;"press represenative"
1896;"press representation"
79;"press representative"
1198;"press representative (fkb staff)"
2250;"press representative (springer associates pr)"
2218;"previsualization & projection strategy"
1784;"primate behavioral specialist"
1435;"principal set design assistant"
2254;"produced in association with"
9;"producer"
3009;"producer ((chicago and westport) produce"
931;"producer ((chicago and westport) produced by arrangement with)"
2472;"producer ((in association with))"
2436;"producer (2009 original presenter)"
2340;"producer (2009 production)"
1545;"producer (additional)"
2629;"producer (artistic director emeritus, williamstown theatre festival)"
2870;"producer (artistic director, berkeley repertory theatre)"
2508;"producer (artistic director, center theatre group)"
2663;"producer (artistic director, la jolla playhouse)"
2414;"producer (artistic director, lincoln center theater)"
2860;"producer (artistic director, long wharf theatre)"
2497;"producer (artistic director, manhattan theatre club)"
2495;"producer (artistic director, mcc theater)"
2557;"producer (artistic director, mccarter theatre center)"
2902;"producer (artistic director, menier chocolate factory)"
2861;"producer (artistic director, old globe theatre)"
2484;"producer (artistic director, roundabout theatre company)"
2660;"producer (artistic director, the geffen playhouse)"
2726;"producer (artistic director, the menier chocolate factory)"
2837;"producer (artistic director, the public theater)"
2655;"producer (artistic director, the royal court theatre)"
2518;"producer (artistic director, the royal shakespeare company)"
2741;"producer (artistic director, the young vic)"
2722;"producer (artistic director, williamstown theatre festival)"
2636;"producer (artistic director, yale repertory theatre)"
2874;"producer (artistic director/ceo, berkshire theatre group)"
2779;"producer (artistic director/ceo, roundabout theatre company)"
2889;"producer (artistic producer, second stage theater)"
2695;"producer (as a member of kallish-weinstein)"
2422;"producer (as m. lerner/d. bisno/k.seidel/r. gold)"
175;"producer (ashcraft productions, inc.)"
2492;"producer (associate artistic director, mcc theater)"
2246;"producer (based on production)"
2481;"producer (bob & mindy rich)"
3004;"producer (by arrangement with rst govern"
893;"producer (by arrangement with rst governors)"
57;"producer (by arrangement with)"
508;"producer (by special arrangement with )"
719;"producer (by special arrangement with)"
366;"producer (by special arrangement)"
1866;"producer (by special arrangment)"
2705;"producer (chairman, the nederlander organization)"
2458;"producer (chairman, the shubert organization)"
2777;"producer (chief administrative officer, roundabout theatre company)"
565;"producer (co-producer)"
2513;"producer (commissioned show, first produced in stratford-upon-avon)"
122;"producer (comstock-elliott company)"
215;"producer (crosby gaige, inc.)"
2716;"producer (developed in association with)"
2369;"producer (developer)"
117;"producer (dippell opera comique)"
2869;"producer (director of public theater productions, the public theater)"
2824;"producer (director, lincoln center theater)"
2473;"producer (disney theatrical productions)"
1342;"producer (exec. vp at radio city)"
2582;"producer (executive director of development and planning, lincoln center theater"
2921;"producer (executive director, manhattan theatre club)"
2498;"producer (executive director, mcc theater)"
2485;"producer (executive director, roundabout theatre company)"
2890;"producer (executive director, second stage theater)"
2839;"producer (executive director, the public theater)"
2524;"producer (executive director, the royal shakespeare company)"
2744;"producer (executive director, the young vic)"
2717;"producer (executive producer and artistic director, the 5th avenue theatre)"
2782;"producer (executive producer, goodspeed musicals)"
2415;"producer (executive producer, lincoln center theater)"
2494;"producer (executive producer, manhattan theatre club)"
2654;"producer (executive producer, the royal court theatre)"
2894;"producer (executive vice president emeritus, jujamcyn theaters)"
2608;"producer (executive vice president)"
2477;"producer (executive vice president, jujamcyn theaters)"
2439;"producer (for american pop anthology)"
420;"producer (for anta)"
1376;"producer (for the government of andalucia, spain)"
2891;"producer (founder & artistic director, second stage theater)"
2483;"producer (founding director, roundabout theatre company)"
2185;"producer (fox theatricals)"
85;"producer (frank w. lloyd, manager )"
2387;"producer (further development)"
2599;"producer (general manager, roundabout theatre company)"
145;"producer (george h. brennan, inc.)"
2099;"producer (in arrangement with)"
2563;"producer (in association with )"
91;"producer (in association with)"
8;"producer (manager)"
2816;"producer (managing director, berkeley repertory theatre)"
2507;"producer (managing director, center theatre group)"
2667;"producer (managing director, la jolla playhouse)"
2584;"producer (managing director, lincoln center theater)"
2859;"producer (managing director, long wharf theatre)"
2558;"producer (managing director, mccarter theatre center)"
2841;"producer (managing director, new york city center)"
2862;"producer (managing director, old globe theatre)"
2607;"producer (managing director, paper mill playhouse)"
2530;"producer (managing director, roundabout theatre comapny)"
2486;"producer (managing director, roundabout theatre company)"
2719;"producer (managing director, the 5th avenue theatre)"
2662;"producer (managing director, the geffen playhouse)"
2637;"producer (managing director, yale repertory theatre)"
116;"producer (margaret anglin repertory)"
146;"producer (max marcin, inc.)"
2358;"producer (may, 2007 production)"
2873;"producer (mindich chair musical theater associate producer)"
2496;"producer (mtc artistic line producer)"
2493;"producer (mtc artistic producer)"
1188;"producer (new)"
2649;"producer (nt productions)"
2593;"producer (original 2012 production)"
2385;"producer (original commissioner and producer)"
107;"producer (original producer)"
1423;"producer (original production)"
1487;"producer (original revival production)"
1725;"producer (original)"
2356;"producer (originally commissioned & produced by)"
2448;"producer (originally premiered on june 18, 2011)"
2743;"producer (originally produced by)"
113;"producer (paul armstrong co.)"
2306;"producer (premiered at)"
2842;"producer (president & ceo, new york city center)"
2571;"producer (president emeritus, jujamcyn theaters)"
2479;"producer (president, jujamcyn theaters)"
2706;"producer (president, the nederlander organization)"
2459;"producer (president, the shubert organization)"
2828;"producer (produced by arrangement with)"
2690;"producer (produced by special arrangement with)"
2678;"producer (produced in association with)"
2750;"producer (produced in cooperation with)"
2799;"producer (producer for complicite)"
2630;"producer (producer, williamstown theatre festival)"
2581;"producer (producing artistic director, lincoln center theater)"
2604;"producer (producing artistic director, paper mill playhouse)"
2634;"producer (producing director, bucks county playhouse)"
2502;"producer (producing director, center theatre group)"
2556;"producer (producing director, mccarter theatre center)"
2718;"producer (producing director, the 5th avenue theatre)"
1047;"producer (production)"
2480;"producer (senior vice president, jujamcyn theaters)"
2313;"producer (subsequent presenter)"
2305;"producer (subsequent production)"
2416;"producer (the national theatre of great britain)"
2455;"producer (thousand stars production)"
1341;"producer (vp at radio city)"
2836;"producer (world premiere produced by)"
1877;"producer (world premiere)"
2321;"producer (world stage premier)"
1436;"producer and president, disney theatrical group"
2783;"producer, general manager"
2311;"producer/commissioner (original)"
2956;"producer/skate choreographer"
2469;"producers"
2452;"producer`"
1960;"producing associate"
15;"producing director"
2181;"producing director (the mccarter theatre center)"
2755;"producing fund partner"
133;"production"
1021;"production advisor"
248;"production assistant"
905;"production assistant for mr. schmidt"
606;"production assistant to david hays"
622;"production assistant to jean rosenthal"
628;"production assistant to miss rosenthal"
720;"production assistant to mr. fisher"
863;"production assistant to mr. gleason"
376;"production assistant to mr. harris"
636;"production assistant to mr. hays"
643;"production assistant to mr. hill"
751;"production assistant to mr. miller"
909;"production assistant to mr. skelton"
728;"production assistant to mr. smith"
467;"production assistant to oliver smith"
307;"production associate"
1331;"production associate to mr. cohen"
932;"production associate to mr. colavecchia"
771;"production associate to mr. smith"
1507;"production company manager"
735;"production consultant"
385;"production coordinator"
2944;"production counsel"
1108;"production dance supervisor"
700;"production design"
709;"production design (supervision)"
135;"production designer"
262;"production director"
2114;"production dramaturg"
2371;"production executive"
1729;"production management"
203;"production manager"
1276;"production manager (co - production manager)"
2280;"production manager (uk)"
1106;"production musical director"
1904;"production musical supervisor"
304;"production photographer"
2150;"production photographer (uk)"
2132;"production properties supervisor"
2692;"production props"
164;"production stage manager"
53;"production supervisor"
1222;"production technical manager"
1515;"project manager"
2237;"projection and video designer"
1473;"projection associate"
803;"projection consultant"
1206;"projection coordinator"
2689;"projection design"
792;"projection designer"
1434;"projection effects"
1359;"projection graphics"
1908;"projection illustrator"
1063;"projection photographer"
1062;"projection producer"
1427;"projection production coordinator"
1571;"projection programmer"
1122;"projections"
2851;"projections & video designer"
2449;"projections consultant"
2065;"projections coordinator"
2531;"projections designer"
2462;"projections programmer"
326;"promotions"
2247;"promotions/marketing"
2669;"prop supervisor"
1912;"properties"
1705;"properties artisan"
1872;"properties coordinator"
2541;"properties supervisor"
64;"proprietor/manager"
2039;"props coordinator"
2772;"props design"
2552;"props director"
2546;"props supervisor"
2194;"prosthetic designer"
2017;"prosthetics designer"
2310;"psychic consultant"
691;"public relations"
1126;"public relations consultant"
991;"public relations director"
2030;"publicity"
157;"publicity director"
1743;"puppet builder"
2399;"puppet captain"
2704;"puppet design"
201;"puppet designer"
2354;"puppet performance captain"
2520;"puppeteer"
1915;"puppetry consultant"
224;"puppets"
871;"reed"
1573;"reed 1"
2186;"reed 1 (alto sax, flute, piccolo, clarinet, penny whistle)"
2212;"reed 1 (alto sax/flute/piccolo)"
1955;"reed 1 (alto/tenor sax, clarinet, flute, oboe)"
2103;"reed 1 (flute/clarinet/alto sax/piccolo)"
2074;"reed 1 (saxophone/woodwinds)"
2267;"reed 1 (tenor sax/clarinet/flute/piccolo)"
1576;"reed 2"
2269;"reed 2 (alto sax/clarinet/bass clarinet/flute)"
2205;"reed 2 (alto sax/flute/clarinet)"
2101;"reed 2 (oboe/english horn/tenor sax/clarinet)"
2068;"reed 2 (saxophone/woodwinds)"
2193;"reed 2 (tenor sax, clarinet, flute, oboe, english horn)"
1954;"reed 2 (tenor/baritone sax, clarinet, bass clarinet)"
1577;"reed 3"
2272;"reed 3 (baritone sax/bass clarinet/clarinet/flute/ bassoon)"
2104;"reed 3 (clarinet/alto sax/soprano sax)"
2210;"reed 3 (tenor sax/clarinet)"
2069;"reed 3 (tenor sax/oboe/english horn/clarinet)"
2352;"reed 4"
2106;"reed 4 (bassoon/clarinet/bass clarinet/flute/baritone sax)"
2070;"reed 4 (saxophone/woodwinds)"
2197;"reed 4 (tenor sax/clarinet/bass clarinet)"
2351;"reed 5"
1351;"reed i"
1349;"reed ii"
1345;"reed iii"
1350;"reed iv"
1957;"reed v"
943;"reeds"
2564;"reeds/keyboard 3"
1593;"rehearsal assistant to mr. zaks"
1152;"rehearsal drummer"
333;"rehearsal pianist"
1500;"resident assistant director"
1974;"resident choreographer"
1520;"resident dance supervisor"
2203;"resident dialect coach"
1228;"resident director"
1947;"resident music supervisor"
109;"revised book"
762;"rhythm and electric guitar"
2771;"rigging and acrobatic equipment designer"
1134;"rights holder"
2866;"riq"
1532;"roundabout administrative director"
1381;"roundabout artistic associate"
1477;"roundabout artistic associate / casting"
1505;"roundabout artistic associate and director of casting"
2125;"roundabout artistic director"
1170;"roundabout associate artistic director"
2301;"roundabout casting associate"
1632;"roundabout casting director"
1534;"roundabout company manager"
1533;"roundabout direcotr of casting and artistic associate"
1168;"roundabout director of artistic development"
1631;"roundabout director of artistic development / casting"
2243;"roundabout director of artistic development/casting"
1563;"roundabout director of casting"
1506;"roundabout director of casting and artistic associate"
1559;"roundabout director of casting and artistic development"
1358;"roundabout director of developmen"
1380;"roundabout director of development"
1472;"roundabout director of development / public affairs"
1173;"roundabout director of marketing"
2014;"roundabout director of marketing & sales promotion"
2302;"roundabout director of marketing and sales promotion"
1382;"roundabout director of planning and development"
1357;"roundabout director of press and marketing"
1169;"roundabout general manager"
1166;"roundabout technical supervisor"
2525;"rsc commissioning dramaturg"
2277;"sales and marketing"
2521;"sales assistant"
2528;"sales manager"
494;"samisen"
1697;"sax"
1579;"sax / flute"
2004;"sax/clarinet/flute"
293;"saxaphone"
1053;"saxaphone and flute"
136;"saxophone"
1388;"saxophone & clarinet"
1003;"saxophone and flutes"
1000;"saxophone, clarinet, flute"
1578;"saxophone, horns"
2228;"saxophone/ flute/clarinet"
1336;"saxophone/clarinet/flute"
2226;"saxophone/flute/piccolo"
1656;"saxophone/woodwinds"
1474;"saxophones"
149;"saxophones and bass clarinet"
1562;"saxophonist, trombonist"
711;"scenery supervisor"
367;"scenery/costumes"
653;"scenery/lighting"
2967;"scenic & costume design"
2511;"scenic & costume designer"
2746;"scenic & lighting designer"
2626;"scenic and club designer"
2645;"scenic and costume design"
2456;"scenic and costume designer"
2742;"scenic and lighting designer"
2635;"scenic and projection design"
2844;"scenic and projection designer"
663;"scenic assistant"
1976;"scenic assistant (u.k.)"
1973;"scenic assistant (u.s.)"
442;"scenic consultant"
948;"scenic coordinator"
2606;"scenic design"
1375;"scenic design assistant"
1969;"scenic design associate"
2787;"scenic design supervision"
17;"scenic designer"
1303;"scenic designer (""fiddler on the roof"")"
1316;"scenic designer (""on the town,"" ""billion dollar baby,"" ""high button shoes,"" ""wes"
1317;"scenic designer (""peter pan,"" ""broadway at night"")"
205;"scenic designer (co-scenic designer)"
592;"scenic designer (for ""administration"")"
2988;"scenic designer (for ""le bal chez madame"
591;"scenic designer (for ""le bal chez madame de mortemouille,"" ""trapped"" and ""in the"
1211;"scenic designer (original)"
2617;"scenic designer (set inspired by his paintings)"
1309;"scenic designer (the king and i, ""gypsy"")"
1671;"scenic graphics designer"
1962;"scenic production designer"
222;"scenic supervisor"
2656;"scenis and costume design"
2693;"score adaptor, arranger, and superviser"
1493;"script adaptation"
2344;"script adaptation (original adaptation for new york city center encores!)"
2423;"script associate"
2536;"script consultant"
1437;"second assistant conductor"
2061;"second assistant costume designer"
1821;"second assistant director"
1444;"second assistant lighting designer"
1445;"second assistant sound designer"
662;"second assistant stage manager"
1838;"second bassoon"
1839;"second clarinet"
301;"second piano"
1829;"second trombone"
1833;"second trumpet"
833;"second violin"
2158;"secondary lighting designer"
1971;"senior publicist"
2961;"set & costume design"
2600;"set & costume designer"
2691;"set and costume design"
2698;"set and costume designer"
2619;"set and image designer"
2688;"set desgin"
2825;"set desginer"
2623;"set design"
2460;"set designer"
2848;"sets"
2478;"sets designer"
86;"settings"
721;"settings (adaptation)"
538;"settings (decor)"
1355;"settings (neverland)"
972;"settings (supervision)"
611;"settings/costume/lighting"
21;"settings/costumes"
539;"settings/costumes/lighting"
637;"settings/costumes/lighting (concept)"
706;"settings/costumes/projections"
206;"settings/lighting"
1042;"settings/projections"
2588;"shawm, dulcian, curtal, sopranino rauschpfeife, recorder"
2585;"shawm, dulcian, curtal, soprano rauschpfeife, recorder"
1263;"shoes"
2366;"sign language consultant"
102;"sketches"
384;"sketches (addional material)"
234;"sketches/composer/lyricist"
183;"sketches/lyricist"
120;"sketches/lyrics"
121;"solo pianist"
155;"solo saxophones and clarinet"
1542;"solo trombone"
1541;"solo trumpet"
153;"solo trumpet and cello"
148;"solo violin"
2875;"songs"
693;"songs & sketches"
2758;"songwriter"
1776;"songwriter (""white lexus"", ""move on"" and other songs)"
2368;"songwriter (additional)"
2084;"soprano sax/clarinet"
2651;"sound"
317;"sound (consultant)"
1131;"sound (electronic)"
816;"sound (stereo design)"
2297;"sound associate"
605;"sound consultant"
2810;"sound deigner"
2548;"sound design"
2942;"sound design and music"
2903;"sound design and original music"
2476;"sound design associate"
306;"sound designer"
2910;"sound designer & composer"
2147;"sound designer (original)"
2145;"sound designer (recreation)"
2812;"sound designer and composer"
2911;"sound designer and music"
2833;"sound designer, original music"
2332;"sound intern"
2196;"sound programmer"
2120;"sound system designer"
2078;"soundscape"
516;"source material"
979;"source material (""annie"" and ""little orphan annie"" rightsholder)"
1853;"source material (based on ""if this is a man"")"
129;"source material (based on arrangements)"
2631;"source material (based on autobiography)"
19;"source material (based on ballad)"
2983;"source material (based on book ""tales of"
405;"source material (based on book ""tales of the south pacific"")"
20;"source material (based on book)"
769;"source material (based on books)"
553;"source material (based on characters)"
573;"source material (based on concept)"
2975;"source material (based on earlier versio"
125;"source material (based on earlier version)"
471;"source material (based on film)"
748;"source material (based on format)"
274;"source material (based on idea)"
47;"source material (based on libretto)"
1044;"source material (based on magic)"
106;"source material (based on material)"
2540;"source material (based on miramax screenplay)"
1875;"source material (based on motion picture)"
130;"source material (based on music)"
1018;"source material (based on musical)"
23;"source material (based on novel)"
950;"source material (based on novella)"
509;"source material (based on novels)"
26;"source material (based on opera)"
119;"source material (based on operetta)"
42;"source material (based on original)"
2044;"source material (based on play & motion picture)"
45;"source material (based on play)"
46;"source material (based on plays)"
1624;"source material (based on poem)"
473;"source material (based on screenplay)"
2633;"source material (based on short story)"
181;"source material (based on sketches)"
484;"source material (based on stories)"
142;"source material (based on story)"
2537;"source material (based on the book ""to be loved the music, the magic, the memori"
2997;"source material (based on the comic stri"
978;"source material (based on the comic strip ""little orphan annie"")"
1135;"source material (based on the comic strip by)"
732;"source material (based on the comic strip)"
694;"source material (based on the life of)"
1257;"source material (based on the novel ""le fantã´me de l'opã©ra"")"
2928;"source material (based on the novel by)"
1794;"source material (based on translation of chekhov's play)"
213;"source material (based on translation)"
708;"source material (based on treatment)"
698;"source material (based on version)"
725;"source material (based on writings)"
1296;"source material (by arrangement with)"
2241;"source material (concept)"
777;"source material (from adapation)"
1175;"source material (from an idea by)"
758;"source material (from plays)"
1892;"source material (inspiration and featuring songs)"
1732;"source material (inspired by book)"
1385;"source material (inspired by material)"
1731;"source material (inspired by the comedy of)"
1371;"source material (inspired by words)"
2487;"source material (motion picture distributor)"
714;"source material (music based on themes)"
453;"source material (original author)"
2253;"source material (original teleplay)"
1618;"source material (poetry excerpts)"
1653;"source material (portions adapted from reminiscences)"
377;"source material (suggested by book)"
880;"source material (suggested by film)"
2994;"source material (suggested by life and w"
722;"source material (suggested by life and works)"
615;"source material (suggested by memoirs)"
1153;"source material (suggested by painting)"
658;"source material (suggested by play)"
772;"source material (suggested by story)"
340;"source material (translation)"
2079;"special creatures"
1721;"special effects"
2036;"special effects (rain)"
1524;"special effects assistant"
1766;"special effects associate"
2610;"special effects design"
115;"special effects designer"
1035;"special effects designer (laser effects)"
2665;"special make-up effects"
957;"special material"
1486;"special production arrangement"
2156;"special promotions"
440;"speech consultant"
2304;"sponsorship"
785;"staff assistant"
688;"staff associate"
2936;"stage director"
33;"stage manager"
2249;"stage manager (substitute)"
2547;"staged by"
105;"staging"
1012;"steel guitar"
517;"story and play department"
522;"string bass"
1547;"string bass/tuba"
858;"strings"
783;"stunt coordinator"
1652;"sub-assistant stage manager"
1527;"substitute stage manager"
1488;"supervising musical director"
316;"supervisor of ballet"
2231;"swing keyboards"
1103;"synthesizer"
1843;"synthesizer #1"
1846;"synthesizer #2"
1552;"synthesizer i"
1741;"synthesizer program consultant"
1104;"synthesizer programmer"
1231;"synthesizer programmer and assistant to mr. becaud"
1753;"synthesizer programming"
2517;"synthesizer technician"
2426;"synthesizer, accordion"
1610;"synthesizer, keyboard"
1608;"synthesizer/harmonium"
1235;"synthesizers"
1927;"system designer"
1783;"tattoo artist"
2764;"tech supervisor"
229;"technical advisor"
323;"technical consultant"
2991;"technical consultant (courtesy of the go"
666;"technical consultant (courtesy of the government of ghana)"
980;"technical coordinator"
127;"technical director"
1259;"technical production manager"
1687;"technical supervision"
182;"technical supervisor"
2338;"technical supervisor (u.k.)"
2339;"technical supervisor (u.s.)"
2149;"technical supervisor (uk)"
2151;"technical supervisor (us)"
2935;"television adaptation"
2937;"television director"
2589;"tenor sackbut, bass sackbut, tenor recorder"
389;"tenor sax"
791;"tenor sax and flute"
1240;"tenor sax, clarinet, flute, oboe, english horn"
1457;"tenor sax, flute, clarinet"
2019;"tenor sax/alto sax/clarinet/flute"
2098;"tenor sax/woodwinds"
1340;"tenor saxophone"
2325;"tenor saxophone/percussion/featured saxophone soloist"
1448;"tenor trombone"
1648;"tenor trombone, euphonium"
2283;"tenor trombone/bass trombone/tuba"
1190;"text"
1179;"the king of siam"
72;"theatre manager"
702;"theatre operated (for anta)"
71;"theatre operator"
180;"theatre owner"
37;"theatre owner / operator"
1203;"theatre owner / operator (in association with)"
2335;"theatre owner/operator"
2579;"theatrical management"
2482;"tightrope trainer & coach"
2256;"timpani/drum set/mallet/toys"
2282;"timpani/percussion"
2180;"tour manager"
162;"translation"
2295;"translation (literal)"
2275;"translator (literal play translation)"
2450;"translator (mandarin chinese)"
2276;"translator (play translation)"
151;"trombone"
1307;"trombone (principal)"
1544;"trombone / tuba"
1401;"trombone 1"
2071;"trombone 2"
2370;"trombone 3"
2374;"trombone 4"
601;"trombone, baritone horn"
1030;"trombone, bass trombone"
1807;"trombone, euphonium"
2501;"trombone/bass trombone"
2268;"trombone/bass trombone/tuba"
2016;"trombone/basstrombone"
1824;"trombone/euphonium"
2329;"trombone/keyboard"
1574;"trombone/tuba"
1698;"trombone/whistler/vocals"
1292;"trombones"
1939;"trombones/tuba"
2013;"trumbone"
147;"trumpet"
1582;"trumpet #1"
1583;"trumpet #2"
1389;"trumpet & flugal horn"
1308;"trumpet (lead)"
1613;"trumpet / flugal horn"
1614;"trumpet / piccolo trumpet"
1398;"trumpet 1"
1979;"trumpet 1 (trumpet, flugelhorn, cornet, piccolo trumpet)"
2427;"trumpet 1, flugal horn, cornet"
2204;"trumpet 1/cornet/flugelhorn"
2067;"trumpet 1/flugelhorn"
2503;"trumpet 1/fugelhorn/piccolo trumpet"
1395;"trumpet 2"
1970;"trumpet 2 (trumpet, flugelhorn, cornet)"
2428;"trumpet 2, flugal horn, librarian"
2075;"trumpet 2/flugelhorn"
2202;"trumpet 2/flugelhorn/ cornet/cornet in eb"
2373;"trumpet 3"
2206;"trumpet 3/flugelhorn/cornet"
2376;"trumpet 4"
789;"trumpet and fleugelhorn"
1052;"trumpet and flugelhorn"
1226;"trumpet and piccolo trumpet"
1095;"trumpet and trombone"
1354;"trumpet i"
1346;"trumpet ii"
1344;"trumpet iii"
1806;"trumpet, cornet"
1497;"trumpet, didjeridu"
1001;"trumpet, flugel horn"
1250;"trumpet, flugelhorn"
1251;"trumpet, flugelhorn, piccolo trumpet"
1239;"trumpet, piccolo trumpet"
1223;"trumpet, piccolo trumpet, flugelhorn"
2390;"trumpet/cornet/flugel horn"
1758;"trumpet/fluegel horn"
1996;"trumpet/flugel"
1956;"trumpet/flugelhorn"
2505;"trumpet/fugelhorn"
2018;"trumpet/piccolo trumpet/flugelhorn"
2312;"trumpeter"
1294;"trumpets"
1491;"tuba"
1087;"tympani"
1928;"u.k. associate costume design"
1930;"u.k. associate lighting designer"
1935;"u.k. fight director"
1931;"u.k. movement associate"
1937;"u.s. associate costume designer"
1932;"u.s. associate lighting designer"
1936;"u.s. fight director"
1858;"uilleann pipes"
2092;"uilleann pipes/whistles"
2379;"uk associate lighting designer/lighting programmer"
2855;"uk casting"
2847;"uk executive producer"
2127;"uk general manager (for sonia friedman productions)"
2853;"uk music supervisor"
2154;"uk technical supervisor"
1651;"understudy casting"
2730;"universal music associate"
1516;"upright & electric basses"
2388;"upright bass/tuba"
2886;"us associate director"
2885;"us associate movement director"
2854;"us casting"
2856;"us general management"
2887;"us resident director"
1924;"v.p. world wide marketing"
1078;"video"
2930;"video & projection designer"
2687;"video and projection design"
2148;"video and projection designer"
2745;"video creation & content"
2658;"video design"
1280;"video designer"
2033;"video director"
2463;"video technician"
2024;"videographer"
189;"viola"
1451;"viola (2)"
1305;"viola (principal)"
1522;"viola / violin"
1407;"viola 1"
1405;"viola 2"
1471;"viola da gamba / recorder"
1214;"viola i"
1218;"viola ii"
1416;"viola iii"
1418;"viola iv"
1581;"viola/violin"
139;"violin"
1450;"violin (7)"
1847;"violin / viola"
2191;"violin 1/concertmaster"
2266;"violin 1/mandolin"
1408;"violin 2"
2270;"violin 2/mandolin"
1404;"violin 3"
1406;"violin 4"
390;"violin and bassoon"
1245;"violin and percussion"
1076;"violin consultant"
1217;"violin i"
1215;"violin ii"
1352;"violin iii"
1343;"violin iv"
2138;"violin, mandolin, tin whistle, fife player, drums"
1598;"violin, viola"
1530;"violin/counter-tenor"
2334;"violin/guitar"
2315;"violin/keyboard"
1684;"violin/mandolin"
1237;"violin/viola"
1186;"violincello"
404;"violinist"
1370;"violins"
1898;"violins (concert master)"
2063;"visual concept designer"
2800;"visual consultant"
2776;"vocal and dance arranger"
2673;"vocal and incidental music arranger"
2621;"vocal arrangements"
1037;"vocal arrangements (additional arrangements)"
2533;"vocal arranger"
2796;"vocal arranger and additional arrangements"
2330;"vocal captain"
346;"vocal coach"
1284;"vocal coach (u.k.)"
1283;"vocal coach (u.s.)"
1236;"vocal consultant"
2420;"vocal consultant/coach"
2702;"vocal design"
2835;"vocal designer"
2978;"vocal harmony arrangements (giersdorf si"
169;"vocal harmony arrangements (giersdorf sisters)"
77;"vocal music arranger"
2979;"vocal music arranger (additional arrange"
210;"vocal music arranger (additional arrangements)"
2346;"vocal music arranger (original)"
2475;"vocal supervisor"
428;"vocal/incidental arrangements"
559;"vocal/incidental music"
2375;"vocalist (original vocal recordings)"
2964;"voice"
2644;"voice and dialect coach"
1124;"voice and dialect consultant"
2027;"voice and speech consultant"
2126;"voice coach"
2529;"voice director"
2109;"vp marketing"
997;"wardobe supervisor"
2175;"wardrobe designer"
955;"wardrobe supervisor"
2364;"web design & internet marketing"
1814;"web design/internet marketing"
1876;"web design/online marketing strategy"
2153;"web design/web marketing"
1742;"web designer"
2424;"website"
2542;"website & interactive marketing"
1787;"website and interactive services"
2403;"website and online marketing"
1921;"website design/internet marketing"
1790;"website design/online marketing"
2011;"website design/web marketing"
1869;"website designer"
2357;"website designer/new media marketing"
2959;"wig & hair design"
2532;"wig & hair designer"
2143;"wig & hair designer (us)"
2620;"wig and hair design"
2273;"wig and hair designer"
2762;"wig and make up designer"
2671;"wig and makeup design"
2740;"wig and makeup designer"
2640;"wig design"
2544;"wig design & fabrication"
54;"wig designer"
2239;"wig designer (men's wigs)"
2336;"wig designer (rosemary harris's wig)"
2674;"wig hair design"
2827;"wig, hair & makeup designer"
1502;"wig, hair and make-up designer"
2814;"wig, hair and makeup design"
2823;"wigs"
2780;"wigs designer"
2240;"wigs designer (ladies' wigs)"
2491;"wigs, hair & make-up designer"
2882;"wigs, hair and makeup"
2877;"wigs, hair and makeup design"
1421;"woodwind"
1580;"woodwind #1"
1587;"woodwind #2"
1586;"woodwind #3"
1584;"woodwind #4"
1543;"woodwind 1"
1540;"woodwind 2"
1513;"woodwind 2 (flute/clarinet/bass clarinet)"
396;"woodwinds"
1567;"woodwinds i"
1568;"woodwinds ii"
1566;"woodwinds iii"
1565;"woodwinds iv"
1564;"woodwinds v"
1289;"woodwinds, vocals"
1606;"woodwinds/keyboard"
2021;"world premier (presented in 2004)"
2468;"writer"
