year,season,season_link,winner,director,director_link,production,production_link
1950,4th Tony Awards,/wiki/4th_Tony_Awards,True,Joshua Logan,https://en.wikipedia.org/wiki/Joshua_Logan,South Pacific†,https://en.wikipedia.org/wiki/South_Pacific_(musical)
1951,5th Tony Awards,/wiki/5th_Tony_Awards,True,George S. Kaufman,https://en.wikipedia.org/wiki/George_S._Kaufman,Guys and Dolls†,https://en.wikipedia.org/wiki/Guys_and_Dolls
1957,11th Tony Awards,/wiki/11th_Tony_Awards,True,Moss Hart,https://en.wikipedia.org/wiki/Moss_Hart,My Fair Lady†,https://en.wikipedia.org/wiki/My_Fair_Lady
1960,14th Tony Awards,/wiki/14th_Tony_Awards,False,,,,
1960,14th Tony Awards,/wiki/14th_Tony_Awards,True,George Abbott,https://en.wikipedia.org/wiki/George_Abbott,Fiorello!†,https://en.wikipedia.org/wiki/Fiorello!
1960,14th Tony Awards,/wiki/14th_Tony_Awards,False,Vincent J. Donehue,https://en.wikipedia.org/wiki/Vincent_J._Donehue,The Sound of Music†,https://en.wikipedia.org/wiki/The_Sound_of_Music
1960,14th Tony Awards,/wiki/14th_Tony_Awards,False,Peter Glenville,https://en.wikipedia.org/wiki/Peter_Glenville,Take Me Along,https://en.wikipedia.org/wiki/Take_Me_Along
1960,14th Tony Awards,/wiki/14th_Tony_Awards,False,Michael Kidd,https://en.wikipedia.org/wiki/Michael_Kidd,Destry Rides Again,https://en.wikipedia.org/wiki/Destry_Rides_Again
1960,14th Tony Awards,/wiki/14th_Tony_Awards,False,Jerome Robbins,https://en.wikipedia.org/wiki/Jerome_Robbins,Gypsy,https://en.wikipedia.org/wiki/Gypsy_(musical)
1961,15th Tony Awards,/wiki/15th_Tony_Awards,True,Gower Champion,https://en.wikipedia.org/wiki/Gower_Champion,Bye Bye Birdie†,https://en.wikipedia.org/wiki/Bye_Bye_Birdie_(musical)
1961,15th Tony Awards,/wiki/15th_Tony_Awards,False,Peter Brook,https://en.wikipedia.org/wiki/Peter_Brook,Irma La Douce,https://en.wikipedia.org/wiki/Irma_La_Douce_(musical)
1961,15th Tony Awards,/wiki/15th_Tony_Awards,False,Garson Kanin,https://en.wikipedia.org/wiki/Garson_Kanin,Do Re Mi,https://en.wikipedia.org/wiki/Do_Re_Mi_(musical)
1962,16th Tony Awards,/wiki/16th_Tony_Awards,False,Joshua Logan,https://en.wikipedia.org/wiki/Joshua_Logan,All American,https://en.wikipedia.org/wiki/All_American_(musical)
1962,16th Tony Awards,/wiki/16th_Tony_Awards,False,Joe Layton,https://en.wikipedia.org/wiki/Joe_Layton,No Strings,https://en.wikipedia.org/wiki/No_Strings
1962,16th Tony Awards,/wiki/16th_Tony_Awards,True,Abe Burrows,https://en.wikipedia.org/wiki/Abe_Burrows,How to Succeed in Business Without Really Trying†,https://en.wikipedia.org/wiki/How_to_Succeed_in_Business_Without_Really_Trying_(musical)
1962,16th Tony Awards,/wiki/16th_Tony_Awards,False,Gower Champion,https://en.wikipedia.org/wiki/Gower_Champion,Carnival!,https://en.wikipedia.org/wiki/Carnival!
1963,17th Tony Awards,/wiki/17th_Tony_Awards,True,George Abbott,https://en.wikipedia.org/wiki/George_Abbott,A Funny Thing Happened on the Way to the Forum†,https://en.wikipedia.org/wiki/A_Funny_Thing_Happened_on_the_Way_to_the_Forum
1963,17th Tony Awards,/wiki/17th_Tony_Awards,False,Peter Coe,https://en.wikipedia.org/wiki/Peter_Coe_(director),Oliver!,https://en.wikipedia.org/wiki/Oliver!
1963,17th Tony Awards,/wiki/17th_Tony_Awards,False,John Fearnley,,Brigadoon,https://en.wikipedia.org/wiki/Brigadoon
1963,17th Tony Awards,/wiki/17th_Tony_Awards,False,Cy FeuerandBob Fosse,https://en.wikipedia.org/wiki/Cy_Feuer,Little Me,https://en.wikipedia.org/wiki/Little_Me_(musical)
1964,18th Tony Awards,/wiki/18th_Tony_Awards,True,Gower Champion,https://en.wikipedia.org/wiki/Gower_Champion,"Hello, Dolly!†","https://en.wikipedia.org/wiki/Hello,_Dolly!_(musical)"
1964,18th Tony Awards,/wiki/18th_Tony_Awards,False,Joseph Anthony,https://en.wikipedia.org/wiki/Joseph_Anthony,110 in the Shade,https://en.wikipedia.org/wiki/110_in_the_Shade
1964,18th Tony Awards,/wiki/18th_Tony_Awards,False,Noël Coward,https://en.wikipedia.org/wiki/No%C3%ABl_Coward,High Spirits,https://en.wikipedia.org/wiki/High_Spirits_(musical)
1964,18th Tony Awards,/wiki/18th_Tony_Awards,False,Harold Prince,https://en.wikipedia.org/wiki/Harold_Prince,She Loves Me,https://en.wikipedia.org/wiki/She_Loves_Me
1965,19th Tony Awards,/wiki/19th_Tony_Awards,True,Jerome Robbins,https://en.wikipedia.org/wiki/Jerome_Robbins,Fiddler on the Roof†,https://en.wikipedia.org/wiki/Fiddler_on_the_Roof
1965,19th Tony Awards,/wiki/19th_Tony_Awards,False,Joan Littlewood,https://en.wikipedia.org/wiki/Joan_Littlewood,"Oh, What a Lovely War!","https://en.wikipedia.org/wiki/Oh,_What_a_Lovely_War!"
1965,19th Tony Awards,/wiki/19th_Tony_Awards,False,Anthony Newley,https://en.wikipedia.org/wiki/Anthony_Newley,The Roar of the Greasepaint – The Smell of the Crowd,https://en.wikipedia.org/wiki/The_Roar_of_the_Greasepaint_%E2%80%93_The_Smell_of_the_Crowd
1965,19th Tony Awards,/wiki/19th_Tony_Awards,False,Gene Saks,https://en.wikipedia.org/wiki/Gene_Saks,Half a Sixpence,https://en.wikipedia.org/wiki/Half_a_Sixpence
1966,20th Tony Awards,/wiki/20th_Tony_Awards,False,Gene Saks,https://en.wikipedia.org/wiki/Gene_Saks,Mame,https://en.wikipedia.org/wiki/Mame_(musical)
1966,20th Tony Awards,/wiki/20th_Tony_Awards,False,Bob Fosse,https://en.wikipedia.org/wiki/Bob_Fosse,Sweet Charity,https://en.wikipedia.org/wiki/Sweet_Charity
1966,20th Tony Awards,/wiki/20th_Tony_Awards,False,Cy Feuer,https://en.wikipedia.org/wiki/Cy_Feuer,Skyscraper,https://en.wikipedia.org/wiki/Skyscraper_(musical)
1966,20th Tony Awards,/wiki/20th_Tony_Awards,True,Albert Marre,https://en.wikipedia.org/wiki/Albert_Marre,Man of La Mancha†,https://en.wikipedia.org/wiki/Man_of_La_Mancha
1967,21st Tony Awards,/wiki/21st_Tony_Awards,True,Harold Prince,https://en.wikipedia.org/wiki/Harold_Prince,Cabaret†,https://en.wikipedia.org/wiki/Cabaret_(musical)
1967,21st Tony Awards,/wiki/21st_Tony_Awards,False,Gower Champion,https://en.wikipedia.org/wiki/Gower_Champion,I Do! I Do!,https://en.wikipedia.org/wiki/I_Do!_I_Do!
1967,21st Tony Awards,/wiki/21st_Tony_Awards,False,Mike Nichols,https://en.wikipedia.org/wiki/Mike_Nichols,The Apple Tree,https://en.wikipedia.org/wiki/The_Apple_Tree
1967,21st Tony Awards,/wiki/21st_Tony_Awards,False,Jack Sydow,,Annie Get Your Gun,https://en.wikipedia.org/wiki/Annie_Get_Your_Gun_(musical)
1968,22nd Tony Awards,/wiki/22nd_Tony_Awards,True,Gower Champion,https://en.wikipedia.org/wiki/Gower_Champion,The Happy Time,https://en.wikipedia.org/wiki/The_Happy_Time_(musical)
1968,22nd Tony Awards,/wiki/22nd_Tony_Awards,False,George Abbott,https://en.wikipedia.org/wiki/George_Abbott,"How Now, Dow Jones","https://en.wikipedia.org/wiki/How_Now,_Dow_Jones"
1968,22nd Tony Awards,/wiki/22nd_Tony_Awards,False,Jules Dassin,https://en.wikipedia.org/wiki/Jules_Dassin,Illya Darling,https://en.wikipedia.org/wiki/Illya_Darling
1968,22nd Tony Awards,/wiki/22nd_Tony_Awards,False,Burt Shevelove,https://en.wikipedia.org/wiki/Burt_Shevelove,"Hallelujah, Baby!†","https://en.wikipedia.org/wiki/Hallelujah,_Baby!"
1969,23rd Tony Awards,/wiki/23rd_Tony_Awards,True,Peter Hunt,https://en.wikipedia.org/wiki/Peter_H._Hunt,1776†,https://en.wikipedia.org/wiki/1776_(musical)
1969,23rd Tony Awards,/wiki/23rd_Tony_Awards,False,Robert Moore,https://en.wikipedia.org/wiki/Robert_Moore_(director),"Promises, Promises","https://en.wikipedia.org/wiki/Promises,_Promises_(musical)"
1969,23rd Tony Awards,/wiki/23rd_Tony_Awards,False,Tom O'Horgan,https://en.wikipedia.org/wiki/Tom_O%27Horgan,Hair,https://en.wikipedia.org/wiki/Hair_(musical)
1969,23rd Tony Awards,/wiki/23rd_Tony_Awards,False,Harold Prince,https://en.wikipedia.org/wiki/Harold_Prince,Zorba,https://en.wikipedia.org/wiki/Zorba_(musical)
1970,24th Tony Awards,/wiki/24th_Tony_Awards,False,Philip Rose,https://en.wikipedia.org/wiki/Philip_Rose_(theatrical_producer),Purlie,https://en.wikipedia.org/wiki/Purlie
1970,24th Tony Awards,/wiki/24th_Tony_Awards,False,Michael Benthall,https://en.wikipedia.org/wiki/Michael_Benthall,Coco,https://en.wikipedia.org/wiki/Coco_(musical)
1970,24th Tony Awards,/wiki/24th_Tony_Awards,True,Ron Field,https://en.wikipedia.org/wiki/Ron_Field,Applause†,https://en.wikipedia.org/wiki/Applause_(musical)
1971,25th Tony Awards,/wiki/25th_Tony_Awards,True,Harold Prince,https://en.wikipedia.org/wiki/Harold_Prince,Company†,https://en.wikipedia.org/wiki/Company_(musical)
1971,25th Tony Awards,/wiki/25th_Tony_Awards,False,Michael Kidd,https://en.wikipedia.org/wiki/Michael_Kidd,The Rothschilds,https://en.wikipedia.org/wiki/The_Rothschilds_(musical)
1971,25th Tony Awards,/wiki/25th_Tony_Awards,False,Robert H. Livingston,,The Me Nobody Knows,https://en.wikipedia.org/wiki/The_Me_Nobody_Knows
1971,25th Tony Awards,/wiki/25th_Tony_Awards,False,Burt Shevelove,https://en.wikipedia.org/wiki/Burt_Shevelove,"No, No, Nanette","https://en.wikipedia.org/wiki/No,_No,_Nanette"
1972,26th Tony Awards,/wiki/26th_Tony_Awards,True,Harold PrinceandMichael Bennett,https://en.wikipedia.org/wiki/Harold_Prince,Follies,https://en.wikipedia.org/wiki/Follies
1972,26th Tony Awards,/wiki/26th_Tony_Awards,False,Gilbert Moses,https://en.wikipedia.org/wiki/Gilbert_Moses,Ain't Supposed to Die a Natural Death,https://en.wikipedia.org/wiki/Ain%27t_Supposed_to_Die_a_Natural_Death
1972,26th Tony Awards,/wiki/26th_Tony_Awards,False,Mel Shapiro,https://en.wikipedia.org/wiki/Mel_Shapiro,Two Gentlemen of Verona†,https://en.wikipedia.org/wiki/Two_Gentlemen_of_Verona
1972,26th Tony Awards,/wiki/26th_Tony_Awards,False,Burt Shevelove,https://en.wikipedia.org/wiki/Burt_Shevelove,A Funny Thing Happened on the Way to the Forum,https://en.wikipedia.org/wiki/A_Funny_Thing_Happened_on_the_Way_to_the_Forum
1973,27th Tony Awards,/wiki/27th_Tony_Awards,True,Bob Fosse,https://en.wikipedia.org/wiki/Bob_Fosse,Pippin,https://en.wikipedia.org/wiki/Pippin_(musical)
1973,27th Tony Awards,/wiki/27th_Tony_Awards,False,Vinnette Carroll,https://en.wikipedia.org/wiki/Vinnette_Carroll,"Don't Bother Me, I Can't Cope","https://en.wikipedia.org/wiki/Don%27t_Bother_Me,_I_Can%27t_Cope"
1973,27th Tony Awards,/wiki/27th_Tony_Awards,False,Gower Champion,https://en.wikipedia.org/wiki/Gower_Champion,Sugar,https://en.wikipedia.org/wiki/Sugar_(musical)
1973,27th Tony Awards,/wiki/27th_Tony_Awards,False,Harold Prince,https://en.wikipedia.org/wiki/Harold_Prince,A Little Night Music†,https://en.wikipedia.org/wiki/A_Little_Night_Music
1974,28th Tony Awards,/wiki/28th_Tony_Awards,False,Tom Moore,https://en.wikipedia.org/wiki/Tom_Moore_(director),Over Here!,https://en.wikipedia.org/wiki/Over_Here!
1974,28th Tony Awards,/wiki/28th_Tony_Awards,False,Donald McKayle,https://en.wikipedia.org/wiki/Donald_McKayle,Raisin†,https://en.wikipedia.org/wiki/Raisin_(musical)
1974,28th Tony Awards,/wiki/28th_Tony_Awards,False,Michael Bennett,https://en.wikipedia.org/wiki/Michael_Bennett_(theater),Seesaw,https://en.wikipedia.org/wiki/Seesaw_(musical)
1974,28th Tony Awards,/wiki/28th_Tony_Awards,True,Harold Prince,https://en.wikipedia.org/wiki/Harold_Prince,Candide,https://en.wikipedia.org/wiki/Candide_(operetta)
1975,29th Tony Awards,/wiki/29th_Tony_Awards,True,Geoffrey Holder,https://en.wikipedia.org/wiki/Geoffrey_Holder,The Wiz†,https://en.wikipedia.org/wiki/The_Wiz
1975,29th Tony Awards,/wiki/29th_Tony_Awards,False,Gower Champion,https://en.wikipedia.org/wiki/Gower_Champion,Mack & Mabel,https://en.wikipedia.org/wiki/Mack_%26_Mabel
1975,29th Tony Awards,/wiki/29th_Tony_Awards,False,Grover Dale,https://en.wikipedia.org/wiki/Grover_Dale,The Magic Show,https://en.wikipedia.org/wiki/The_Magic_Show
1975,29th Tony Awards,/wiki/29th_Tony_Awards,False,Arthur Laurents,https://en.wikipedia.org/wiki/Arthur_Laurents,Gypsy,https://en.wikipedia.org/wiki/Gypsy_(musical)
1976,30th Tony Awards,/wiki/30th_Tony_Awards,True,Michael Bennett,https://en.wikipedia.org/wiki/Michael_Bennett_(theater),A Chorus Line†,https://en.wikipedia.org/wiki/A_Chorus_Line
1976,30th Tony Awards,/wiki/30th_Tony_Awards,False,Bob Fosse,https://en.wikipedia.org/wiki/Bob_Fosse,Chicago,https://en.wikipedia.org/wiki/Chicago_(musical)
1976,30th Tony Awards,/wiki/30th_Tony_Awards,False,Bill Gile,,Very Good Eddie,https://en.wikipedia.org/wiki/Very_Good_Eddie
1976,30th Tony Awards,/wiki/30th_Tony_Awards,False,Harold Prince,https://en.wikipedia.org/wiki/Harold_Prince,Pacific Overtures,https://en.wikipedia.org/wiki/Pacific_Overtures
1977,31st Tony Awards,/wiki/31st_Tony_Awards,True,Gene Saks,https://en.wikipedia.org/wiki/Gene_Saks,I Love My Wife,https://en.wikipedia.org/wiki/I_Love_My_Wife
1977,31st Tony Awards,/wiki/31st_Tony_Awards,False,Vinnette Carroll,https://en.wikipedia.org/wiki/Vinnette_Carroll,Your Arms Too Short to Box with God,https://en.wikipedia.org/wiki/Your_Arms_Too_Short_to_Box_with_God
1977,31st Tony Awards,/wiki/31st_Tony_Awards,False,Martin Charnin,https://en.wikipedia.org/wiki/Martin_Charnin,Annie†,https://en.wikipedia.org/wiki/Annie_(musical)
1977,31st Tony Awards,/wiki/31st_Tony_Awards,False,Jack O'Brien,https://en.wikipedia.org/wiki/Jack_O%27Brien_(director),Porgy and Bess,https://en.wikipedia.org/wiki/Porgy_and_Bess
1978,32nd Tony Awards,/wiki/32nd_Tony_Awards,False,Elizabeth Swados,https://en.wikipedia.org/wiki/Elizabeth_Swados,Runaways,https://en.wikipedia.org/wiki/Runaways_(musical)
1978,32nd Tony Awards,/wiki/32nd_Tony_Awards,False,Harold Prince,https://en.wikipedia.org/wiki/Harold_Prince,On the Twentieth Century,https://en.wikipedia.org/wiki/On_the_Twentieth_Century
1978,32nd Tony Awards,/wiki/32nd_Tony_Awards,False,Bob Fosse,https://en.wikipedia.org/wiki/Bob_Fosse,Dancin',https://en.wikipedia.org/wiki/Dancin%27
1978,32nd Tony Awards,/wiki/32nd_Tony_Awards,True,Richard Maltby Jr.,https://en.wikipedia.org/wiki/Richard_Maltby_Jr.,Ain't Misbehavin'†,https://en.wikipedia.org/wiki/Ain%27t_Misbehavin%27_(musical)
1979,33rd Tony Awards,/wiki/33rd_Tony_Awards,True,Harold Prince,https://en.wikipedia.org/wiki/Harold_Prince,Sweeney Todd: The Demon Barber of Fleet Street†,https://en.wikipedia.org/wiki/Sweeney_Todd:_The_Demon_Barber_of_Fleet_Street
1979,33rd Tony Awards,/wiki/33rd_Tony_Awards,False,Michael Bennett,https://en.wikipedia.org/wiki/Michael_Bennett_(theater),Ballroom,https://en.wikipedia.org/wiki/Ballroom_(musical)
1979,33rd Tony Awards,/wiki/33rd_Tony_Awards,False,Peter MastersonandTommy Tune,https://en.wikipedia.org/wiki/Peter_Masterson,The Best Little Whorehouse in Texas,https://en.wikipedia.org/wiki/The_Best_Little_Whorehouse_in_Texas
1979,33rd Tony Awards,/wiki/33rd_Tony_Awards,False,Robert Moore,https://en.wikipedia.org/wiki/Robert_Moore_(director),They're Playing Our Song,https://en.wikipedia.org/wiki/They%27re_Playing_Our_Song
1980,34th Tony Awards,/wiki/34th_Tony_Awards,True,Harold Prince,https://en.wikipedia.org/wiki/Harold_Prince,Evita†,https://en.wikipedia.org/wiki/Evita_(musical)
1980,34th Tony Awards,/wiki/34th_Tony_Awards,False,Ernest Flatt and Rudy Tronto,,Sugar Babies,https://en.wikipedia.org/wiki/Sugar_Babies_(musical)
1980,34th Tony Awards,/wiki/34th_Tony_Awards,False,Joe Layton,https://en.wikipedia.org/wiki/Joe_Layton,Barnum,https://en.wikipedia.org/wiki/Barnum_(musical)
1980,34th Tony Awards,/wiki/34th_Tony_Awards,False,Tommy Tune,https://en.wikipedia.org/wiki/Tommy_Tune,A Day in Hollywood / A Night in the Ukraine,https://en.wikipedia.org/wiki/A_Day_in_Hollywood_/_A_Night_in_the_Ukraine
1981,35th Tony Awards,/wiki/35th_Tony_Awards,True,Wilford Leach,https://en.wikipedia.org/wiki/Wilford_Leach,The Pirates of Penzance,https://en.wikipedia.org/wiki/The_Pirates_of_Penzance
1981,35th Tony Awards,/wiki/35th_Tony_Awards,False,Gower Champion,https://en.wikipedia.org/wiki/Gower_Champion,42nd Street†,https://en.wikipedia.org/wiki/42nd_Street_(musical)
1981,35th Tony Awards,/wiki/35th_Tony_Awards,False,Robert Moore,https://en.wikipedia.org/wiki/Robert_Moore_(director),Woman of the Year,https://en.wikipedia.org/wiki/Woman_of_the_Year_(musical)
1981,35th Tony Awards,/wiki/35th_Tony_Awards,False,Michael Smuin,https://en.wikipedia.org/wiki/Michael_Smuin,Sophisticated Ladies,https://en.wikipedia.org/wiki/Sophisticated_Ladies
1982,36th Tony Awards,/wiki/36th_Tony_Awards,False,Tony Tanner,https://en.wikipedia.org/wiki/Tony_Tanner,Joseph and the Amazing Technicolor Dreamcoat,https://en.wikipedia.org/wiki/Joseph_and_the_Amazing_Technicolor_Dreamcoat
1982,36th Tony Awards,/wiki/36th_Tony_Awards,False,Martin Charnin,https://en.wikipedia.org/wiki/Martin_Charnin,The First,https://en.wikipedia.org/wiki/The_First_(musical)
1982,36th Tony Awards,/wiki/36th_Tony_Awards,False,Michael Bennett,https://en.wikipedia.org/wiki/Michael_Bennett_(theater),Dreamgirls,https://en.wikipedia.org/wiki/Dreamgirls_(musical)
1982,36th Tony Awards,/wiki/36th_Tony_Awards,True,Tommy Tune,https://en.wikipedia.org/wiki/Tommy_Tune,Nine†,https://en.wikipedia.org/wiki/Nine_(musical)
1983,37th Tony Awards,/wiki/37th_Tony_Awards,True,Trevor Nunn,https://en.wikipedia.org/wiki/Trevor_Nunn,Cats†,https://en.wikipedia.org/wiki/Cats_(musical)
1983,37th Tony Awards,/wiki/37th_Tony_Awards,False,Michael Kahn,https://en.wikipedia.org/wiki/Michael_Kahn_(theatre_director),Show Boat,https://en.wikipedia.org/wiki/Show_Boat
1983,37th Tony Awards,/wiki/37th_Tony_Awards,False,Ivan Reitman,https://en.wikipedia.org/wiki/Ivan_Reitman,Merlin,https://en.wikipedia.org/wiki/Merlin_(musical)
1983,37th Tony Awards,/wiki/37th_Tony_Awards,False,Tommy TuneandThommie Walsh,https://en.wikipedia.org/wiki/Tommy_Tune,My One and Only,https://en.wikipedia.org/wiki/My_One_and_Only_(musical)
1984,38th Tony Awards,/wiki/38th_Tony_Awards,True,Arthur Laurents,https://en.wikipedia.org/wiki/Arthur_Laurents,La Cage aux Folles†,https://en.wikipedia.org/wiki/La_Cage_aux_Folles_(musical)
1984,38th Tony Awards,/wiki/38th_Tony_Awards,False,James Lapine,https://en.wikipedia.org/wiki/James_Lapine,Sunday in the Park with George,https://en.wikipedia.org/wiki/Sunday_in_the_Park_with_George
1984,38th Tony Awards,/wiki/38th_Tony_Awards,False,Richard Maltby Jr.,https://en.wikipedia.org/wiki/Richard_Maltby_Jr.,Baby,https://en.wikipedia.org/wiki/Baby_(musical)
1984,38th Tony Awards,/wiki/38th_Tony_Awards,False,Vivian Matalon,https://en.wikipedia.org/wiki/Vivian_Matalon,The Tap Dance Kid,https://en.wikipedia.org/wiki/The_Tap_Dance_Kid
1985,39th Tony Awards,/wiki/39th_Tony_Awards,False,Harold Prince,https://en.wikipedia.org/wiki/Harold_Prince,Grind,https://en.wikipedia.org/wiki/Grind_(musical)
1985,39th Tony Awards,/wiki/39th_Tony_Awards,False,Mitch Leigh,https://en.wikipedia.org/wiki/Mitch_Leigh,The King and I,https://en.wikipedia.org/wiki/The_King_and_I
1985,39th Tony Awards,/wiki/39th_Tony_Awards,False,Barbara Damashek,,Quilters,https://en.wikipedia.org/wiki/Quilters_(musical)
1985,39th Tony Awards,/wiki/39th_Tony_Awards,True,Des McAnuff,https://en.wikipedia.org/wiki/Des_McAnuff,Big River†,https://en.wikipedia.org/wiki/Big_River_(musical)
1986,40th Tony Awards,/wiki/40th_Tony_Awards,True,Wilford Leach,https://en.wikipedia.org/wiki/Wilford_Leach,The Mystery of Edwin Drood†,https://en.wikipedia.org/wiki/Drood
1986,40th Tony Awards,/wiki/40th_Tony_Awards,False,Bob Fosse,https://en.wikipedia.org/wiki/Bob_Fosse,Big Deal,https://en.wikipedia.org/wiki/Big_Deal_(musical)
1986,40th Tony Awards,/wiki/40th_Tony_Awards,False,Hector Orezzoli and Claudio Segovia,,Tango Argentino,https://en.wikipedia.org/wiki/Tango_Argentino_(musical)
1986,40th Tony Awards,/wiki/40th_Tony_Awards,False,Richard Maltby Jr.,https://en.wikipedia.org/wiki/Richard_Maltby_Jr.,Song and Dance,https://en.wikipedia.org/wiki/Song_and_Dance
1987,41st Tony Awards,/wiki/41st_Tony_Awards,True,John CairdandTrevor Nunn,https://en.wikipedia.org/wiki/John_Caird_(director),Les Misérables†,https://en.wikipedia.org/wiki/Les_Mis%C3%A9rables_(musical)
1987,41st Tony Awards,/wiki/41st_Tony_Awards,False,Brian Macdonald,https://en.wikipedia.org/wiki/Brian_Macdonald_(choreographer),The Mikado,https://en.wikipedia.org/wiki/The_Mikado
1987,41st Tony Awards,/wiki/41st_Tony_Awards,False,Trevor Nunn,https://en.wikipedia.org/wiki/Trevor_Nunn,Starlight Express,https://en.wikipedia.org/wiki/Starlight_Express
1987,41st Tony Awards,/wiki/41st_Tony_Awards,False,Mike Ockrent,https://en.wikipedia.org/wiki/Mike_Ockrent,Me and My Girl,https://en.wikipedia.org/wiki/Me_and_My_Girl
1988,42nd Tony Awards,/wiki/42nd_Tony_Awards,False,Mbongeni Ngema,https://en.wikipedia.org/wiki/Mbongeni_Ngema,Sarafina!,https://en.wikipedia.org/wiki/Sarafina!_(musical)
1988,42nd Tony Awards,/wiki/42nd_Tony_Awards,False,Jerry Zaks,https://en.wikipedia.org/wiki/Jerry_Zaks,Anything Goes,https://en.wikipedia.org/wiki/Anything_Goes
1988,42nd Tony Awards,/wiki/42nd_Tony_Awards,True,Harold Prince,https://en.wikipedia.org/wiki/Harold_Prince,The Phantom of the Opera†,https://en.wikipedia.org/wiki/The_Phantom_of_the_Opera_(1986_musical)
1988,42nd Tony Awards,/wiki/42nd_Tony_Awards,False,James Lapine,https://en.wikipedia.org/wiki/James_Lapine,Into the Woods,https://en.wikipedia.org/wiki/Into_the_Woods
1989,43rd Tony Awards,/wiki/43rd_Tony_Awards,False,Hector Orezzoli and Claudio Segovia,,Black and Blue,https://en.wikipedia.org/wiki/Black_and_Blue_(musical)
1989,43rd Tony Awards,/wiki/43rd_Tony_Awards,False,Peter Mark Schifter,,Welcome to the Club,https://en.wikipedia.org/wiki/Welcome_to_the_Club_(musical)
1989,43rd Tony Awards,/wiki/43rd_Tony_Awards,True,Jerome Robbins,https://en.wikipedia.org/wiki/Jerome_Robbins,Jerome Robbins' Broadway†,https://en.wikipedia.org/wiki/Jerome_Robbins%27_Broadway
1989,43rd Tony Awards,/wiki/43rd_Tony_Awards,False,Larry Carpenter,https://en.wikipedia.org/wiki/Larry_Carpenter,Starmites,https://en.wikipedia.org/wiki/Starmites
1990,44th Tony Awards,/wiki/44th_Tony_Awards,False,Susan H. Schulman,https://en.wikipedia.org/wiki/Susan_H._Schulman,Sweeney Todd: The Demon Barber of Fleet Street,https://en.wikipedia.org/wiki/Sweeney_Todd:_The_Demon_Barber_of_Fleet_Street
1990,44th Tony Awards,/wiki/44th_Tony_Awards,False,Trevor Nunn,https://en.wikipedia.org/wiki/Trevor_Nunn,Aspects of Love,https://en.wikipedia.org/wiki/Aspects_of_Love
1990,44th Tony Awards,/wiki/44th_Tony_Awards,False,Michael Blakemore,https://en.wikipedia.org/wiki/Michael_Blakemore,City of Angels†,https://en.wikipedia.org/wiki/City_of_Angels_(musical)
1990,44th Tony Awards,/wiki/44th_Tony_Awards,True,Tommy Tune,https://en.wikipedia.org/wiki/Tommy_Tune,Grand Hotel,https://en.wikipedia.org/wiki/Grand_Hotel_(musical)
1991,45th Tony Awards,/wiki/45th_Tony_Awards,True,Tommy Tune,https://en.wikipedia.org/wiki/Tommy_Tune,The Will Rogers Follies†,https://en.wikipedia.org/wiki/The_Will_Rogers_Follies
1991,45th Tony Awards,/wiki/45th_Tony_Awards,False,Graciela Daniele,https://en.wikipedia.org/wiki/Graciela_Daniele,Once on This Island,https://en.wikipedia.org/wiki/Once_on_This_Island
1991,45th Tony Awards,/wiki/45th_Tony_Awards,False,Nicholas Hytner,https://en.wikipedia.org/wiki/Nicholas_Hytner,Miss Saigon,https://en.wikipedia.org/wiki/Miss_Saigon
1991,45th Tony Awards,/wiki/45th_Tony_Awards,False,Eleanor Reissa,,Those Were the Days,
1992,46th Tony Awards,/wiki/46th_Tony_Awards,True,Jerry Zaks,https://en.wikipedia.org/wiki/Jerry_Zaks,Guys and Dolls,https://en.wikipedia.org/wiki/Guys_and_Dolls
1992,46th Tony Awards,/wiki/46th_Tony_Awards,False,James Lapine,https://en.wikipedia.org/wiki/James_Lapine,Falsettos,https://en.wikipedia.org/wiki/Falsettos
1992,46th Tony Awards,/wiki/46th_Tony_Awards,False,Mike Ockrent,https://en.wikipedia.org/wiki/Mike_Ockrent,Crazy for You†,https://en.wikipedia.org/wiki/Crazy_for_You_(musical)
1992,46th Tony Awards,/wiki/46th_Tony_Awards,False,George C. Wolfe,https://en.wikipedia.org/wiki/George_C._Wolfe,Jelly's Last Jam,https://en.wikipedia.org/wiki/Jelly%27s_Last_Jam
1993,47th Tony Awards,/wiki/47th_Tony_Awards,True,Des McAnuff,https://en.wikipedia.org/wiki/Des_McAnuff,The Who's Tommy,https://en.wikipedia.org/wiki/The_Who%27s_Tommy
1993,47th Tony Awards,/wiki/47th_Tony_Awards,False,Bill Kenwrightand Bob Tomson,https://en.wikipedia.org/wiki/Bill_Kenwright,Blood Brothers,https://en.wikipedia.org/wiki/Blood_Brothers_(musical)
1993,47th Tony Awards,/wiki/47th_Tony_Awards,False,Michael Kidd,https://en.wikipedia.org/wiki/Michael_Kidd,The Goodbye Girl,https://en.wikipedia.org/wiki/The_Goodbye_Girl_(musical)
1993,47th Tony Awards,/wiki/47th_Tony_Awards,False,Harold Prince,https://en.wikipedia.org/wiki/Harold_Prince,Kiss of the Spider Woman†,https://en.wikipedia.org/wiki/Kiss_of_the_Spider_Woman_(musical)
1994,48th Tony Awards,/wiki/48th_Tony_Awards,False,Robert Jess Roth,,Beauty and the Beast,https://en.wikipedia.org/wiki/Beauty_and_the_Beast_(musical)
1994,48th Tony Awards,/wiki/48th_Tony_Awards,False,James Lapine,https://en.wikipedia.org/wiki/James_Lapine,Passion†,https://en.wikipedia.org/wiki/Passion_(musical)
1994,48th Tony Awards,/wiki/48th_Tony_Awards,False,Scott Ellis,https://en.wikipedia.org/wiki/Scott_Ellis,She Loves Me,https://en.wikipedia.org/wiki/She_Loves_Me
1994,48th Tony Awards,/wiki/48th_Tony_Awards,True,Nicholas Hytner,https://en.wikipedia.org/wiki/Nicholas_Hytner,Carousel*,https://en.wikipedia.org/wiki/Carousel_(musical)
1995,49th Tony Awards,/wiki/49th_Tony_Awards,True,Harold Prince,https://en.wikipedia.org/wiki/Harold_Prince,Show Boat*,https://en.wikipedia.org/wiki/Show_Boat
1995,49th Tony Awards,/wiki/49th_Tony_Awards,False,Des McAnuff,https://en.wikipedia.org/wiki/Des_McAnuff,How to Succeed in Business Without Really Trying,https://en.wikipedia.org/wiki/How_to_Succeed_in_Business_Without_Really_Trying_(musical)
1995,49th Tony Awards,/wiki/49th_Tony_Awards,False,Trevor Nunn,https://en.wikipedia.org/wiki/Trevor_Nunn,Sunset Boulevard†,https://en.wikipedia.org/wiki/Sunset_Boulevard_(musical)
1995,49th Tony Awards,/wiki/49th_Tony_Awards,False,Jerry Zaks,https://en.wikipedia.org/wiki/Jerry_Zaks,Smokey Joe's Cafe,https://en.wikipedia.org/wiki/Smokey_Joe%27s_Cafe
1996,50th Tony Awards,/wiki/50th_Tony_Awards,True,George C. Wolfe,https://en.wikipedia.org/wiki/George_C._Wolfe,"Bring in 'da Noise, Bring in 'da Funk","https://en.wikipedia.org/wiki/Bring_in_%27da_Noise,_Bring_in_%27da_Funk"
1996,50th Tony Awards,/wiki/50th_Tony_Awards,False,Michael Greif,https://en.wikipedia.org/wiki/Michael_Greif,Rent†,https://en.wikipedia.org/wiki/Rent_(musical)
1996,50th Tony Awards,/wiki/50th_Tony_Awards,False,Christopher Renshaw,https://en.wikipedia.org/wiki/Christopher_Renshaw,The King and I*,https://en.wikipedia.org/wiki/The_King_and_I
1996,50th Tony Awards,/wiki/50th_Tony_Awards,False,Jerry Zaks,https://en.wikipedia.org/wiki/Jerry_Zaks,A Funny Thing Happened on the Way to the Forum,https://en.wikipedia.org/wiki/A_Funny_Thing_Happened_on_the_Way_to_the_Forum
1997,51st Tony Awards,/wiki/51st_Tony_Awards,True,Walter Bobbie,https://en.wikipedia.org/wiki/Walter_Bobbie,Chicago*,https://en.wikipedia.org/wiki/Chicago_(musical)
1997,51st Tony Awards,/wiki/51st_Tony_Awards,False,Michael Blakemore,https://en.wikipedia.org/wiki/Michael_Blakemore,The Life,https://en.wikipedia.org/wiki/The_Life_(musical)
1997,51st Tony Awards,/wiki/51st_Tony_Awards,False,Scott Ellis,https://en.wikipedia.org/wiki/Scott_Ellis,Steel Pier,https://en.wikipedia.org/wiki/Steel_Pier_(musical)
1997,51st Tony Awards,/wiki/51st_Tony_Awards,False,Julie Taymor,https://en.wikipedia.org/wiki/Julie_Taymor,Juan Darién,https://en.wikipedia.org/wiki/Juan_Dari%C3%A9n:_A_Carnival_Mass_(score)
1998,52nd Tony Awards,/wiki/52nd_Tony_Awards,False,Rob MarshallandSam Mendes,https://en.wikipedia.org/wiki/Rob_Marshall,Cabaret*,https://en.wikipedia.org/wiki/Cabaret_(musical)
1998,52nd Tony Awards,/wiki/52nd_Tony_Awards,False,Frank Galati,https://en.wikipedia.org/wiki/Frank_Galati,Ragtime,https://en.wikipedia.org/wiki/Ragtime_(musical)
1998,52nd Tony Awards,/wiki/52nd_Tony_Awards,False,Scott Ellis,https://en.wikipedia.org/wiki/Scott_Ellis,1776,https://en.wikipedia.org/wiki/1776_(musical)
1998,52nd Tony Awards,/wiki/52nd_Tony_Awards,True,Julie Taymor,https://en.wikipedia.org/wiki/Julie_Taymor,The Lion King†,https://en.wikipedia.org/wiki/The_Lion_King_(musical)
1999,53rd Tony Awards,/wiki/53rd_Tony_Awards,True,Matthew Bourne,https://en.wikipedia.org/wiki/Matthew_Bourne,Swan Lake,https://en.wikipedia.org/wiki/Swan_Lake_(Bourne)
1999,53rd Tony Awards,/wiki/53rd_Tony_Awards,False,Richard Maltby Jr.andAnn Reinking,https://en.wikipedia.org/wiki/Richard_Maltby_Jr.,Fosse†,https://en.wikipedia.org/wiki/Fosse_(musical)
1999,53rd Tony Awards,/wiki/53rd_Tony_Awards,False,Michael Mayer,https://en.wikipedia.org/wiki/Michael_Mayer_(director),"You're a Good Man, Charlie Brown","https://en.wikipedia.org/wiki/You%27re_a_Good_Man,_Charlie_Brown"
1999,53rd Tony Awards,/wiki/53rd_Tony_Awards,False,Harold Prince,https://en.wikipedia.org/wiki/Harold_Prince,Parade,https://en.wikipedia.org/wiki/Parade_(musical)
2000,54th Tony Awards,/wiki/54th_Tony_Awards,True,Michael Blakemore,https://en.wikipedia.org/wiki/Michael_Blakemore,"Kiss Me, Kate*","https://en.wikipedia.org/wiki/Kiss_Me,_Kate"
2000,54th Tony Awards,/wiki/54th_Tony_Awards,False,Susan Stroman,https://en.wikipedia.org/wiki/Susan_Stroman,Contact†,https://en.wikipedia.org/wiki/Contact_(musical)
2000,54th Tony Awards,/wiki/54th_Tony_Awards,False,Susan Stroman,https://en.wikipedia.org/wiki/Susan_Stroman,The Music Man,https://en.wikipedia.org/wiki/The_Music_Man
2000,54th Tony Awards,/wiki/54th_Tony_Awards,False,Lynne Taylor-Corbett,https://en.wikipedia.org/wiki/Lynne_Taylor-Corbett,Swing!,https://en.wikipedia.org/wiki/Swing!
2001,55th Tony Awards,/wiki/55th_Tony_Awards,False,Jack O'Brien,https://en.wikipedia.org/wiki/Jack_O%27Brien_(director),The Full Monty,https://en.wikipedia.org/wiki/The_Full_Monty_(musical)
2001,55th Tony Awards,/wiki/55th_Tony_Awards,False,Mark Bramble,https://en.wikipedia.org/wiki/Mark_Bramble,42nd Street*,https://en.wikipedia.org/wiki/42nd_Street_(musical)
2001,55th Tony Awards,/wiki/55th_Tony_Awards,False,Christopher Ashley,https://en.wikipedia.org/wiki/Christopher_Ashley,The Rocky Horror Show,https://en.wikipedia.org/wiki/The_Rocky_Horror_Show
2001,55th Tony Awards,/wiki/55th_Tony_Awards,True,Susan Stroman,https://en.wikipedia.org/wiki/Susan_Stroman,The Producers†,https://en.wikipedia.org/wiki/The_Producers_(musical)
2002,56th Tony Awards,/wiki/56th_Tony_Awards,True,John Rando,https://en.wikipedia.org/wiki/John_Rando,Urinetown,https://en.wikipedia.org/wiki/Urinetown
2002,56th Tony Awards,/wiki/56th_Tony_Awards,False,James Lapine,https://en.wikipedia.org/wiki/James_Lapine,Into the Woods*,https://en.wikipedia.org/wiki/Into_the_Woods
2002,56th Tony Awards,/wiki/56th_Tony_Awards,False,Michael Mayer,https://en.wikipedia.org/wiki/Michael_Mayer_(director),Thoroughly Modern Millie†,https://en.wikipedia.org/wiki/Thoroughly_Modern_Millie_(musical)
2002,56th Tony Awards,/wiki/56th_Tony_Awards,False,Trevor Nunn,https://en.wikipedia.org/wiki/Trevor_Nunn,Oklahoma!,https://en.wikipedia.org/wiki/Oklahoma!
2003,57th Tony Awards,/wiki/57th_Tony_Awards,True,Jack O'Brien,https://en.wikipedia.org/wiki/Jack_O%27Brien_(director),Hairspray†,https://en.wikipedia.org/wiki/Hairspray_(musical)
2003,57th Tony Awards,/wiki/57th_Tony_Awards,False,David Leveaux,https://en.wikipedia.org/wiki/David_Leveaux,Nine*,https://en.wikipedia.org/wiki/Nine_(musical)
2003,57th Tony Awards,/wiki/57th_Tony_Awards,False,Baz Luhrmann,https://en.wikipedia.org/wiki/Baz_Luhrmann,La bohème,https://en.wikipedia.org/wiki/La_boh%C3%A8me
2003,57th Tony Awards,/wiki/57th_Tony_Awards,False,Twyla Tharp,https://en.wikipedia.org/wiki/Twyla_Tharp,Movin' Out,https://en.wikipedia.org/wiki/Movin%27_Out_(musical)
2004,58th Tony Awards,/wiki/58th_Tony_Awards,False,Jason Moore,https://en.wikipedia.org/wiki/Jason_Moore_(director),Avenue Q†,https://en.wikipedia.org/wiki/Avenue_Q
2004,58th Tony Awards,/wiki/58th_Tony_Awards,False,George C. Wolfe,https://en.wikipedia.org/wiki/George_C._Wolfe,"Caroline, or Change","https://en.wikipedia.org/wiki/Caroline,_or_Change"
2004,58th Tony Awards,/wiki/58th_Tony_Awards,True,Joe Mantello,https://en.wikipedia.org/wiki/Joe_Mantello,Assassins*,https://en.wikipedia.org/wiki/Assassins_(musical)
2004,58th Tony Awards,/wiki/58th_Tony_Awards,False,Kathleen Marshall,https://en.wikipedia.org/wiki/Kathleen_Marshall,Wonderful Town,https://en.wikipedia.org/wiki/Wonderful_Town
2005,59th Tony Awards,/wiki/59th_Tony_Awards,False,Jack O'Brien,https://en.wikipedia.org/wiki/Jack_O%27Brien_(director),Dirty Rotten Scoundrels,https://en.wikipedia.org/wiki/Dirty_Rotten_Scoundrels_(musical)
2005,59th Tony Awards,/wiki/59th_Tony_Awards,False,Bartlett Sher,https://en.wikipedia.org/wiki/Bartlett_Sher,The Light in the Piazza,https://en.wikipedia.org/wiki/The_Light_in_the_Piazza_(musical)
2005,59th Tony Awards,/wiki/59th_Tony_Awards,True,Mike Nichols,https://en.wikipedia.org/wiki/Mike_Nichols,Monty Python's Spamalot†,https://en.wikipedia.org/wiki/Spamalot
2005,59th Tony Awards,/wiki/59th_Tony_Awards,False,James Lapine,https://en.wikipedia.org/wiki/James_Lapine,The 25th Annual Putnam County Spelling Bee,https://en.wikipedia.org/wiki/The_25th_Annual_Putnam_County_Spelling_Bee
2006,60th Tony Awards,/wiki/60th_Tony_Awards,False,Casey Nicholaw,https://en.wikipedia.org/wiki/Casey_Nicholaw,The Drowsy Chaperone,https://en.wikipedia.org/wiki/The_Drowsy_Chaperone
2006,60th Tony Awards,/wiki/60th_Tony_Awards,False,Des McAnuff,https://en.wikipedia.org/wiki/Des_McAnuff,Jersey Boys†,https://en.wikipedia.org/wiki/Jersey_Boys
2006,60th Tony Awards,/wiki/60th_Tony_Awards,True,John Doyle,https://en.wikipedia.org/wiki/John_Doyle_(director),Sweeney Todd: The Demon Barber of Fleet Street,https://en.wikipedia.org/wiki/Sweeney_Todd:_The_Demon_Barber_of_Fleet_Street
2006,60th Tony Awards,/wiki/60th_Tony_Awards,False,Kathleen Marshall,https://en.wikipedia.org/wiki/Kathleen_Marshall,The Pajama Game*,https://en.wikipedia.org/wiki/The_Pajama_Game
2007,61st Tony Awards,/wiki/61st_Tony_Awards,True,Michael Mayer,https://en.wikipedia.org/wiki/Michael_Mayer_(director),Spring Awakening†,https://en.wikipedia.org/wiki/Spring_Awakening_(musical)
2007,61st Tony Awards,/wiki/61st_Tony_Awards,False,John Doyle,https://en.wikipedia.org/wiki/John_Doyle_(director),Company*,https://en.wikipedia.org/wiki/Company_(musical)
2007,61st Tony Awards,/wiki/61st_Tony_Awards,False,Scott Ellis,https://en.wikipedia.org/wiki/Scott_Ellis,Curtains,https://en.wikipedia.org/wiki/Curtains_(musical)
2007,61st Tony Awards,/wiki/61st_Tony_Awards,False,Michael Greif,https://en.wikipedia.org/wiki/Michael_Greif,Grey Gardens,https://en.wikipedia.org/wiki/Grey_Gardens_(musical)
2008,62nd Tony Awards,/wiki/62nd_Tony_Awards,True,Bartlett Sher,https://en.wikipedia.org/wiki/Bartlett_Sher,South Pacific*,https://en.wikipedia.org/wiki/South_Pacific_(musical)
2008,62nd Tony Awards,/wiki/62nd_Tony_Awards,False,Sam Buntrock,https://en.wikipedia.org/wiki/Sam_Buntrock,Sunday in the Park with George,https://en.wikipedia.org/wiki/Sunday_in_the_Park_with_George
2008,62nd Tony Awards,/wiki/62nd_Tony_Awards,False,Thomas Kail,https://en.wikipedia.org/wiki/Thomas_Kail,In the Heights†,https://en.wikipedia.org/wiki/In_the_Heights
2008,62nd Tony Awards,/wiki/62nd_Tony_Awards,False,Arthur Laurents,https://en.wikipedia.org/wiki/Arthur_Laurents,Gypsy,https://en.wikipedia.org/wiki/Gypsy_(musical)
2009,63rd Tony Awards,/wiki/63rd_Tony_Awards,False,Diane Paulus,https://en.wikipedia.org/wiki/Diane_Paulus,Hair*,https://en.wikipedia.org/wiki/Hair_(musical)
2009,63rd Tony Awards,/wiki/63rd_Tony_Awards,True,Stephen Daldry,https://en.wikipedia.org/wiki/Stephen_Daldry,Billy Elliot the Musical†,https://en.wikipedia.org/wiki/Billy_Elliot_the_Musical
2009,63rd Tony Awards,/wiki/63rd_Tony_Awards,False,Michael Greif,https://en.wikipedia.org/wiki/Michael_Greif,Next to Normal,https://en.wikipedia.org/wiki/Next_to_Normal
2009,63rd Tony Awards,/wiki/63rd_Tony_Awards,False,Kristin Hanggi,https://en.wikipedia.org/wiki/Kristin_Hanggi,Rock of Ages,https://en.wikipedia.org/wiki/Rock_of_Ages_(musical)
2010,64th Tony Awards,/wiki/64th_Tony_Awards,False,Bill T. Jones,https://en.wikipedia.org/wiki/Bill_T._Jones,Fela!,https://en.wikipedia.org/wiki/Fela!
2010,64th Tony Awards,/wiki/64th_Tony_Awards,False,Marcia Milgrom Dodge,https://en.wikipedia.org/wiki/Marcia_Milgrom_Dodge,Ragtime,https://en.wikipedia.org/wiki/Ragtime_(musical)
2010,64th Tony Awards,/wiki/64th_Tony_Awards,True,Terry Johnson,https://en.wikipedia.org/wiki/Terry_Johnson_(dramatist),La Cage aux Folles*,https://en.wikipedia.org/wiki/La_Cage_aux_Folles_(musical)
2010,64th Tony Awards,/wiki/64th_Tony_Awards,False,Christopher Ashley,https://en.wikipedia.org/wiki/Christopher_Ashley,Memphis†,https://en.wikipedia.org/wiki/Memphis_(musical)
2011,65th Tony Awards,/wiki/65th_Tony_Awards,True,Casey NicholawandTrey Parker,https://en.wikipedia.org/wiki/Casey_Nicholaw,The Book of Mormon†,https://en.wikipedia.org/wiki/The_Book_of_Mormon_(musical)
2011,65th Tony Awards,/wiki/65th_Tony_Awards,False,Rob Ashford,https://en.wikipedia.org/wiki/Rob_Ashford,How to Succeed in Business Without Really Trying,https://en.wikipedia.org/wiki/How_to_Succeed_in_Business_Without_Really_Trying_(musical)
2011,65th Tony Awards,/wiki/65th_Tony_Awards,False,Kathleen Marshall,https://en.wikipedia.org/wiki/Kathleen_Marshall,Anything Goes*,https://en.wikipedia.org/wiki/Anything_Goes
2011,65th Tony Awards,/wiki/65th_Tony_Awards,False,Susan Stroman,https://en.wikipedia.org/wiki/Susan_Stroman,The Scottsboro Boys,https://en.wikipedia.org/wiki/The_Scottsboro_Boys_(musical)
2012,66th Tony Awards,/wiki/66th_Tony_Awards,False,Kathleen Marshall,https://en.wikipedia.org/wiki/Kathleen_Marshall,Nice Work If You Can Get It,https://en.wikipedia.org/wiki/Nice_Work_If_You_Can_Get_It_(musical)
2012,66th Tony Awards,/wiki/66th_Tony_Awards,True,John Tiffany,https://en.wikipedia.org/wiki/John_Tiffany,Once†,https://en.wikipedia.org/wiki/Once_(musical)
2012,66th Tony Awards,/wiki/66th_Tony_Awards,False,Jeff Calhoun,https://en.wikipedia.org/wiki/Jeff_Calhoun_(choreographer),Newsies,https://en.wikipedia.org/wiki/Newsies_(musical)
2012,66th Tony Awards,/wiki/66th_Tony_Awards,False,Diane Paulus,https://en.wikipedia.org/wiki/Diane_Paulus,Porgy and Bess*,https://en.wikipedia.org/wiki/Porgy_and_Bess
2013,67th Tony Awards,/wiki/67th_Tony_Awards,False,Matthew Warchus,https://en.wikipedia.org/wiki/Matthew_Warchus,Matilda the Musical,https://en.wikipedia.org/wiki/Matilda_the_Musical
2013,67th Tony Awards,/wiki/67th_Tony_Awards,False,Jerry Mitchell,https://en.wikipedia.org/wiki/Jerry_Mitchell,Kinky Boots†,https://en.wikipedia.org/wiki/Kinky_Boots_(musical)
2013,67th Tony Awards,/wiki/67th_Tony_Awards,False,Scott Ellis,https://en.wikipedia.org/wiki/Scott_Ellis,The Mystery of Edwin Drood,https://en.wikipedia.org/wiki/Drood
2013,67th Tony Awards,/wiki/67th_Tony_Awards,True,Diane Paulus,https://en.wikipedia.org/wiki/Diane_Paulus,Pippin*,https://en.wikipedia.org/wiki/Pippin_(musical)
2014,68th Tony Awards,/wiki/68th_Tony_Awards,True,Darko Tresnjak,https://en.wikipedia.org/wiki/Darko_Tresnjak,A Gentleman's Guide to Love and Murder†,https://en.wikipedia.org/wiki/A_Gentleman%27s_Guide_to_Love_and_Murder
2014,68th Tony Awards,/wiki/68th_Tony_Awards,False,Warren Carlyle,https://en.wikipedia.org/wiki/Warren_Carlyle,After Midnight,https://en.wikipedia.org/wiki/After_Midnight_(musical)
2014,68th Tony Awards,/wiki/68th_Tony_Awards,False,Michael Mayer,https://en.wikipedia.org/wiki/Michael_Mayer_(director),Hedwig and the Angry Inch*,https://en.wikipedia.org/wiki/Hedwig_and_the_Angry_Inch_(musical)
2014,68th Tony Awards,/wiki/68th_Tony_Awards,False,Leigh Silverman,https://en.wikipedia.org/wiki/Leigh_Silverman,Violet,https://en.wikipedia.org/wiki/Violet_(musical)
2015,69th Tony Awards,/wiki/69th_Tony_Awards,True,Sam Gold,https://en.wikipedia.org/wiki/Sam_Gold,Fun Home†,https://en.wikipedia.org/wiki/Fun_Home_(musical)
2015,69th Tony Awards,/wiki/69th_Tony_Awards,False,Casey Nicholaw,https://en.wikipedia.org/wiki/Casey_Nicholaw,Something Rotten!,https://en.wikipedia.org/wiki/Something_Rotten!
2015,69th Tony Awards,/wiki/69th_Tony_Awards,False,John Rando,https://en.wikipedia.org/wiki/John_Rando,On the Town,https://en.wikipedia.org/wiki/On_the_Town_(musical)
2015,69th Tony Awards,/wiki/69th_Tony_Awards,False,Bartlett Sher,https://en.wikipedia.org/wiki/Bartlett_Sher,The King and I*,https://en.wikipedia.org/wiki/The_King_and_I
2015,69th Tony Awards,/wiki/69th_Tony_Awards,False,Christopher Wheeldon,https://en.wikipedia.org/wiki/Christopher_Wheeldon,An American in Paris,https://en.wikipedia.org/wiki/An_American_in_Paris_(musical)
2016,70th Tony Awards,/wiki/70th_Tony_Awards,False,George C. Wolfe,https://en.wikipedia.org/wiki/George_C._Wolfe,Shuffle Along,"https://en.wikipedia.org/wiki/Shuffle_Along,_or,_the_Making_of_the_Musical_Sensation_of_1921_and_All_That_Followed"
2016,70th Tony Awards,/wiki/70th_Tony_Awards,False,Scott Ellis,https://en.wikipedia.org/wiki/Scott_Ellis,She Loves Me,https://en.wikipedia.org/wiki/She_Loves_Me
2016,70th Tony Awards,/wiki/70th_Tony_Awards,False,John Doyle,https://en.wikipedia.org/wiki/John_Doyle_(director),The Color Purple*,https://en.wikipedia.org/wiki/The_Color_Purple_(musical)
2016,70th Tony Awards,/wiki/70th_Tony_Awards,False,Michael Arden,https://en.wikipedia.org/wiki/Michael_Arden,Spring Awakening,https://en.wikipedia.org/wiki/Spring_Awakening_(musical)
2016,70th Tony Awards,/wiki/70th_Tony_Awards,True,Thomas Kail,https://en.wikipedia.org/wiki/Thomas_Kail,Hamilton†,https://en.wikipedia.org/wiki/Hamilton_(musical)
2017,71st Tony Awards,/wiki/71st_Tony_Awards,True,Christopher Ashley,https://en.wikipedia.org/wiki/Christopher_Ashley,Come from Away,https://en.wikipedia.org/wiki/Come_from_Away
2017,71st Tony Awards,/wiki/71st_Tony_Awards,False,Michael Greif,https://en.wikipedia.org/wiki/Michael_Greif,Dear Evan Hansen†,https://en.wikipedia.org/wiki/Dear_Evan_Hansen
2017,71st Tony Awards,/wiki/71st_Tony_Awards,False,Rachel Chavkin,https://en.wikipedia.org/wiki/Rachel_Chavkin,"Natasha, Pierre & The Great Comet of 1812","https://en.wikipedia.org/wiki/Natasha,_Pierre_%26_The_Great_Comet_of_1812"
2017,71st Tony Awards,/wiki/71st_Tony_Awards,False,Matthew Warchus,https://en.wikipedia.org/wiki/Matthew_Warchus,Groundhog Day,https://en.wikipedia.org/wiki/Groundhog_Day_(musical)
2017,71st Tony Awards,/wiki/71st_Tony_Awards,False,Jerry Zaks,https://en.wikipedia.org/wiki/Jerry_Zaks,"Hello, Dolly!*","https://en.wikipedia.org/wiki/Hello,_Dolly!_(musical)"
2018,72nd Tony Awards,/wiki/72nd_Tony_Awards,True,David Cromer,https://en.wikipedia.org/wiki/David_Cromer,The Band's Visit†,https://en.wikipedia.org/wiki/The_Band%27s_Visit_(musical)
2018,72nd Tony Awards,/wiki/72nd_Tony_Awards,False,Michael Arden,https://en.wikipedia.org/wiki/Michael_Arden,Once on This Island*,https://en.wikipedia.org/wiki/Once_on_This_Island
2018,72nd Tony Awards,/wiki/72nd_Tony_Awards,False,Tina Landau,https://en.wikipedia.org/wiki/Tina_Landau,SpongeBob SquarePants,https://en.wikipedia.org/wiki/SpongeBob_SquarePants_(musical)
2018,72nd Tony Awards,/wiki/72nd_Tony_Awards,False,Casey Nicholaw,https://en.wikipedia.org/wiki/Casey_Nicholaw,Mean Girls,https://en.wikipedia.org/wiki/Mean_Girls_(musical)
2018,72nd Tony Awards,/wiki/72nd_Tony_Awards,False,Bartlett Sher,https://en.wikipedia.org/wiki/Bartlett_Sher,My Fair Lady,https://en.wikipedia.org/wiki/My_Fair_Lady
2019,73rd Tony Awards,/wiki/73rd_Tony_Awards,False,Daniel Fish,https://en.wikipedia.org/wiki/Daniel_Fish,Oklahoma!*,https://en.wikipedia.org/wiki/Oklahoma!
2019,73rd Tony Awards,/wiki/73rd_Tony_Awards,False,Des McAnuff,https://en.wikipedia.org/wiki/Des_McAnuff,Ain't Too Proud,https://en.wikipedia.org/wiki/Ain%27t_Too_Proud
2019,73rd Tony Awards,/wiki/73rd_Tony_Awards,True,Rachel Chavkin,https://en.wikipedia.org/wiki/Rachel_Chavkin,Hadestown†,https://en.wikipedia.org/wiki/Hadestown
2019,73rd Tony Awards,/wiki/73rd_Tony_Awards,False,Scott Ellis,https://en.wikipedia.org/wiki/Scott_Ellis,Tootsie,https://en.wikipedia.org/wiki/Tootsie_(musical)
2019,73rd Tony Awards,/wiki/73rd_Tony_Awards,False,Casey Nicholaw,https://en.wikipedia.org/wiki/Casey_Nicholaw,The Prom,https://en.wikipedia.org/wiki/The_Prom_(musical)
2020,74th Tony Awards,/wiki/74th_Tony_Awards,False,Diane Paulus,https://en.wikipedia.org/wiki/Diane_Paulus,Jagged Little Pill,https://en.wikipedia.org/wiki/Jagged_Little_Pill_(musical)
2020,74th Tony Awards,/wiki/74th_Tony_Awards,False,Phyllida Lloyd,https://en.wikipedia.org/wiki/Phyllida_Lloyd,Tina: The Tina Turner Musical,https://en.wikipedia.org/wiki/Tina_(musical)
2020,74th Tony Awards,/wiki/74th_Tony_Awards,False,Alex Timbers,https://en.wikipedia.org/wiki/Alex_Timbers,Moulin Rouge! The Musical,https://en.wikipedia.org/wiki/Moulin_Rouge!_(musical)
