year,season,season_link,winner,musical,musical_link,book,book_link,music,music_link,lyrics,lyrics_link
1949,3rd Tony Awards,/wiki/3rd_Tony_Awards,True,"Kiss Me, Kate","https://en.wikipedia.org/wiki/Kiss_Me,_Kate",Bella & Samuel Spewack,https://en.wikipedia.org/wiki/Samuel_and_Bella_Spewack,Cole Porter,https://en.wikipedia.org/wiki/Cole_Porter,Cole Porter,https://en.wikipedia.org/wiki/Cole_Porter
1950,4th Tony Awards,/wiki/4th_Tony_Awards,True,South Pacific†,https://en.wikipedia.org/wiki/South_Pacific_(musical),Oscar Hammerstein II&Joshua Logan,https://en.wikipedia.org/wiki/Oscar_Hammerstein_II,Richard Rodgers,https://en.wikipedia.org/wiki/Richard_Rodgers,Hammerstein,
1951,5th Tony Awards,/wiki/5th_Tony_Awards,True,Guys and Dolls,https://en.wikipedia.org/wiki/Guys_and_Dolls,Abe Burrows&Jo Swerling,https://en.wikipedia.org/wiki/Abe_Burrows,Frank Loesser,https://en.wikipedia.org/wiki/Frank_Loesser,Frank Loesser,https://en.wikipedia.org/wiki/Frank_Loesser
1952,6th Tony Awards,/wiki/6th_Tony_Awards,True,The King and I,https://en.wikipedia.org/wiki/The_King_and_I,Oscar Hammerstein II,https://en.wikipedia.org/wiki/Oscar_Hammerstein_II,Richard Rodgers,https://en.wikipedia.org/wiki/Richard_Rodgers,Hammerstein,
1953,7th Tony Awards,/wiki/7th_Tony_Awards,True,Wonderful Town,https://en.wikipedia.org/wiki/Wonderful_Town,Jerome Chodorov&Joseph Fields,https://en.wikipedia.org/wiki/Jerome_Chodorov,Leonard Bernstein,https://en.wikipedia.org/wiki/Leonard_Bernstein,Betty Comden&Adolph Green,https://en.wikipedia.org/wiki/Betty_Comden
1954,8th Tony Awards,/wiki/8th_Tony_Awards,True,Kismet,https://en.wikipedia.org/wiki/Kismet_(musical),Luther Davis&Charles Lederer,https://en.wikipedia.org/wiki/Luther_Davis,Alexander Borodin,https://en.wikipedia.org/wiki/Alexander_Borodin,Chet Forrest&Bob Wright,https://en.wikipedia.org/wiki/George_Forrest_(author)
1955,9th Tony Awards,/wiki/9th_Tony_Awards,True,The Pajama Game,https://en.wikipedia.org/wiki/The_Pajama_Game,George Abbott&Richard Pike Bissell,https://en.wikipedia.org/wiki/George_Abbott,Richard Adler&Jerry Ross,https://en.wikipedia.org/wiki/Richard_Adler,Richard Adler&Jerry Ross,https://en.wikipedia.org/wiki/Richard_Adler
1956,10th Tony Awards,/wiki/10th_Tony_Awards,True,Damn Yankees,https://en.wikipedia.org/wiki/Damn_Yankees,George Abbott&Douglass Wallop,https://en.wikipedia.org/wiki/George_Abbott,Richard Adler,https://en.wikipedia.org/wiki/Richard_Adler,Jerry Ross,https://en.wikipedia.org/wiki/Jerry_Ross_(composer)
1956,10th Tony Awards,/wiki/10th_Tony_Awards,False,Pipe Dream,https://en.wikipedia.org/wiki/Pipe_Dream_(musical),Oscar Hammerstein II,https://en.wikipedia.org/wiki/Oscar_Hammerstein_II,Richard Rodgers,https://en.wikipedia.org/wiki/Richard_Rodgers,Hammerstein,
1957,11th Tony Awards,/wiki/11th_Tony_Awards,True,My Fair Lady,https://en.wikipedia.org/wiki/My_Fair_Lady,Alan Jay Lerner,https://en.wikipedia.org/wiki/Alan_Jay_Lerner,Frederick Loewe,https://en.wikipedia.org/wiki/Frederick_Loewe,Lerner,
1957,11th Tony Awards,/wiki/11th_Tony_Awards,False,Bells Are Ringing,https://en.wikipedia.org/wiki/Bells_Are_Ringing_(musical),Betty Comden&Adolph Green,https://en.wikipedia.org/wiki/Betty_Comden,Jule Styne,https://en.wikipedia.org/wiki/Jule_Styne,Comden & Green,
1957,11th Tony Awards,/wiki/11th_Tony_Awards,False,Candide,https://en.wikipedia.org/wiki/Candide_(operetta),Lillian Hellman,https://en.wikipedia.org/wiki/Lillian_Hellman,Leonard Bernstein,https://en.wikipedia.org/wiki/Leonard_Bernstein,Richard Wilbur,https://en.wikipedia.org/wiki/Richard_Wilbur
1957,11th Tony Awards,/wiki/11th_Tony_Awards,False,The Most Happy Fella,https://en.wikipedia.org/wiki/The_Most_Happy_Fella,Frank Loesser,https://en.wikipedia.org/wiki/Frank_Loesser,Frank Loesser,https://en.wikipedia.org/wiki/Frank_Loesser,Frank Loesser,https://en.wikipedia.org/wiki/Frank_Loesser
1958,12th Tony Awards,/wiki/12th_Tony_Awards,False,Jamaica,https://en.wikipedia.org/wiki/Jamaica_(musical),Yip Harburg&Fred Saidy,https://en.wikipedia.org/wiki/Yip_Harburg,Harold Arlen,https://en.wikipedia.org/wiki/Harold_Arlen,Harburg,
1958,12th Tony Awards,/wiki/12th_Tony_Awards,False,"Oh, Captain!","https://en.wikipedia.org/wiki/Oh,_Captain!",José Ferrer&Al Morgan,https://en.wikipedia.org/wiki/Jos%C3%A9_Ferrer,Ray Evans&Jay Livingston,https://en.wikipedia.org/wiki/Ray_Evans,Ray Evans&Jay Livingston,https://en.wikipedia.org/wiki/Ray_Evans
1958,12th Tony Awards,/wiki/12th_Tony_Awards,False,New Girl in Town,https://en.wikipedia.org/wiki/New_Girl_in_Town,George Abbott,https://en.wikipedia.org/wiki/George_Abbott,Bob Merrill,https://en.wikipedia.org/wiki/Bob_Merrill,Bob Merrill,https://en.wikipedia.org/wiki/Bob_Merrill
1958,12th Tony Awards,/wiki/12th_Tony_Awards,False,West Side Story,https://en.wikipedia.org/wiki/West_Side_Story,Arthur Laurents,https://en.wikipedia.org/wiki/Arthur_Laurents,Leonard Bernstein,https://en.wikipedia.org/wiki/Leonard_Bernstein,Stephen Sondheim,https://en.wikipedia.org/wiki/Stephen_Sondheim
1958,12th Tony Awards,/wiki/12th_Tony_Awards,True,The Music Man,https://en.wikipedia.org/wiki/The_Music_Man,Franklin Lacey&Meredith Willson,https://en.wikipedia.org/wiki/Franklin_Lacey,Willson,,Willson,
1959,13th Tony Awards,/wiki/13th_Tony_Awards,True,Redhead,https://en.wikipedia.org/wiki/Redhead_(musical),"Dorothy,Herbert Fields, David Shaw &Sidney Sheldon",https://en.wikipedia.org/wiki/Dorothy_Fields,Albert Hague,https://en.wikipedia.org/wiki/Albert_Hague,D. Fields,
1959,13th Tony Awards,/wiki/13th_Tony_Awards,False,Flower Drum Song,https://en.wikipedia.org/wiki/Flower_Drum_Song,Joseph Fields&Oscar Hammerstein II,https://en.wikipedia.org/wiki/Joseph_Fields,Richard Rodgers,https://en.wikipedia.org/wiki/Richard_Rodgers,Hammerstein,
1959,13th Tony Awards,/wiki/13th_Tony_Awards,False,La Plume de Ma Tante,https://en.wikipedia.org/wiki/La_Plume_de_Ma_Tante,Robert Dhéry,https://en.wikipedia.org/wiki/Robert_Dh%C3%A9ry,Gérard Calvi,https://en.wikipedia.org/wiki/G%C3%A9rard_Calvi,Ross Parker,
1960,14th Tony Awards,/wiki/14th_Tony_Awards,True,The Sound of Music,https://en.wikipedia.org/wiki/The_Sound_of_Music,Russel Crouse&Howard Lindsay,https://en.wikipedia.org/wiki/Russel_Crouse,Richard Rodgers,https://en.wikipedia.org/wiki/Richard_Rodgers,Oscar Hammerstein II,https://en.wikipedia.org/wiki/Oscar_Hammerstein_II
1960,14th Tony Awards,/wiki/14th_Tony_Awards,True,Fiorello!†,https://en.wikipedia.org/wiki/Fiorello!,George Abbott&Jerome Weidman,https://en.wikipedia.org/wiki/George_Abbott,Jerry Bock,https://en.wikipedia.org/wiki/Jerry_Bock,Sheldon Harnick,https://en.wikipedia.org/wiki/Sheldon_Harnick
1960,14th Tony Awards,/wiki/14th_Tony_Awards,False,Gypsy,https://en.wikipedia.org/wiki/Gypsy_(musical),Arthur Laurents,https://en.wikipedia.org/wiki/Arthur_Laurents,Jule Styne,https://en.wikipedia.org/wiki/Jule_Styne,Stephen Sondheim,https://en.wikipedia.org/wiki/Stephen_Sondheim
1960,14th Tony Awards,/wiki/14th_Tony_Awards,False,Once Upon a Mattress,https://en.wikipedia.org/wiki/Once_Upon_a_Mattress,"Marshall Barer, Dean Fuller &Jay Thompson",https://en.wikipedia.org/wiki/Marshall_Barer,Mary Rodgers,https://en.wikipedia.org/wiki/Mary_Rodgers,Barer,
1960,14th Tony Awards,/wiki/14th_Tony_Awards,False,Take Me Along,https://en.wikipedia.org/wiki/Take_Me_Along,Bob Russell&Joseph Stein,https://en.wikipedia.org/wiki/Bob_Russell_(songwriter),Bob Merrill,https://en.wikipedia.org/wiki/Bob_Merrill,Bob Merrill,https://en.wikipedia.org/wiki/Bob_Merrill
1961,15th Tony Awards,/wiki/15th_Tony_Awards,True,Bye Bye Birdie,https://en.wikipedia.org/wiki/Bye_Bye_Birdie,Michael Stewart,https://en.wikipedia.org/wiki/Michael_Stewart_(playwright),Charles Strouse,https://en.wikipedia.org/wiki/Charles_Strouse,Lee Adams,https://en.wikipedia.org/wiki/Lee_Adams
1961,15th Tony Awards,/wiki/15th_Tony_Awards,False,Do Re Mi,https://en.wikipedia.org/wiki/Do_Re_Mi_(musical),Garson Kanin,https://en.wikipedia.org/wiki/Garson_Kanin,Jule Styne,https://en.wikipedia.org/wiki/Jule_Styne,Betty Comden&Adolph Green,https://en.wikipedia.org/wiki/Betty_Comden
1961,15th Tony Awards,/wiki/15th_Tony_Awards,False,Irma La Douce,https://en.wikipedia.org/wiki/Irma_La_Douce_(musical),"Alexandre Breffort,David Heneker, Julian More &Monty Norman",https://en.wikipedia.org/wiki/Alexandre_Breffort,Marguerite Monnot,https://en.wikipedia.org/wiki/Marguerite_Monnot,"Breffort, Heneker, More & Norman",
1962,16th Tony Awards,/wiki/16th_Tony_Awards,False,No Strings,https://en.wikipedia.org/wiki/No_Strings,Samuel A. Taylor,https://en.wikipedia.org/wiki/Samuel_A._Taylor,Richard Rodgers,https://en.wikipedia.org/wiki/Richard_Rodgers,Richard Rodgers,https://en.wikipedia.org/wiki/Richard_Rodgers
1962,16th Tony Awards,/wiki/16th_Tony_Awards,False,Milk and Honey,https://en.wikipedia.org/wiki/Milk_and_Honey_(musical),Don Appell,,Jerry Herman,https://en.wikipedia.org/wiki/Jerry_Herman,Jerry Herman,https://en.wikipedia.org/wiki/Jerry_Herman
1962,16th Tony Awards,/wiki/16th_Tony_Awards,False,Carnival!,https://en.wikipedia.org/wiki/Carnival!,Helen Deutsch&Michael Stewart,https://en.wikipedia.org/wiki/Helen_Deutsch,Bob Merrill,https://en.wikipedia.org/wiki/Bob_Merrill,Bob Merrill,https://en.wikipedia.org/wiki/Bob_Merrill
1962,16th Tony Awards,/wiki/16th_Tony_Awards,True,How to Succeed in Business Without Really Trying†,https://en.wikipedia.org/wiki/How_to_Succeed_in_Business_Without_Really_Trying_(musical),"Abe Burrows,Willie Gilbert&Jack Weinstock",https://en.wikipedia.org/wiki/Abe_Burrows,Frank Loesser,https://en.wikipedia.org/wiki/Frank_Loesser,Frank Loesser,https://en.wikipedia.org/wiki/Frank_Loesser
1963,17th Tony Awards,/wiki/17th_Tony_Awards,True,A Funny Thing Happened on the Way to the Forum,https://en.wikipedia.org/wiki/A_Funny_Thing_Happened_on_the_Way_to_the_Forum,Larry Gelbart&Burt Shevelove,https://en.wikipedia.org/wiki/Larry_Gelbart,Stephen Sondheim,https://en.wikipedia.org/wiki/Stephen_Sondheim,Stephen Sondheim,https://en.wikipedia.org/wiki/Stephen_Sondheim
1963,17th Tony Awards,/wiki/17th_Tony_Awards,False,Little Me,https://en.wikipedia.org/wiki/Little_Me_(musical),Neil Simon,https://en.wikipedia.org/wiki/Neil_Simon,Cy Coleman,https://en.wikipedia.org/wiki/Cy_Coleman,Carolyn Leigh,https://en.wikipedia.org/wiki/Carolyn_Leigh
1963,17th Tony Awards,/wiki/17th_Tony_Awards,False,Oliver!,https://en.wikipedia.org/wiki/Oliver!,Lionel Bart,https://en.wikipedia.org/wiki/Lionel_Bart,Lionel Bart,https://en.wikipedia.org/wiki/Lionel_Bart,Lionel Bart,https://en.wikipedia.org/wiki/Lionel_Bart
1963,17th Tony Awards,/wiki/17th_Tony_Awards,False,Stop the World – I Want to Get Off,https://en.wikipedia.org/wiki/Stop_the_World_%E2%80%93_I_Want_to_Get_Off,Leslie Bricusse&Anthony Newley,https://en.wikipedia.org/wiki/Leslie_Bricusse,Leslie Bricusse&Anthony Newley,https://en.wikipedia.org/wiki/Leslie_Bricusse,Leslie Bricusse&Anthony Newley,https://en.wikipedia.org/wiki/Leslie_Bricusse
1964,18th Tony Awards,/wiki/18th_Tony_Awards,True,"Hello, Dolly!","https://en.wikipedia.org/wiki/Hello,_Dolly!_(musical)",Michael Stewart,https://en.wikipedia.org/wiki/Michael_Stewart_(playwright),Jerry Herman,https://en.wikipedia.org/wiki/Jerry_Herman,Jerry Herman,https://en.wikipedia.org/wiki/Jerry_Herman
1964,18th Tony Awards,/wiki/18th_Tony_Awards,False,Funny Girl,https://en.wikipedia.org/wiki/Funny_Girl_(musical),Isobel Lennart,https://en.wikipedia.org/wiki/Isobel_Lennart,Jule Styne,https://en.wikipedia.org/wiki/Jule_Styne,Bob Merrill,https://en.wikipedia.org/wiki/Bob_Merrill
1964,18th Tony Awards,/wiki/18th_Tony_Awards,False,High Spirits,https://en.wikipedia.org/wiki/High_Spirits_(musical),Timothy Gray&Hugh Martin,https://en.wikipedia.org/wiki/Timothy_Gray,Timothy Gray&Hugh Martin,https://en.wikipedia.org/wiki/Timothy_Gray,Timothy Gray&Hugh Martin,https://en.wikipedia.org/wiki/Timothy_Gray
1964,18th Tony Awards,/wiki/18th_Tony_Awards,False,She Loves Me,https://en.wikipedia.org/wiki/She_Loves_Me,Joe Masteroff,https://en.wikipedia.org/wiki/Joe_Masteroff,Jerry Bock,https://en.wikipedia.org/wiki/Jerry_Bock,Sheldon Harnick,https://en.wikipedia.org/wiki/Sheldon_Harnick
1965,19th Tony Awards,/wiki/19th_Tony_Awards,True,Fiddler on the Roof,https://en.wikipedia.org/wiki/Fiddler_on_the_Roof,Joseph Stein,https://en.wikipedia.org/wiki/Joseph_Stein,Jerry Bock,https://en.wikipedia.org/wiki/Jerry_Bock,Sheldon Harnick,https://en.wikipedia.org/wiki/Sheldon_Harnick
1965,19th Tony Awards,/wiki/19th_Tony_Awards,False,Golden Boy,https://en.wikipedia.org/wiki/Golden_Boy_(musical),William Gibson&Clifford Odets,https://en.wikipedia.org/wiki/William_Gibson_(playwright),Charles Strouse,https://en.wikipedia.org/wiki/Charles_Strouse,Lee Adams,https://en.wikipedia.org/wiki/Lee_Adams
1965,19th Tony Awards,/wiki/19th_Tony_Awards,False,Half a Sixpence,https://en.wikipedia.org/wiki/Half_a_Sixpence,Beverley Cross,https://en.wikipedia.org/wiki/Beverley_Cross,David Heneker,https://en.wikipedia.org/wiki/David_Heneker,David Heneker,https://en.wikipedia.org/wiki/David_Heneker
1965,19th Tony Awards,/wiki/19th_Tony_Awards,False,"Oh, What a Lovely War!","https://en.wikipedia.org/wiki/Oh,_What_a_Lovely_War!",Joan Littlewood&Theatre Workshop,https://en.wikipedia.org/wiki/Joan_Littlewood,Various,,Various,
1966,20th Tony Awards,/wiki/20th_Tony_Awards,False,Sweet Charity,https://en.wikipedia.org/wiki/Sweet_Charity,Neil Simon,https://en.wikipedia.org/wiki/Neil_Simon,Cy Coleman,https://en.wikipedia.org/wiki/Cy_Coleman,Dorothy Fields,https://en.wikipedia.org/wiki/Dorothy_Fields
1966,20th Tony Awards,/wiki/20th_Tony_Awards,False,Skyscraper,https://en.wikipedia.org/wiki/Skyscraper_(musical),Peter Stone,https://en.wikipedia.org/wiki/Peter_Stone,Jimmy Van Heusen,https://en.wikipedia.org/wiki/Jimmy_Van_Heusen,Sammy Cahn,https://en.wikipedia.org/wiki/Sammy_Cahn
1966,20th Tony Awards,/wiki/20th_Tony_Awards,False,Mame,https://en.wikipedia.org/wiki/Mame_(musical),Jerome Lawrence&Robert E. Lee,https://en.wikipedia.org/wiki/Jerome_Lawrence,Jerry Herman,https://en.wikipedia.org/wiki/Jerry_Herman,Jerry Herman,https://en.wikipedia.org/wiki/Jerry_Herman
1966,20th Tony Awards,/wiki/20th_Tony_Awards,True,Man of La Mancha,https://en.wikipedia.org/wiki/Man_of_La_Mancha,Dale Wasserman,https://en.wikipedia.org/wiki/Dale_Wasserman,Mitch Leigh,https://en.wikipedia.org/wiki/Mitch_Leigh,Joe Darion,https://en.wikipedia.org/wiki/Joe_Darion
1967,21st Tony Awards,/wiki/21st_Tony_Awards,True,Cabaret,https://en.wikipedia.org/wiki/Cabaret_(musical),Joe Masteroff,https://en.wikipedia.org/wiki/Joe_Masteroff,John Kander,https://en.wikipedia.org/wiki/John_Kander,Fred Ebb,https://en.wikipedia.org/wiki/Fred_Ebb
1967,21st Tony Awards,/wiki/21st_Tony_Awards,False,I Do! I Do!,https://en.wikipedia.org/wiki/I_Do!_I_Do!,Tom Jones,https://en.wikipedia.org/wiki/Tom_Jones_(writer),Harvey Schmidt,https://en.wikipedia.org/wiki/Harvey_Schmidt,Jones,
1967,21st Tony Awards,/wiki/21st_Tony_Awards,False,The Apple Tree,https://en.wikipedia.org/wiki/The_Apple_Tree,Jerry Bock&Sheldon Harnick,https://en.wikipedia.org/wiki/Jerry_Bock,Bock,,Harnick,
1967,21st Tony Awards,/wiki/21st_Tony_Awards,False,Walking Happy,https://en.wikipedia.org/wiki/Walking_Happy,Ketti Frings&Roger O. Hirson,https://en.wikipedia.org/wiki/Ketti_Frings,Jimmy Van Heusen,https://en.wikipedia.org/wiki/Jimmy_Van_Heusen,Sammy Cahn,https://en.wikipedia.org/wiki/Sammy_Cahn
1968,22nd Tony Awards,/wiki/22nd_Tony_Awards,True,"Hallelujah, Baby!","https://en.wikipedia.org/wiki/Hallelujah,_Baby!",Arthur Laurents,https://en.wikipedia.org/wiki/Arthur_Laurents,Jule Styne,https://en.wikipedia.org/wiki/Jule_Styne,Betty Comden&Adolph Green,https://en.wikipedia.org/wiki/Betty_Comden
1968,22nd Tony Awards,/wiki/22nd_Tony_Awards,False,The Happy Time,https://en.wikipedia.org/wiki/The_Happy_Time_(musical),N. Richard Nash,https://en.wikipedia.org/wiki/N._Richard_Nash,John Kander,https://en.wikipedia.org/wiki/John_Kander,Fred Ebb,https://en.wikipedia.org/wiki/Fred_Ebb
1968,22nd Tony Awards,/wiki/22nd_Tony_Awards,False,"How Now, Dow Jones","https://en.wikipedia.org/wiki/How_Now,_Dow_Jones",Max Shulman,https://en.wikipedia.org/wiki/Max_Shulman,Elmer Bernstein,https://en.wikipedia.org/wiki/Elmer_Bernstein,Carolyn Leigh,https://en.wikipedia.org/wiki/Carolyn_Leigh
1968,22nd Tony Awards,/wiki/22nd_Tony_Awards,False,Illya Darling,https://en.wikipedia.org/wiki/Illya_Darling,Jules Dassin,https://en.wikipedia.org/wiki/Jules_Dassin,Manos Hatzidakis,https://en.wikipedia.org/wiki/Manos_Hatzidakis,Joe Darion,https://en.wikipedia.org/wiki/Joe_Darion
1969,23rd Tony Awards,/wiki/23rd_Tony_Awards,True,1776,https://en.wikipedia.org/wiki/1776_(musical),Peter Stone,https://en.wikipedia.org/wiki/Peter_Stone,Sherman Edwards,https://en.wikipedia.org/wiki/Sherman_Edwards,Sherman Edwards,https://en.wikipedia.org/wiki/Sherman_Edwards
1969,23rd Tony Awards,/wiki/23rd_Tony_Awards,False,Hair,https://en.wikipedia.org/wiki/Hair_(musical),James Rado&Gerome Ragni,https://en.wikipedia.org/wiki/James_Rado,Galt MacDermot,https://en.wikipedia.org/wiki/Galt_MacDermot,Rado,
1969,23rd Tony Awards,/wiki/23rd_Tony_Awards,False,"Promises, Promises","https://en.wikipedia.org/wiki/Promises,_Promises_(musical)",Neil Simon,https://en.wikipedia.org/wiki/Neil_Simon,Burt Bacharach,https://en.wikipedia.org/wiki/Burt_Bacharach,Hal David,https://en.wikipedia.org/wiki/Hal_David
1969,23rd Tony Awards,/wiki/23rd_Tony_Awards,False,Zorba,https://en.wikipedia.org/wiki/Zorba_(musical),Joseph Stein,https://en.wikipedia.org/wiki/Joseph_Stein,John Kander,https://en.wikipedia.org/wiki/John_Kander,Fred Ebb,https://en.wikipedia.org/wiki/Fred_Ebb
1970,24th Tony Awards,/wiki/24th_Tony_Awards,False,Coco,https://en.wikipedia.org/wiki/Coco_(musical),Alan Jay Lerner,https://en.wikipedia.org/wiki/Alan_Jay_Lerner,André Previn,https://en.wikipedia.org/wiki/Andr%C3%A9_Previn,Lerner,
1970,24th Tony Awards,/wiki/24th_Tony_Awards,False,Purlie,https://en.wikipedia.org/wiki/Purlie,"Ossie Davis,Philip Rose& Peter Udell",https://en.wikipedia.org/wiki/Ossie_Davis,Gary Geld,,Udell,
1970,24th Tony Awards,/wiki/24th_Tony_Awards,True,Applause,https://en.wikipedia.org/wiki/Applause_(musical),Betty Comden&Adolph Green,https://en.wikipedia.org/wiki/Betty_Comden,Charles Strouse,https://en.wikipedia.org/wiki/Charles_Strouse,Lee Adams,https://en.wikipedia.org/wiki/Lee_Adams
1971,25th Tony Awards,/wiki/25th_Tony_Awards,True,Company,https://en.wikipedia.org/wiki/Company_(musical),George Furth,https://en.wikipedia.org/wiki/George_Furth,Stephen Sondheim,https://en.wikipedia.org/wiki/Stephen_Sondheim,Stephen Sondheim,https://en.wikipedia.org/wiki/Stephen_Sondheim
1971,25th Tony Awards,/wiki/25th_Tony_Awards,False,The Me Nobody Knows,https://en.wikipedia.org/wiki/The_Me_Nobody_Knows,"Stephen M. Joseph, Robert H. Livingston & Herb Schapiro",,Gary William Friedman,https://en.wikipedia.org/wiki/Gary_William_Friedman,Will Holt,https://en.wikipedia.org/wiki/Will_Holt
1971,25th Tony Awards,/wiki/25th_Tony_Awards,False,The Rothschilds,https://en.wikipedia.org/wiki/The_Rothschilds_(musical),Sherman Yellen,https://en.wikipedia.org/wiki/Sherman_Yellen,Jerry Bock,https://en.wikipedia.org/wiki/Jerry_Bock,Sheldon Harnick,https://en.wikipedia.org/wiki/Sheldon_Harnick
1972,26th Tony Awards,/wiki/26th_Tony_Awards,True,Two Gentlemen of Verona,https://en.wikipedia.org/wiki/Two_Gentlemen_of_Verona_(musical),John Guare&Mel Shapiro,https://en.wikipedia.org/wiki/John_Guare,Galt MacDermot,https://en.wikipedia.org/wiki/Galt_MacDermot,Guare,
1972,26th Tony Awards,/wiki/26th_Tony_Awards,False,Ain't Supposed to Die a Natural Death,https://en.wikipedia.org/wiki/Ain%27t_Supposed_to_Die_a_Natural_Death,Melvin Van Peebles,https://en.wikipedia.org/wiki/Melvin_Van_Peebles,Melvin Van Peebles,https://en.wikipedia.org/wiki/Melvin_Van_Peebles,Melvin Van Peebles,https://en.wikipedia.org/wiki/Melvin_Van_Peebles
1972,26th Tony Awards,/wiki/26th_Tony_Awards,False,Follies,https://en.wikipedia.org/wiki/Follies,James Goldman,https://en.wikipedia.org/wiki/James_Goldman,Stephen Sondheim,https://en.wikipedia.org/wiki/Stephen_Sondheim,Stephen Sondheim,https://en.wikipedia.org/wiki/Stephen_Sondheim
1972,26th Tony Awards,/wiki/26th_Tony_Awards,False,Grease,https://en.wikipedia.org/wiki/Grease_(musical),Warren Casey&Jim Jacobs,https://en.wikipedia.org/wiki/Warren_Casey,Warren Casey&Jim Jacobs,https://en.wikipedia.org/wiki/Warren_Casey,Warren Casey&Jim Jacobs,https://en.wikipedia.org/wiki/Warren_Casey
1973,27th Tony Awards,/wiki/27th_Tony_Awards,False,Sugar,https://en.wikipedia.org/wiki/Sugar_(musical),Peter Stone,https://en.wikipedia.org/wiki/Peter_Stone,Jule Styne,https://en.wikipedia.org/wiki/Jule_Styne,Bob Merrill,https://en.wikipedia.org/wiki/Bob_Merrill
1973,27th Tony Awards,/wiki/27th_Tony_Awards,False,Pippin,https://en.wikipedia.org/wiki/Pippin_(musical),Bob Fosse&Roger O. Hirson,https://en.wikipedia.org/wiki/Bob_Fosse,Stephen Schwartz,https://en.wikipedia.org/wiki/Stephen_Schwartz_(composer),Stephen Schwartz,https://en.wikipedia.org/wiki/Stephen_Schwartz_(composer)
1973,27th Tony Awards,/wiki/27th_Tony_Awards,True,A Little Night Music,https://en.wikipedia.org/wiki/A_Little_Night_Music,Hugh Wheeler,https://en.wikipedia.org/wiki/Hugh_Wheeler,Stephen Sondheim,https://en.wikipedia.org/wiki/Stephen_Sondheim,Stephen Sondheim,https://en.wikipedia.org/wiki/Stephen_Sondheim
1973,27th Tony Awards,/wiki/27th_Tony_Awards,False,"Don't Bother Me, I Can't Cope","https://en.wikipedia.org/wiki/Don%27t_Bother_Me,_I_Can%27t_Cope",Micki Grant,https://en.wikipedia.org/wiki/Micki_Grant,Micki Grant,https://en.wikipedia.org/wiki/Micki_Grant,Micki Grant,https://en.wikipedia.org/wiki/Micki_Grant
1974,28th Tony Awards,/wiki/28th_Tony_Awards,True,Raisin,https://en.wikipedia.org/wiki/Raisin_(musical),Robert Nemiroff & Charlotte Zaltzberg,,Judd Woldin,https://en.wikipedia.org/wiki/Judd_Woldin,Robert Brittan,
1974,28th Tony Awards,/wiki/28th_Tony_Awards,False,Seesaw,https://en.wikipedia.org/wiki/Seesaw_(musical),Michael Bennett,https://en.wikipedia.org/wiki/Michael_Bennett_(theater),Cy Coleman,https://en.wikipedia.org/wiki/Cy_Coleman,Dorothy Fields,https://en.wikipedia.org/wiki/Dorothy_Fields
1974,28th Tony Awards,/wiki/28th_Tony_Awards,False,Over Here!,https://en.wikipedia.org/wiki/Over_Here!,Will Holt,https://en.wikipedia.org/wiki/Will_Holt,Sherman Brothers,https://en.wikipedia.org/wiki/Sherman_Brothers,Sherman Brothers,https://en.wikipedia.org/wiki/Sherman_Brothers
1975,29th Tony Awards,/wiki/29th_Tony_Awards,False,The Lieutenant,https://en.wikipedia.org/wiki/The_Lieutenant_(musical),"Gene Curty, Nitra Scharfman & Chuck Strand",,"Gene Curty, Nitra Scharfman & Chuck Strand",,"Gene Curty, Nitra Scharfman & Chuck Strand",
1975,29th Tony Awards,/wiki/29th_Tony_Awards,False,Shenandoah,https://en.wikipedia.org/wiki/Shenandoah_(musical),"James Lee Barrett,Philip Rose& Peter Udell",https://en.wikipedia.org/wiki/James_Lee_Barrett,Gary Geld,,Udell,
1975,29th Tony Awards,/wiki/29th_Tony_Awards,False,Mack & Mabel,https://en.wikipedia.org/wiki/Mack_%26_Mabel,Michael Stewart,https://en.wikipedia.org/wiki/Michael_Stewart_(playwright),Jerry Herman,https://en.wikipedia.org/wiki/Jerry_Herman,Jerry Herman,https://en.wikipedia.org/wiki/Jerry_Herman
1975,29th Tony Awards,/wiki/29th_Tony_Awards,True,The Wiz,https://en.wikipedia.org/wiki/The_Wiz,William F. Brown,https://en.wikipedia.org/wiki/William_F._Brown_(writer),Charlie Smalls,https://en.wikipedia.org/wiki/Charlie_Smalls,Charlie Smalls,https://en.wikipedia.org/wiki/Charlie_Smalls
1976,30th Tony Awards,/wiki/30th_Tony_Awards,True,A Chorus Line†,https://en.wikipedia.org/wiki/A_Chorus_Line,James Kirkwood Jr.&Nicholas Dante,https://en.wikipedia.org/wiki/James_Kirkwood_Jr.,Marvin Hamlisch,https://en.wikipedia.org/wiki/Marvin_Hamlisch,Ed Kleban,https://en.wikipedia.org/wiki/Edward_Kleban
1976,30th Tony Awards,/wiki/30th_Tony_Awards,False,Bubbling Brown Sugar,https://en.wikipedia.org/wiki/Bubbling_Brown_Sugar,Loften Mitchell,,Various,,Various,
1976,30th Tony Awards,/wiki/30th_Tony_Awards,False,Chicago,https://en.wikipedia.org/wiki/Chicago_(musical),Fred Ebb&Bob Fosse,https://en.wikipedia.org/wiki/Fred_Ebb,John Kander,https://en.wikipedia.org/wiki/John_Kander,Ebb,
1976,30th Tony Awards,/wiki/30th_Tony_Awards,False,Pacific Overtures,https://en.wikipedia.org/wiki/Pacific_Overtures,John Weidman,https://en.wikipedia.org/wiki/John_Weidman,Stephen Sondheim,https://en.wikipedia.org/wiki/Stephen_Sondheim,Stephen Sondheim,https://en.wikipedia.org/wiki/Stephen_Sondheim
1977,31st Tony Awards,/wiki/31st_Tony_Awards,False,Side by Side by Sondheim,https://en.wikipedia.org/wiki/Side_by_Side_by_Sondheim,,,Stephen Sondheim,https://en.wikipedia.org/wiki/Stephen_Sondheim,Stephen Sondheim,https://en.wikipedia.org/wiki/Stephen_Sondheim
1977,31st Tony Awards,/wiki/31st_Tony_Awards,True,Annie,https://en.wikipedia.org/wiki/Annie_(musical),Thomas Meehan,https://en.wikipedia.org/wiki/Thomas_Meehan_(writer),Charles Strouse,https://en.wikipedia.org/wiki/Charles_Strouse,Martin Charnin,https://en.wikipedia.org/wiki/Martin_Charnin
1977,31st Tony Awards,/wiki/31st_Tony_Awards,False,Happy End,https://en.wikipedia.org/wiki/Happy_End_(musical),Elisabeth Hauptmann,https://en.wikipedia.org/wiki/Elisabeth_Hauptmann,Kurt Weill,https://en.wikipedia.org/wiki/Kurt_Weill,Bertolt Brecht,https://en.wikipedia.org/wiki/Bertolt_Brecht
1977,31st Tony Awards,/wiki/31st_Tony_Awards,False,I Love My Wife,https://en.wikipedia.org/wiki/I_Love_My_Wife,Michael Stewart,https://en.wikipedia.org/wiki/Michael_Stewart_(playwright),Cy Coleman,https://en.wikipedia.org/wiki/Cy_Coleman,Stewart,
1978,32nd Tony Awards,/wiki/32nd_Tony_Awards,False,Runaways,https://en.wikipedia.org/wiki/Runaways_(musical),Elizabeth Swados,https://en.wikipedia.org/wiki/Elizabeth_Swados,Elizabeth Swados,https://en.wikipedia.org/wiki/Elizabeth_Swados,Elizabeth Swados,https://en.wikipedia.org/wiki/Elizabeth_Swados
1978,32nd Tony Awards,/wiki/32nd_Tony_Awards,False,On the Twentieth Century,https://en.wikipedia.org/wiki/On_the_Twentieth_Century,Betty Comden&Adolph Green,https://en.wikipedia.org/wiki/Betty_Comden,Cy Coleman,https://en.wikipedia.org/wiki/Cy_Coleman,Comden & Green,
1978,32nd Tony Awards,/wiki/32nd_Tony_Awards,True,Ain't Misbehavin',https://en.wikipedia.org/wiki/Ain%27t_Misbehavin%27_(musical),Murray Horwitz&Richard Maltby Jr.,https://en.wikipedia.org/wiki/Murray_Horwitz,Fats Waller,https://en.wikipedia.org/wiki/Fats_Waller,Various,
1978,32nd Tony Awards,/wiki/32nd_Tony_Awards,False,Dancin',https://en.wikipedia.org/wiki/Dancin%27,,,Various,,Various,
1979,33rd Tony Awards,/wiki/33rd_Tony_Awards,False,They're Playing Our Song,https://en.wikipedia.org/wiki/They%27re_Playing_Our_Song,Neil Simon,https://en.wikipedia.org/wiki/Neil_Simon,Marvin Hamlisch,https://en.wikipedia.org/wiki/Marvin_Hamlisch,Carole Bayer Sager,https://en.wikipedia.org/wiki/Carole_Bayer_Sager
1979,33rd Tony Awards,/wiki/33rd_Tony_Awards,False,The Best Little Whorehouse in Texas,https://en.wikipedia.org/wiki/The_Best_Little_Whorehouse_in_Texas,Larry L. King&Peter Masterson,https://en.wikipedia.org/wiki/Larry_L._King,Carol Hall,https://en.wikipedia.org/wiki/Carol_Hall,Carol Hall,https://en.wikipedia.org/wiki/Carol_Hall
1979,33rd Tony Awards,/wiki/33rd_Tony_Awards,True,Sweeney Todd: The Demon Barber of Fleet Street,https://en.wikipedia.org/wiki/Sweeney_Todd:_The_Demon_Barber_of_Fleet_Street,Hugh Wheeler,https://en.wikipedia.org/wiki/Hugh_Wheeler,Stephen Sondheim,https://en.wikipedia.org/wiki/Stephen_Sondheim,Stephen Sondheim,https://en.wikipedia.org/wiki/Stephen_Sondheim
1979,33rd Tony Awards,/wiki/33rd_Tony_Awards,False,Ballroom,https://en.wikipedia.org/wiki/Ballroom_(musical),Jerome Kass,https://en.wikipedia.org/wiki/Jerome_Kass,Billy Goldenberg,https://en.wikipedia.org/wiki/Billy_Goldenberg,Alan & Marilyn Bergman,https://en.wikipedia.org/wiki/Alan_and_Marilyn_Bergman
1980,34th Tony Awards,/wiki/34th_Tony_Awards,True,Evita,https://en.wikipedia.org/wiki/Evita_(musical),Tim Rice,https://en.wikipedia.org/wiki/Tim_Rice,Andrew Lloyd Webber,https://en.wikipedia.org/wiki/Andrew_Lloyd_Webber,Rice,
1980,34th Tony Awards,/wiki/34th_Tony_Awards,False,A Day in Hollywood / A Night in the Ukraine,https://en.wikipedia.org/wiki/A_Day_in_Hollywood_/_A_Night_in_the_Ukraine,Dick Vosburgh,https://en.wikipedia.org/wiki/Dick_Vosburgh,Frank Lazarus,,Vosburgh,
1980,34th Tony Awards,/wiki/34th_Tony_Awards,False,Barnum,https://en.wikipedia.org/wiki/Barnum_(musical),Mark Bramble,https://en.wikipedia.org/wiki/Mark_Bramble,Cy Coleman,https://en.wikipedia.org/wiki/Cy_Coleman,Michael Stewart,https://en.wikipedia.org/wiki/Michael_Stewart_(playwright)
1980,34th Tony Awards,/wiki/34th_Tony_Awards,False,Sugar Babies,https://en.wikipedia.org/wiki/Sugar_Babies_(musical),Ralph G. Allen,https://en.wikipedia.org/wiki/Ralph_G._Allen,Jimmy McHugh,https://en.wikipedia.org/wiki/Jimmy_McHugh,Al Dubin&Dorothy Fields,https://en.wikipedia.org/wiki/Al_Dubin
1981,35th Tony Awards,/wiki/35th_Tony_Awards,True,42nd Street,https://en.wikipedia.org/wiki/42nd_Street_(musical),Mark Bramble&Michael Stewart,https://en.wikipedia.org/wiki/Mark_Bramble,Harry Warren,https://en.wikipedia.org/wiki/Harry_Warren,Al Dubin,https://en.wikipedia.org/wiki/Al_Dubin
1981,35th Tony Awards,/wiki/35th_Tony_Awards,False,Sophisticated Ladies,https://en.wikipedia.org/wiki/Sophisticated_Ladies,Donald McKayle,https://en.wikipedia.org/wiki/Donald_McKayle,Duke Ellington,https://en.wikipedia.org/wiki/Duke_Ellington,Various,
1981,35th Tony Awards,/wiki/35th_Tony_Awards,False,Tintypes,https://en.wikipedia.org/wiki/Tintypes,Mel Marvin & Gary Pearle,,Various,,Various,
1981,35th Tony Awards,/wiki/35th_Tony_Awards,False,Woman of the Year,https://en.wikipedia.org/wiki/Woman_of_the_Year_(musical),Peter Stone,https://en.wikipedia.org/wiki/Peter_Stone,John Kander,https://en.wikipedia.org/wiki/John_Kander,Fred Ebb,https://en.wikipedia.org/wiki/Fred_Ebb
1982,36th Tony Awards,/wiki/36th_Tony_Awards,False,Pump Boys and Dinettes,https://en.wikipedia.org/wiki/Pump_Boys_and_Dinettes,"John Foley, Mark Hardwick,Debra Monk, Cass Morgan, John Schimmel & Jim Wann",https://en.wikipedia.org/wiki/Debra_Monk,"John Foley, Mark Hardwick,Debra Monk, Cass Morgan, John Schimmel & Jim Wann",https://en.wikipedia.org/wiki/Debra_Monk,"John Foley, Mark Hardwick,Debra Monk, Cass Morgan, John Schimmel & Jim Wann",https://en.wikipedia.org/wiki/Debra_Monk
1982,36th Tony Awards,/wiki/36th_Tony_Awards,False,Joseph and the Amazing Technicolor Dreamcoat,https://en.wikipedia.org/wiki/Joseph_and_the_Amazing_Technicolor_Dreamcoat,Tim Rice,https://en.wikipedia.org/wiki/Tim_Rice,Andrew Lloyd Webber,https://en.wikipedia.org/wiki/Andrew_Lloyd_Webber,Rice,
1982,36th Tony Awards,/wiki/36th_Tony_Awards,False,Dreamgirls,https://en.wikipedia.org/wiki/Dreamgirls,Tom Eyen,https://en.wikipedia.org/wiki/Tom_Eyen,Henry Krieger,https://en.wikipedia.org/wiki/Henry_Krieger,Eyen,
1982,36th Tony Awards,/wiki/36th_Tony_Awards,True,Nine,https://en.wikipedia.org/wiki/Nine_(musical),Arthur Kopit,https://en.wikipedia.org/wiki/Arthur_Kopit,Maury Yeston,https://en.wikipedia.org/wiki/Maury_Yeston,Maury Yeston,https://en.wikipedia.org/wiki/Maury_Yeston
1983,37th Tony Awards,/wiki/37th_Tony_Awards,True,Cats,https://en.wikipedia.org/wiki/Cats_(musical),T. S. Eliot,https://en.wikipedia.org/wiki/T._S._Eliot,Andrew Lloyd Webber,https://en.wikipedia.org/wiki/Andrew_Lloyd_Webber,Eliot &Trevor Nunn,https://en.wikipedia.org/wiki/Trevor_Nunn
1983,37th Tony Awards,/wiki/37th_Tony_Awards,False,Blues in the Night,https://en.wikipedia.org/wiki/Blues_in_the_Night_(musical),,,Various,,Various,
1983,37th Tony Awards,/wiki/37th_Tony_Awards,False,Merlin,https://en.wikipedia.org/wiki/Merlin_(musical),Richard Levinson&William Link,https://en.wikipedia.org/wiki/Richard_Levinson,Elmer Bernstein,https://en.wikipedia.org/wiki/Elmer_Bernstein,Don Black,https://en.wikipedia.org/wiki/Don_Black_(lyricist)
1983,37th Tony Awards,/wiki/37th_Tony_Awards,False,My One and Only,https://en.wikipedia.org/wiki/My_One_and_Only_(musical),Timothy S. Mayer &Peter Stone,https://en.wikipedia.org/wiki/Peter_Stone,George Gershwin,https://en.wikipedia.org/wiki/George_Gershwin,Ira Gershwin,https://en.wikipedia.org/wiki/Ira_Gershwin
1984,38th Tony Awards,/wiki/38th_Tony_Awards,True,La Cage aux Folles,https://en.wikipedia.org/wiki/La_Cage_aux_Folles_(musical),Harvey Fierstein,https://en.wikipedia.org/wiki/Harvey_Fierstein,Jerry Herman,https://en.wikipedia.org/wiki/Jerry_Herman,Jerry Herman,https://en.wikipedia.org/wiki/Jerry_Herman
1984,38th Tony Awards,/wiki/38th_Tony_Awards,False,Baby,https://en.wikipedia.org/wiki/Baby_(musical),Sybille Pearson,https://en.wikipedia.org/wiki/Sybille_Pearson,David Shire,https://en.wikipedia.org/wiki/David_Shire,Richard Maltby Jr.,https://en.wikipedia.org/wiki/Richard_Maltby_Jr.
1984,38th Tony Awards,/wiki/38th_Tony_Awards,False,Sunday in the Park with George†,https://en.wikipedia.org/wiki/Sunday_in_the_Park_with_George,James Lapine,https://en.wikipedia.org/wiki/James_Lapine,Stephen Sondheim,https://en.wikipedia.org/wiki/Stephen_Sondheim,Stephen Sondheim,https://en.wikipedia.org/wiki/Stephen_Sondheim
1984,38th Tony Awards,/wiki/38th_Tony_Awards,False,The Tap Dance Kid,https://en.wikipedia.org/wiki/The_Tap_Dance_Kid,Charles Blackwell,https://en.wikipedia.org/wiki/Charles_Blackwell_(music_producer),Henry Krieger,https://en.wikipedia.org/wiki/Henry_Krieger,Robert Lorick,https://en.wikipedia.org/wiki/Robert_Lorick
1985,39th Tony Awards,/wiki/39th_Tony_Awards,False,Leader of the Pack,https://en.wikipedia.org/wiki/Leader_of_the_Pack_(musical),Anne Beatts,https://en.wikipedia.org/wiki/Anne_Beatts,Ellie Greenwich,https://en.wikipedia.org/wiki/Ellie_Greenwich,Various,
1985,39th Tony Awards,/wiki/39th_Tony_Awards,False,Quilters,https://en.wikipedia.org/wiki/Quilters_(musical),Barbara Damashek &Molly Newman,https://en.wikipedia.org/wiki/Molly_Newman,Damashek,,Damashek,
1985,39th Tony Awards,/wiki/39th_Tony_Awards,True,Big River,https://en.wikipedia.org/wiki/Big_River_(musical),William Hauptman,https://en.wikipedia.org/wiki/William_Hauptman,Roger Miller,https://en.wikipedia.org/wiki/Roger_Miller,Roger Miller,https://en.wikipedia.org/wiki/Roger_Miller
1985,39th Tony Awards,/wiki/39th_Tony_Awards,False,Grind,https://en.wikipedia.org/wiki/Grind_(musical),Fay Kanin,https://en.wikipedia.org/wiki/Fay_Kanin,Larry Grossman,https://en.wikipedia.org/wiki/Larry_Grossman_(composer),Ellen Fitzhugh,
1986,40th Tony Awards,/wiki/40th_Tony_Awards,False,Song and Dance,https://en.wikipedia.org/wiki/Song_and_Dance,,,Andrew Lloyd Webber,https://en.wikipedia.org/wiki/Andrew_Lloyd_Webber,Don Black,https://en.wikipedia.org/wiki/Don_Black_(lyricist)
1986,40th Tony Awards,/wiki/40th_Tony_Awards,False,Tango Argentino,https://en.wikipedia.org/wiki/Tango_Argentino_(musical),,,Various,,Various,
1986,40th Tony Awards,/wiki/40th_Tony_Awards,True,The Mystery of Edwin Drood,https://en.wikipedia.org/wiki/Drood,Rupert Holmes,https://en.wikipedia.org/wiki/Rupert_Holmes,Rupert Holmes,https://en.wikipedia.org/wiki/Rupert_Holmes,Rupert Holmes,https://en.wikipedia.org/wiki/Rupert_Holmes
1986,40th Tony Awards,/wiki/40th_Tony_Awards,False,Big Deal,https://en.wikipedia.org/wiki/Big_Deal_(musical),Bob Fosse,https://en.wikipedia.org/wiki/Bob_Fosse,Various,,Various,
1987,41st Tony Awards,/wiki/41st_Tony_Awards,False,Rags,https://en.wikipedia.org/wiki/Rags_(musical),Joseph Stein,https://en.wikipedia.org/wiki/Joseph_Stein,Charles Strouse,https://en.wikipedia.org/wiki/Charles_Strouse,Stephen Schwartz,https://en.wikipedia.org/wiki/Stephen_Schwartz_(composer)
1987,41st Tony Awards,/wiki/41st_Tony_Awards,False,Starlight Express,https://en.wikipedia.org/wiki/Starlight_Express,,,Andrew Lloyd Webber,https://en.wikipedia.org/wiki/Andrew_Lloyd_Webber,Richard Stilgoe,https://en.wikipedia.org/wiki/Richard_Stilgoe
1987,41st Tony Awards,/wiki/41st_Tony_Awards,True,Les Misérables,https://en.wikipedia.org/wiki/Les_Mis%C3%A9rables_(musical),Alain Boublil&Claude-Michel Schönberg,https://en.wikipedia.org/wiki/Alain_Boublil,Schönberg,,Herbert Kretzmer,https://en.wikipedia.org/wiki/Herbert_Kretzmer
1987,41st Tony Awards,/wiki/41st_Tony_Awards,False,Me and My Girl,https://en.wikipedia.org/wiki/Me_and_My_Girl,Douglas Furber& L. Arthur Rose,https://en.wikipedia.org/wiki/Douglas_Furber,Noel Gay,https://en.wikipedia.org/wiki/Noel_Gay,Furber & Rose,
1988,42nd Tony Awards,/wiki/42nd_Tony_Awards,True,The Phantom of the Opera,https://en.wikipedia.org/wiki/The_Phantom_of_the_Opera_(1986_musical),Richard Stilgoe&Andrew Lloyd Webber,https://en.wikipedia.org/wiki/Richard_Stilgoe,Webber,,Charles Hart,https://en.wikipedia.org/wiki/Charles_Hart_(lyricist)
1988,42nd Tony Awards,/wiki/42nd_Tony_Awards,False,Into the Woods,https://en.wikipedia.org/wiki/Into_the_Woods,James Lapine,https://en.wikipedia.org/wiki/James_Lapine,Stephen Sondheim,https://en.wikipedia.org/wiki/Stephen_Sondheim,Stephen Sondheim,https://en.wikipedia.org/wiki/Stephen_Sondheim
1988,42nd Tony Awards,/wiki/42nd_Tony_Awards,False,Romance/Romance,https://en.wikipedia.org/wiki/Romance/Romance,Barry Harman,,Keith Herrmann,,Harman,
1988,42nd Tony Awards,/wiki/42nd_Tony_Awards,False,Sarafina!,https://en.wikipedia.org/wiki/Sarafina!_(musical),Mbongeni Ngema,https://en.wikipedia.org/wiki/Mbongeni_Ngema,Mbongeni Ngema,https://en.wikipedia.org/wiki/Mbongeni_Ngema,Mbongeni Ngema,https://en.wikipedia.org/wiki/Mbongeni_Ngema
1989,43rd Tony Awards,/wiki/43rd_Tony_Awards,True,Jerome Robbins' Broadway,https://en.wikipedia.org/wiki/Jerome_Robbins%27_Broadway,,,Various,,Various,
1989,43rd Tony Awards,/wiki/43rd_Tony_Awards,False,Black and Blue,https://en.wikipedia.org/wiki/Black_and_Blue_(musical),,,Various,,Various,
1989,43rd Tony Awards,/wiki/43rd_Tony_Awards,False,Starmites,https://en.wikipedia.org/wiki/Starmites,Barry Keating & Stuart Ross,,Keating,,Keating,
1990,44th Tony Awards,/wiki/44th_Tony_Awards,False,Meet Me in St. Louis,https://en.wikipedia.org/wiki/Meet_Me_in_St._Louis_(musical),Hugh Wheeler,https://en.wikipedia.org/wiki/Hugh_Wheeler,Ralph Blane&Hugh Martin,https://en.wikipedia.org/wiki/Ralph_Blane,Ralph Blane&Hugh Martin,https://en.wikipedia.org/wiki/Ralph_Blane
1990,44th Tony Awards,/wiki/44th_Tony_Awards,False,Grand Hotel,https://en.wikipedia.org/wiki/Grand_Hotel_(musical),Luther Davis,https://en.wikipedia.org/wiki/Luther_Davis,"Chet Forrest,Bob Wright&Maury Yeston",https://en.wikipedia.org/wiki/George_Forrest_(author),"Chet Forrest,Bob Wright&Maury Yeston",https://en.wikipedia.org/wiki/George_Forrest_(author)
1990,44th Tony Awards,/wiki/44th_Tony_Awards,False,Aspects of Love,https://en.wikipedia.org/wiki/Aspects_of_Love,Andrew Lloyd Webber,https://en.wikipedia.org/wiki/Andrew_Lloyd_Webber,Andrew Lloyd Webber,https://en.wikipedia.org/wiki/Andrew_Lloyd_Webber,Don Black&Charles Hart,https://en.wikipedia.org/wiki/Don_Black_(lyricist)
1990,44th Tony Awards,/wiki/44th_Tony_Awards,True,City of Angels,https://en.wikipedia.org/wiki/City_of_Angels_(musical),Larry Gelbart,https://en.wikipedia.org/wiki/Larry_Gelbart,Cy Coleman,https://en.wikipedia.org/wiki/Cy_Coleman,David Zippel,https://en.wikipedia.org/wiki/David_Zippel
1991,45th Tony Awards,/wiki/45th_Tony_Awards,True,The Will Rogers Follies,https://en.wikipedia.org/wiki/The_Will_Rogers_Follies,Peter Stone,https://en.wikipedia.org/wiki/Peter_Stone,Cy Coleman,https://en.wikipedia.org/wiki/Cy_Coleman,Betty Comden&Adolph Green,https://en.wikipedia.org/wiki/Betty_Comden
1991,45th Tony Awards,/wiki/45th_Tony_Awards,False,Miss Saigon,https://en.wikipedia.org/wiki/Miss_Saigon,Alain Boublil&Claude-Michel Schönberg,https://en.wikipedia.org/wiki/Alain_Boublil,Schönberg,,Boublil &Richard Maltby Jr.,https://en.wikipedia.org/wiki/Richard_Maltby_Jr.
1991,45th Tony Awards,/wiki/45th_Tony_Awards,False,Once on This Island,https://en.wikipedia.org/wiki/Once_on_This_Island,Lynn Ahrens,https://en.wikipedia.org/wiki/Lynn_Ahrens,Stephen Flaherty,https://en.wikipedia.org/wiki/Stephen_Flaherty,Ahrens,
1991,45th Tony Awards,/wiki/45th_Tony_Awards,False,The Secret Garden,https://en.wikipedia.org/wiki/The_Secret_Garden_(musical),Marsha Norman,https://en.wikipedia.org/wiki/Marsha_Norman,Lucy Simon,https://en.wikipedia.org/wiki/Lucy_Simon,Norman,
1992,46th Tony Awards,/wiki/46th_Tony_Awards,False,Jelly's Last Jam,https://en.wikipedia.org/wiki/Jelly%27s_Last_Jam,George C. Wolfe,https://en.wikipedia.org/wiki/George_C._Wolfe,Jelly Roll Morton,https://en.wikipedia.org/wiki/Jelly_Roll_Morton,Susan Birkenhead,https://en.wikipedia.org/wiki/Susan_Birkenhead
1992,46th Tony Awards,/wiki/46th_Tony_Awards,False,Five Guys Named Moe,https://en.wikipedia.org/wiki/Five_Guys_Named_Moe,Clarke Peters,https://en.wikipedia.org/wiki/Clarke_Peters,Various,,Various,
1992,46th Tony Awards,/wiki/46th_Tony_Awards,True,Crazy for You,https://en.wikipedia.org/wiki/Crazy_for_You_(musical),Ken Ludwig,https://en.wikipedia.org/wiki/Ken_Ludwig,George Gershwin,https://en.wikipedia.org/wiki/George_Gershwin,Ira Gershwin,https://en.wikipedia.org/wiki/Ira_Gershwin
1992,46th Tony Awards,/wiki/46th_Tony_Awards,False,Falsettos,https://en.wikipedia.org/wiki/Falsettos,William Finn&James Lapine,https://en.wikipedia.org/wiki/William_Finn,Finn,,Finn,
1993,47th Tony Awards,/wiki/47th_Tony_Awards,True,Kiss of the Spider Woman,https://en.wikipedia.org/wiki/Kiss_of_the_Spider_Woman_(musical),Terrence McNally,https://en.wikipedia.org/wiki/Terrence_McNally,John Kander,https://en.wikipedia.org/wiki/John_Kander,Fred Ebb,https://en.wikipedia.org/wiki/Fred_Ebb
1993,47th Tony Awards,/wiki/47th_Tony_Awards,False,Blood Brothers,https://en.wikipedia.org/wiki/Blood_Brothers_(musical),Willy Russell,https://en.wikipedia.org/wiki/Willy_Russell,Willy Russell,https://en.wikipedia.org/wiki/Willy_Russell,Willy Russell,https://en.wikipedia.org/wiki/Willy_Russell
1993,47th Tony Awards,/wiki/47th_Tony_Awards,False,The Goodbye Girl,https://en.wikipedia.org/wiki/The_Goodbye_Girl_(musical),Neil Simon,https://en.wikipedia.org/wiki/Neil_Simon,Marvin Hamlisch,https://en.wikipedia.org/wiki/Marvin_Hamlisch,David Zippel,https://en.wikipedia.org/wiki/David_Zippel
1993,47th Tony Awards,/wiki/47th_Tony_Awards,False,The Who's Tommy,https://en.wikipedia.org/wiki/The_Who%27s_Tommy,Des McAnuff&Pete Townshend,https://en.wikipedia.org/wiki/Des_McAnuff,Townshend,,Townshend,
1994,48th Tony Awards,/wiki/48th_Tony_Awards,True,Passion,https://en.wikipedia.org/wiki/Passion_(musical),James Lapine,https://en.wikipedia.org/wiki/James_Lapine,Stephen Sondheim,https://en.wikipedia.org/wiki/Stephen_Sondheim,Stephen Sondheim,https://en.wikipedia.org/wiki/Stephen_Sondheim
1994,48th Tony Awards,/wiki/48th_Tony_Awards,False,A Grand Night for Singing,https://en.wikipedia.org/wiki/A_Grand_Night_for_Singing,Walter Bobbie,https://en.wikipedia.org/wiki/Walter_Bobbie,Richard Rodgers,https://en.wikipedia.org/wiki/Richard_Rodgers,Oscar Hammerstein II,https://en.wikipedia.org/wiki/Oscar_Hammerstein_II
1994,48th Tony Awards,/wiki/48th_Tony_Awards,False,Beauty and the Beast,https://en.wikipedia.org/wiki/Beauty_and_the_Beast_(musical),Linda Woolverton,https://en.wikipedia.org/wiki/Linda_Woolverton,Alan Menken,https://en.wikipedia.org/wiki/Alan_Menken,Howard Ashman&Tim Rice,https://en.wikipedia.org/wiki/Howard_Ashman
1994,48th Tony Awards,/wiki/48th_Tony_Awards,False,Cyrano: The Musical,https://en.wikipedia.org/wiki/Cyrano:_The_Musical,Koen van Dijk,,Ad van Dijk,,K. van Dijk,
1995,49th Tony Awards,/wiki/49th_Tony_Awards,True,Sunset Boulevard,https://en.wikipedia.org/wiki/Sunset_Boulevard_(musical),Christopher Hampton&Don Black,https://en.wikipedia.org/wiki/Christopher_Hampton,Andrew Lloyd Webber,https://en.wikipedia.org/wiki/Andrew_Lloyd_Webber,Hampton & Black,
1995,49th Tony Awards,/wiki/49th_Tony_Awards,False,Smokey Joe's Cafe,https://en.wikipedia.org/wiki/Smokey_Joe%27s_Cafe,,,Jerry Leiber & Mike Stoller,https://en.wikipedia.org/wiki/Jerry_Leiber_and_Mike_Stoller,Jerry Leiber & Mike Stoller,https://en.wikipedia.org/wiki/Jerry_Leiber_and_Mike_Stoller
1996,50th Tony Awards,/wiki/50th_Tony_Awards,False,Swinging on a Star,https://en.wikipedia.org/wiki/Swinging_on_a_Star_(musical),Michael Leeds,,Various,,Johnny Burke,https://en.wikipedia.org/wiki/Johnny_Burke_(lyricist)
1996,50th Tony Awards,/wiki/50th_Tony_Awards,False,Chronicle of a Death Foretold,https://en.wikipedia.org/wiki/Chronicle_of_a_Death_Foretold_(musical),Graciela Daniele& Jim Lewis,https://en.wikipedia.org/wiki/Graciela_Daniele,Bob Telson,https://en.wikipedia.org/wiki/Bob_Telson,Daniele & Lewis,
1996,50th Tony Awards,/wiki/50th_Tony_Awards,False,"Bring in 'da Noise, Bring in 'da Funk","https://en.wikipedia.org/wiki/Bring_in_%27da_Noise,_Bring_in_%27da_Funk",Reg E. Gaines,,"Ann Duquesnay, Zane Mark & Daryl Waters",https://en.wikipedia.org/wiki/Ann_Duquesnay,"Duquesnay, Gaines &George C. Wolfe",https://en.wikipedia.org/wiki/George_C._Wolfe
1996,50th Tony Awards,/wiki/50th_Tony_Awards,True,Rent†,https://en.wikipedia.org/wiki/Rent_(musical),Jonathan Larson,https://en.wikipedia.org/wiki/Jonathan_Larson,Jonathan Larson,https://en.wikipedia.org/wiki/Jonathan_Larson,Jonathan Larson,https://en.wikipedia.org/wiki/Jonathan_Larson
1997,51st Tony Awards,/wiki/51st_Tony_Awards,True,Titanic,https://en.wikipedia.org/wiki/Titanic_(musical),Peter Stone,https://en.wikipedia.org/wiki/Peter_Stone,Maury Yeston,https://en.wikipedia.org/wiki/Maury_Yeston,Maury Yeston,https://en.wikipedia.org/wiki/Maury_Yeston
1997,51st Tony Awards,/wiki/51st_Tony_Awards,False,Juan Darien,https://en.wikipedia.org/wiki/Juan_Dari%C3%A9n:_A_Carnival_Mass,Elliot Goldenthal&Julie Taymor,https://en.wikipedia.org/wiki/Elliot_Goldenthal,Goldenthal,,Goldenthal,
1997,51st Tony Awards,/wiki/51st_Tony_Awards,False,Steel Pier,https://en.wikipedia.org/wiki/Steel_Pier_(musical),David Thompson,https://en.wikipedia.org/wiki/David_Thompson_(writer),John Kander,https://en.wikipedia.org/wiki/John_Kander,Fred Ebb,https://en.wikipedia.org/wiki/Fred_Ebb
1997,51st Tony Awards,/wiki/51st_Tony_Awards,False,The Life,https://en.wikipedia.org/wiki/The_Life_(musical),"Cy Coleman, David Newman &Ira Gasman",https://en.wikipedia.org/wiki/Cy_Coleman,Coleman,,Gasman,
1998,52nd Tony Awards,/wiki/52nd_Tony_Awards,True,The Lion King,https://en.wikipedia.org/wiki/The_Lion_King_(musical),Roger Allers&Irene Mecchi,https://en.wikipedia.org/wiki/Roger_Allers,Elton John,https://en.wikipedia.org/wiki/Elton_John,Tim Rice,https://en.wikipedia.org/wiki/Tim_Rice
1998,52nd Tony Awards,/wiki/52nd_Tony_Awards,False,Side Show,https://en.wikipedia.org/wiki/Side_Show_(musical),Bill Russell,https://en.wikipedia.org/wiki/Bill_Russell_(lyricist),Henry Krieger,https://en.wikipedia.org/wiki/Henry_Krieger,Russell,
1998,52nd Tony Awards,/wiki/52nd_Tony_Awards,False,The Scarlet Pimpernel,https://en.wikipedia.org/wiki/The_Scarlet_Pimpernel_(musical),Nan Knighton,https://en.wikipedia.org/wiki/Nan_Knighton,Frank Wildhorn,https://en.wikipedia.org/wiki/Frank_Wildhorn,Knighton,
1998,52nd Tony Awards,/wiki/52nd_Tony_Awards,False,Ragtime,https://en.wikipedia.org/wiki/Ragtime_(musical),Terrence McNally,https://en.wikipedia.org/wiki/Terrence_McNally,Stephen Flaherty,https://en.wikipedia.org/wiki/Stephen_Flaherty,Lynn Ahrens,https://en.wikipedia.org/wiki/Lynn_Ahrens
1999,53rd Tony Awards,/wiki/53rd_Tony_Awards,True,Fosse,https://en.wikipedia.org/wiki/Fosse_(musical),,,Various,,Various,
1999,53rd Tony Awards,/wiki/53rd_Tony_Awards,False,The Civil War,https://en.wikipedia.org/wiki/The_Civil_War_(musical),Gregory Boyd &Frank Wildhorn,https://en.wikipedia.org/wiki/Frank_Wildhorn,Wildhorn,,Jack Murphy,
1999,53rd Tony Awards,/wiki/53rd_Tony_Awards,False,It Ain't Nothin' But the Blues,https://en.wikipedia.org/wiki/It_Ain%27t_Nothin%27_But_the_Blues,"Charles Bevel,Lita Gaithers, Randal Myler,Ron Taylor& Dan Wheetman",https://en.wikipedia.org/wiki/Lita_Gaithers,Various,,Various,
1999,53rd Tony Awards,/wiki/53rd_Tony_Awards,False,Parade,https://en.wikipedia.org/wiki/Parade_(musical),Alfred Uhry,https://en.wikipedia.org/wiki/Alfred_Uhry,Jason Robert Brown,https://en.wikipedia.org/wiki/Jason_Robert_Brown,Jason Robert Brown,https://en.wikipedia.org/wiki/Jason_Robert_Brown
2000,54th Tony Awards,/wiki/54th_Tony_Awards,False,The Wild Party,https://en.wikipedia.org/wiki/The_Wild_Party_(LaChiusa_musical),Michael John LaChiusa&George C. Wolfe,https://en.wikipedia.org/wiki/Michael_John_LaChiusa,LaChiusa,,LaChiusa,
2000,54th Tony Awards,/wiki/54th_Tony_Awards,False,Swing!,https://en.wikipedia.org/wiki/Swing!,Paul Kelley,,Various,,Various,
2000,54th Tony Awards,/wiki/54th_Tony_Awards,False,James Joyce's The Dead,https://en.wikipedia.org/wiki/James_Joyce%27s_The_Dead,Richard Nelson,https://en.wikipedia.org/wiki/Richard_Nelson_(playwright),Shaun Davey,https://en.wikipedia.org/wiki/Shaun_Davey,Davey & Nelson,
2000,54th Tony Awards,/wiki/54th_Tony_Awards,True,Contact,https://en.wikipedia.org/wiki/Contact_(musical),John Weidman,https://en.wikipedia.org/wiki/John_Weidman,Various,,Various,
2001,55th Tony Awards,/wiki/55th_Tony_Awards,True,The Producers,https://en.wikipedia.org/wiki/The_Producers_(musical),Mel Brooks&Thomas Meehan,https://en.wikipedia.org/wiki/Mel_Brooks,Brooks,,Brooks,
2001,55th Tony Awards,/wiki/55th_Tony_Awards,False,A Class Act,https://en.wikipedia.org/wiki/A_Class_Act,Linda Kline &Lonny Price,https://en.wikipedia.org/wiki/Lonny_Price,Ed Kleban,https://en.wikipedia.org/wiki/Edward_Kleban,Ed Kleban,https://en.wikipedia.org/wiki/Edward_Kleban
2001,55th Tony Awards,/wiki/55th_Tony_Awards,False,The Full Monty,https://en.wikipedia.org/wiki/The_Full_Monty_(musical),Terrence McNally,https://en.wikipedia.org/wiki/Terrence_McNally,David Yazbek,https://en.wikipedia.org/wiki/David_Yazbek,David Yazbek,https://en.wikipedia.org/wiki/David_Yazbek
2001,55th Tony Awards,/wiki/55th_Tony_Awards,False,Jane Eyre,https://en.wikipedia.org/wiki/Jane_Eyre_(musical),John Caird,https://en.wikipedia.org/wiki/John_Caird_(director),Paul Gordon,,Caird & Gordon,
2002,56th Tony Awards,/wiki/56th_Tony_Awards,True,Thoroughly Modern Millie,https://en.wikipedia.org/wiki/Thoroughly_Modern_Millie_(musical),Richard Morris &Dick Scanlan,https://en.wikipedia.org/wiki/Dick_Scanlan,Jeanine Tesori,https://en.wikipedia.org/wiki/Jeanine_Tesori,Scanlan,
2002,56th Tony Awards,/wiki/56th_Tony_Awards,False,Mamma Mia!,https://en.wikipedia.org/wiki/Mamma_Mia!,Catherine Johnson,https://en.wikipedia.org/wiki/Catherine_Johnson_(playwright),Benny Andersson&Björn Ulvaeus,https://en.wikipedia.org/wiki/Benny_Andersson,Benny Andersson&Björn Ulvaeus,https://en.wikipedia.org/wiki/Benny_Andersson
2002,56th Tony Awards,/wiki/56th_Tony_Awards,False,Sweet Smell of Success,https://en.wikipedia.org/wiki/Sweet_Smell_of_Success_(musical),John Guare,https://en.wikipedia.org/wiki/John_Guare,Marvin Hamlisch,https://en.wikipedia.org/wiki/Marvin_Hamlisch,Craig Carnelia,https://en.wikipedia.org/wiki/Craig_Carnelia
2002,56th Tony Awards,/wiki/56th_Tony_Awards,False,Urinetown,https://en.wikipedia.org/wiki/Urinetown,Greg Kotis,https://en.wikipedia.org/wiki/Greg_Kotis,Mark Hollman,https://en.wikipedia.org/wiki/Mark_Hollmann,Hollmann & Kotis,
2003,57th Tony Awards,/wiki/57th_Tony_Awards,True,Hairspray,https://en.wikipedia.org/wiki/Hairspray_(musical),Thomas Meehan&Mark O'Donnell,https://en.wikipedia.org/wiki/Thomas_Meehan_(Writer),Marc Shaiman,https://en.wikipedia.org/wiki/Marc_Shaiman,Shaiman &Scott Wittman,https://en.wikipedia.org/wiki/Scott_Wittman
2003,57th Tony Awards,/wiki/57th_Tony_Awards,False,Amour,https://en.wikipedia.org/wiki/Amour_(musical),Jeremy Sams&Didier Van Cauwelaert,https://en.wikipedia.org/wiki/Jeremy_Sams,Michel Legrand,https://en.wikipedia.org/wiki/Michel_Legrand,Sams & Van Cauwelaert,
2003,57th Tony Awards,/wiki/57th_Tony_Awards,False,A Year with Frog and Toad,https://en.wikipedia.org/wiki/A_Year_with_Frog_and_Toad,Willie Reale,https://en.wikipedia.org/wiki/Willie_Reale,Robert Reale,https://en.wikipedia.org/wiki/Robert_Reale,W. Reale,
2003,57th Tony Awards,/wiki/57th_Tony_Awards,False,Movin' Out,https://en.wikipedia.org/wiki/Movin%27_Out_(musical),Twyla Tharp,https://en.wikipedia.org/wiki/Twyla_Tharp,Billy Joel,https://en.wikipedia.org/wiki/Billy_Joel,Billy Joel,https://en.wikipedia.org/wiki/Billy_Joel
2004,58th Tony Awards,/wiki/58th_Tony_Awards,False,Wicked,https://en.wikipedia.org/wiki/Wicked_(musical),Winnie Holzman,https://en.wikipedia.org/wiki/Winnie_Holzman,Stephen Schwartz,https://en.wikipedia.org/wiki/Stephen_Schwartz_(composer),Stephen Schwartz,https://en.wikipedia.org/wiki/Stephen_Schwartz_(composer)
2004,58th Tony Awards,/wiki/58th_Tony_Awards,False,"Caroline, or Change","https://en.wikipedia.org/wiki/Caroline,_or_Change",Tony Kushner,https://en.wikipedia.org/wiki/Tony_Kushner,Jeanine Tesori,https://en.wikipedia.org/wiki/Jeanine_Tesori,Kushner,
2004,58th Tony Awards,/wiki/58th_Tony_Awards,True,Avenue Q,https://en.wikipedia.org/wiki/Avenue_Q,Jeff Whitty,https://en.wikipedia.org/wiki/Jeff_Whitty,Robert Lopez&Jeff Marx,https://en.wikipedia.org/wiki/Robert_Lopez,Robert Lopez&Jeff Marx,https://en.wikipedia.org/wiki/Robert_Lopez
2004,58th Tony Awards,/wiki/58th_Tony_Awards,False,The Boy from Oz,https://en.wikipedia.org/wiki/The_Boy_from_Oz,Martin Sherman,https://en.wikipedia.org/wiki/Martin_Sherman,Peter Allen,https://en.wikipedia.org/wiki/Peter_Allen_(musician),Peter Allen,https://en.wikipedia.org/wiki/Peter_Allen_(musician)
2005,59th Tony Awards,/wiki/59th_Tony_Awards,True,Spamalot,https://en.wikipedia.org/wiki/Spamalot,Eric Idle,https://en.wikipedia.org/wiki/Eric_Idle,John Du Prez& Idle,https://en.wikipedia.org/wiki/John_Du_Prez,Idle,
2005,59th Tony Awards,/wiki/59th_Tony_Awards,False,Dirty Rotten Scoundrels,https://en.wikipedia.org/wiki/Dirty_Rotten_Scoundrels_(musical),Jeffrey Lane,https://en.wikipedia.org/wiki/Jeffrey_Lane,David Yazbek,https://en.wikipedia.org/wiki/David_Yazbek,David Yazbek,https://en.wikipedia.org/wiki/David_Yazbek
2005,59th Tony Awards,/wiki/59th_Tony_Awards,False,The Light in the Piazza,https://en.wikipedia.org/wiki/The_Light_in_the_Piazza_(musical),Craig Lucas,https://en.wikipedia.org/wiki/Craig_Lucas,Adam Guettel,https://en.wikipedia.org/wiki/Adam_Guettel,Adam Guettel,https://en.wikipedia.org/wiki/Adam_Guettel
2005,59th Tony Awards,/wiki/59th_Tony_Awards,False,The 25th Annual Putnam County Spelling Bee,https://en.wikipedia.org/wiki/The_25th_Annual_Putnam_County_Spelling_Bee,Rachel Sheinkin,,William Finn,https://en.wikipedia.org/wiki/William_Finn,William Finn,https://en.wikipedia.org/wiki/William_Finn
2006,60th Tony Awards,/wiki/60th_Tony_Awards,True,Jersey Boys,https://en.wikipedia.org/wiki/Jersey_Boys,Marshall Brickman&Rick Elice,https://en.wikipedia.org/wiki/Marshall_Brickman,Bob Crewe&Bob Gaudio,https://en.wikipedia.org/wiki/Bob_Crewe,Bob Crewe&Bob Gaudio,https://en.wikipedia.org/wiki/Bob_Crewe
2006,60th Tony Awards,/wiki/60th_Tony_Awards,False,The Color Purple,https://en.wikipedia.org/wiki/The_Color_Purple_(musical),Marsha Norman,https://en.wikipedia.org/wiki/Marsha_Norman,"Stephen Bray,Brenda Russell&Allee Willis",https://en.wikipedia.org/wiki/Stephen_Bray,"Stephen Bray,Brenda Russell&Allee Willis",https://en.wikipedia.org/wiki/Stephen_Bray
2006,60th Tony Awards,/wiki/60th_Tony_Awards,False,The Drowsy Chaperone,https://en.wikipedia.org/wiki/The_Drowsy_Chaperone,Bob Martin&Don McKellar,https://en.wikipedia.org/wiki/Bob_Martin_(comedian),Lisa Lambert&Greg Morrison,https://en.wikipedia.org/wiki/Lisa_Lambert,Lisa Lambert&Greg Morrison,https://en.wikipedia.org/wiki/Lisa_Lambert
2006,60th Tony Awards,/wiki/60th_Tony_Awards,False,The Wedding Singer,https://en.wikipedia.org/wiki/The_Wedding_Singer_(musical),Chad Beguelin&Tim Herlihy,https://en.wikipedia.org/wiki/Chad_Beguelin,Matthew Sklar,https://en.wikipedia.org/wiki/Matthew_Sklar,Beguelin,
2007,61st Tony Awards,/wiki/61st_Tony_Awards,True,Spring Awakening,https://en.wikipedia.org/wiki/Spring_Awakening_(musical),Steven Sater,https://en.wikipedia.org/wiki/Steven_Sater,Duncan Sheik,https://en.wikipedia.org/wiki/Duncan_Sheik,Sater,
2007,61st Tony Awards,/wiki/61st_Tony_Awards,False,Curtains,https://en.wikipedia.org/wiki/Curtains_(musical),Rupert Holmes,https://en.wikipedia.org/wiki/Rupert_Holmes,John Kander,https://en.wikipedia.org/wiki/John_Kander,Fred Ebb,https://en.wikipedia.org/wiki/Fred_Ebb
2007,61st Tony Awards,/wiki/61st_Tony_Awards,False,Grey Gardens,https://en.wikipedia.org/wiki/Grey_Gardens_(musical),Doug Wright,https://en.wikipedia.org/wiki/Doug_Wright,Scott Frankel,https://en.wikipedia.org/wiki/Scott_Frankel,Michael Korie,https://en.wikipedia.org/wiki/Michael_Korie
2007,61st Tony Awards,/wiki/61st_Tony_Awards,False,Mary Poppins,https://en.wikipedia.org/wiki/Mary_Poppins_(musical),Julian Fellowes,https://en.wikipedia.org/wiki/Julian_Fellowes,"Anthony Drewe,Sherman Brothers&George Stiles",https://en.wikipedia.org/wiki/Anthony_Drewe,"Anthony Drewe,Sherman Brothers&George Stiles",https://en.wikipedia.org/wiki/Anthony_Drewe
2008,62nd Tony Awards,/wiki/62nd_Tony_Awards,False,Xanadu,https://en.wikipedia.org/wiki/Xanadu_(musical),Douglas Carter Beane,https://en.wikipedia.org/wiki/Douglas_Carter_Beane,John Farrar&Jeff Lynne,https://en.wikipedia.org/wiki/John_Farrar,John Farrar&Jeff Lynne,https://en.wikipedia.org/wiki/John_Farrar
2008,62nd Tony Awards,/wiki/62nd_Tony_Awards,False,Passing Strange,https://en.wikipedia.org/wiki/Passing_Strange_(musical),Stew,https://en.wikipedia.org/wiki/Stew_(musician),Heidi Rodewald & Stew,,Stew,
2008,62nd Tony Awards,/wiki/62nd_Tony_Awards,False,Cry-Baby,https://en.wikipedia.org/wiki/Cry-Baby_(musical),Thomas Meehan&Mark O'Donnell,https://en.wikipedia.org/wiki/Thomas_Meehan_(writer),Adam Schlesinger,https://en.wikipedia.org/wiki/Adam_Schlesinger,David Javerbaum,https://en.wikipedia.org/wiki/David_Javerbaum
2008,62nd Tony Awards,/wiki/62nd_Tony_Awards,True,In the Heights*,https://en.wikipedia.org/wiki/In_the_Heights,Quiara Alegría Hudes,https://en.wikipedia.org/wiki/Quiara_Alegr%C3%ADa_Hudes,Lin-Manuel Miranda,https://en.wikipedia.org/wiki/Lin-Manuel_Miranda,Lin-Manuel Miranda,https://en.wikipedia.org/wiki/Lin-Manuel_Miranda
2009,63rd Tony Awards,/wiki/63rd_Tony_Awards,True,Billy Elliot the Musical,https://en.wikipedia.org/wiki/Billy_Elliot_the_Musical,Lee Hall,https://en.wikipedia.org/wiki/Lee_Hall_(playwright),Elton John,https://en.wikipedia.org/wiki/Elton_John,Hall,
2009,63rd Tony Awards,/wiki/63rd_Tony_Awards,False,Next to Normal†,https://en.wikipedia.org/wiki/Next_to_Normal,Brian Yorkey,https://en.wikipedia.org/wiki/Brian_Yorkey,Tom Kitt,https://en.wikipedia.org/wiki/Tom_Kitt_(musician),Yorkey,
2009,63rd Tony Awards,/wiki/63rd_Tony_Awards,False,Rock of Ages,https://en.wikipedia.org/wiki/Rock_of_Ages_(musical),Chris D'Arienzo,,Various,,Various,
2009,63rd Tony Awards,/wiki/63rd_Tony_Awards,False,Shrek The Musical,https://en.wikipedia.org/wiki/Shrek_The_Musical,David Lindsay-Abaire,https://en.wikipedia.org/wiki/David_Lindsay-Abaire,Jeanine Tesori,https://en.wikipedia.org/wiki/Jeanine_Tesori,Lindsay-Abaire,
2010,64th Tony Awards,/wiki/64th_Tony_Awards,True,Memphis,https://en.wikipedia.org/wiki/Memphis_(musical),Joe DiPietro,https://en.wikipedia.org/wiki/Joe_DiPietro,David Bryan,https://en.wikipedia.org/wiki/David_Bryan,Bryan & DiPietro,
2010,64th Tony Awards,/wiki/64th_Tony_Awards,False,American Idiot,https://en.wikipedia.org/wiki/American_Idiot_(musical),Billie Joe Armstrong&Michael Mayer,https://en.wikipedia.org/wiki/Billie_Joe_Armstrong,Green Day,https://en.wikipedia.org/wiki/Green_Day,Armstrong,
2010,64th Tony Awards,/wiki/64th_Tony_Awards,False,Fela!,https://en.wikipedia.org/wiki/Fela!,Bill T. Jones& Jim Lewis,https://en.wikipedia.org/wiki/Bill_T._Jones,Fela Kuti,https://en.wikipedia.org/wiki/Fela_Kuti,Fela Kuti,https://en.wikipedia.org/wiki/Fela_Kuti
2010,64th Tony Awards,/wiki/64th_Tony_Awards,False,Million Dollar Quartet,https://en.wikipedia.org/wiki/Million_Dollar_Quartet_(musical),Colin Escott &Floyd Mutrux,https://en.wikipedia.org/wiki/Floyd_Mutrux,Various,,Various,
2011,65th Tony Awards,/wiki/65th_Tony_Awards,True,The Book of Mormon,https://en.wikipedia.org/wiki/The_Book_of_Mormon_(musical),"Robert Lopez,Trey Parker&Matt Stone",https://en.wikipedia.org/wiki/Robert_Lopez,"Robert Lopez,Trey Parker&Matt Stone",https://en.wikipedia.org/wiki/Robert_Lopez,"Robert Lopez,Trey Parker&Matt Stone",https://en.wikipedia.org/wiki/Robert_Lopez
2011,65th Tony Awards,/wiki/65th_Tony_Awards,False,Catch Me If You Can,https://en.wikipedia.org/wiki/Catch_Me_If_You_Can_(musical),Terrence McNally,https://en.wikipedia.org/wiki/Terrence_McNally,Marc Shaiman,https://en.wikipedia.org/wiki/Marc_Shaiman,Shaiman &Scott Wittman,https://en.wikipedia.org/wiki/Scott_Wittman
2011,65th Tony Awards,/wiki/65th_Tony_Awards,False,The Scottsboro Boys,https://en.wikipedia.org/wiki/The_Scottsboro_Boys_(musical),David Thompson,https://en.wikipedia.org/wiki/David_Thompson_(writer),John Kander,https://en.wikipedia.org/wiki/John_Kander,Fred Ebb,https://en.wikipedia.org/wiki/Fred_Ebb
2011,65th Tony Awards,/wiki/65th_Tony_Awards,False,Sister Act,https://en.wikipedia.org/wiki/Sister_Act_(musical),"Bill Steinkellner, Cheri Steinkellner&Douglas Carter Beane",https://en.wikipedia.org/wiki/Bill_and_Cheri_Steinkellner,Alan Menken,https://en.wikipedia.org/wiki/Alan_Menken,Glenn Slater,https://en.wikipedia.org/wiki/Glenn_Slater
2012,66th Tony Awards,/wiki/66th_Tony_Awards,False,Newsies,https://en.wikipedia.org/wiki/Newsies_(musical),Harvey Fierstein,https://en.wikipedia.org/wiki/Harvey_Fierstein,Menken,,Jack Feldman,https://en.wikipedia.org/wiki/Jack_Feldman_(songwriter)
2012,66th Tony Awards,/wiki/66th_Tony_Awards,False,Nice Work If You Can Get It,https://en.wikipedia.org/wiki/Nice_Work_If_You_Can_Get_It_(musical),Joe DiPietro,https://en.wikipedia.org/wiki/Joe_DiPietro,George Gershwin,https://en.wikipedia.org/wiki/George_Gershwin,Ira Gershwin,https://en.wikipedia.org/wiki/Ira_Gershwin
2012,66th Tony Awards,/wiki/66th_Tony_Awards,True,Once,https://en.wikipedia.org/wiki/Once_(musical),Enda Walsh,https://en.wikipedia.org/wiki/Enda_Walsh,Glen Hansard&Markéta Irglová,https://en.wikipedia.org/wiki/Glen_Hansard,Glen Hansard&Markéta Irglová,https://en.wikipedia.org/wiki/Glen_Hansard
2012,66th Tony Awards,/wiki/66th_Tony_Awards,False,Leap of Faith,https://en.wikipedia.org/wiki/Leap_of_Faith_(musical),Janus Cercone&Glenn Slater,https://en.wikipedia.org/wiki/Janus_Cercone,Alan Menken,https://en.wikipedia.org/wiki/Alan_Menken,Slater,
2013,67th Tony Awards,/wiki/67th_Tony_Awards,True,Kinky Boots,https://en.wikipedia.org/wiki/Kinky_Boots_(musical),Harvey Fierstein,https://en.wikipedia.org/wiki/Harvey_Fierstein,Cyndi Lauper,https://en.wikipedia.org/wiki/Cyndi_Lauper,Cyndi Lauper,https://en.wikipedia.org/wiki/Cyndi_Lauper
2013,67th Tony Awards,/wiki/67th_Tony_Awards,False,Bring It On: The Musical,https://en.wikipedia.org/wiki/Bring_It_On:_The_Musical,Jeff Whitty,https://en.wikipedia.org/wiki/Jeff_Whitty,Tom Kitt&Lin-Manuel Miranda,https://en.wikipedia.org/wiki/Tom_Kitt_(musician),Amanda Green& Miranda,https://en.wikipedia.org/wiki/Amanda_Green
2013,67th Tony Awards,/wiki/67th_Tony_Awards,False,A Christmas Story: The Musical,https://en.wikipedia.org/wiki/A_Christmas_Story:_The_Musical,Joseph Robinette,,Benj Pasek & Justin Paul,https://en.wikipedia.org/wiki/Pasek_and_Paul,Benj Pasek & Justin Paul,https://en.wikipedia.org/wiki/Pasek_and_Paul
2013,67th Tony Awards,/wiki/67th_Tony_Awards,False,Matilda the Musical,https://en.wikipedia.org/wiki/Matilda_the_Musical,Dennis Kelly,https://en.wikipedia.org/wiki/Dennis_Kelly,Tim Minchin,https://en.wikipedia.org/wiki/Tim_Minchin,Tim Minchin,https://en.wikipedia.org/wiki/Tim_Minchin
2014,68th Tony Awards,/wiki/68th_Tony_Awards,True,A Gentleman's Guide to Love and Murder,https://en.wikipedia.org/wiki/A_Gentleman%27s_Guide_to_Love_and_Murder,Robert L. Freedman,https://en.wikipedia.org/wiki/Robert_L._Freedman,Steven Lutvak,https://en.wikipedia.org/wiki/Steven_Lutvak,Freedman & Lutvak,
2014,68th Tony Awards,/wiki/68th_Tony_Awards,False,After Midnight,https://en.wikipedia.org/wiki/After_Midnight_(musical),Jack Viertel,,Various,,Various,
2014,68th Tony Awards,/wiki/68th_Tony_Awards,False,Aladdin,https://en.wikipedia.org/wiki/Aladdin_(2011_musical),Chad Beguelin,https://en.wikipedia.org/wiki/Chad_Beguelin,Alan Menken,https://en.wikipedia.org/wiki/Alan_Menken,"Howard Ashman, Beguelin &Tim Rice",https://en.wikipedia.org/wiki/Howard_Ashman
2014,68th Tony Awards,/wiki/68th_Tony_Awards,False,Beautiful: The Carole King Musical,https://en.wikipedia.org/wiki/Beautiful:_The_Carole_King_Musical,Douglas McGrath,https://en.wikipedia.org/wiki/Douglas_McGrath,"Gerry Goffin,Carole King,Barry Mann&Cynthia Weil",https://en.wikipedia.org/wiki/Gerry_Goffin,"Gerry Goffin,Carole King,Barry Mann&Cynthia Weil",https://en.wikipedia.org/wiki/Gerry_Goffin
2015,69th Tony Awards,/wiki/69th_Tony_Awards,True,Fun Home*,https://en.wikipedia.org/wiki/Fun_Home_(musical),Lisa Kron,https://en.wikipedia.org/wiki/Lisa_Kron,Jeanine Tesori,https://en.wikipedia.org/wiki/Jeanine_Tesori,Kron,
2015,69th Tony Awards,/wiki/69th_Tony_Awards,False,An American in Paris,https://en.wikipedia.org/wiki/An_American_in_Paris_(musical),Craig Lucas,https://en.wikipedia.org/wiki/Craig_Lucas,George Gershwin,https://en.wikipedia.org/wiki/George_Gershwin,Ira Gershwin,https://en.wikipedia.org/wiki/Ira_Gershwin
2015,69th Tony Awards,/wiki/69th_Tony_Awards,False,Something Rotten!,https://en.wikipedia.org/wiki/Something_Rotten!,Karey Kirkpatrick&John O'Farrell,https://en.wikipedia.org/wiki/Karey_Kirkpatrick,Karey &Wayne Kirkpatrick,https://en.wikipedia.org/wiki/Wayne_Kirkpatrick,Karey &Wayne Kirkpatrick,https://en.wikipedia.org/wiki/Wayne_Kirkpatrick
2015,69th Tony Awards,/wiki/69th_Tony_Awards,False,The Visit,https://en.wikipedia.org/wiki/The_Visit_(musical),Terrence McNally,https://en.wikipedia.org/wiki/Terrence_McNally,John Kander,https://en.wikipedia.org/wiki/John_Kander,Fred Ebb,https://en.wikipedia.org/wiki/Fred_Ebb
2016,70th Tony Awards,/wiki/70th_Tony_Awards,False,Waitress,https://en.wikipedia.org/wiki/Waitress_(musical),Jessie Nelson,https://en.wikipedia.org/wiki/Jessie_Nelson_(filmmaker),Sara Bareilles,https://en.wikipedia.org/wiki/Sara_Bareilles,Sara Bareilles,https://en.wikipedia.org/wiki/Sara_Bareilles
2016,70th Tony Awards,/wiki/70th_Tony_Awards,False,School of Rock,https://en.wikipedia.org/wiki/School_of_Rock_(musical),Julian Fellowes,https://en.wikipedia.org/wiki/Julian_Fellowes,Andrew Lloyd Webber,https://en.wikipedia.org/wiki/Andrew_Lloyd_Webber,Glenn Slater,https://en.wikipedia.org/wiki/Glenn_Slater
2016,70th Tony Awards,/wiki/70th_Tony_Awards,False,Shuffle Along,"https://en.wikipedia.org/wiki/Shuffle_Along,_or,_the_Making_of_the_Musical_Sensation_of_1921_and_All_That_Followed",George C. Wolfe,https://en.wikipedia.org/wiki/George_C._Wolfe,Eubie Blake&Noble Sissle,https://en.wikipedia.org/wiki/Eubie_Blake,Eubie Blake&Noble Sissle,https://en.wikipedia.org/wiki/Eubie_Blake
2016,70th Tony Awards,/wiki/70th_Tony_Awards,True,Hamilton†,https://en.wikipedia.org/wiki/Hamilton_(musical),Lin-Manuel Miranda,https://en.wikipedia.org/wiki/Lin-Manuel_Miranda,Lin-Manuel Miranda,https://en.wikipedia.org/wiki/Lin-Manuel_Miranda,Lin-Manuel Miranda,https://en.wikipedia.org/wiki/Lin-Manuel_Miranda
2016,70th Tony Awards,/wiki/70th_Tony_Awards,False,Bright Star,https://en.wikipedia.org/wiki/Bright_Star_(musical),Steve Martin,https://en.wikipedia.org/wiki/Steve_Martin,Edie Brickell& Martin,https://en.wikipedia.org/wiki/Edie_Brickell,Brickell,
2017,71st Tony Awards,/wiki/71st_Tony_Awards,True,Dear Evan Hansen,https://en.wikipedia.org/wiki/Dear_Evan_Hansen,Steven Levenson,https://en.wikipedia.org/wiki/Steven_Levenson,Benj Pasek & Justin Paul,https://en.wikipedia.org/wiki/Pasek_and_Paul,Benj Pasek & Justin Paul,https://en.wikipedia.org/wiki/Pasek_and_Paul
2017,71st Tony Awards,/wiki/71st_Tony_Awards,False,Come from Away,https://en.wikipedia.org/wiki/Come_from_Away,David Hein&Irene Sankoff,https://en.wikipedia.org/wiki/David_Hein,David Hein&Irene Sankoff,https://en.wikipedia.org/wiki/David_Hein,David Hein&Irene Sankoff,https://en.wikipedia.org/wiki/David_Hein
2017,71st Tony Awards,/wiki/71st_Tony_Awards,False,Groundhog Day,https://en.wikipedia.org/wiki/Groundhog_Day_(musical),Danny Rubin,https://en.wikipedia.org/wiki/Danny_Rubin,Tim Minchin,https://en.wikipedia.org/wiki/Tim_Minchin,Tim Minchin,https://en.wikipedia.org/wiki/Tim_Minchin
2017,71st Tony Awards,/wiki/71st_Tony_Awards,False,"Natasha, Pierre & The Great Comet of 1812","https://en.wikipedia.org/wiki/Natasha,_Pierre_%26_The_Great_Comet_of_1812",Dave Malloy,https://en.wikipedia.org/wiki/Dave_Malloy,Dave Malloy,https://en.wikipedia.org/wiki/Dave_Malloy,Dave Malloy,https://en.wikipedia.org/wiki/Dave_Malloy
2018,72nd Tony Awards,/wiki/72nd_Tony_Awards,False,SpongeBob SquarePants,https://en.wikipedia.org/wiki/SpongeBob_SquarePants_(musical),Kyle Jarrow,https://en.wikipedia.org/wiki/Kyle_Jarrow,Various,,Various,
2018,72nd Tony Awards,/wiki/72nd_Tony_Awards,False,Mean Girls,https://en.wikipedia.org/wiki/Mean_Girls_(musical),Tina Fey,https://en.wikipedia.org/wiki/Tina_Fey,Jeff Richmond,https://en.wikipedia.org/wiki/Jeff_Richmond,Nell Benjamin,https://en.wikipedia.org/wiki/Nell_Benjamin
2018,72nd Tony Awards,/wiki/72nd_Tony_Awards,True,The Band's Visit,https://en.wikipedia.org/wiki/The_Band%27s_Visit_(musical),Itamar Moses,https://en.wikipedia.org/wiki/Itamar_Moses,David Yazbek,https://en.wikipedia.org/wiki/David_Yazbek,David Yazbek,https://en.wikipedia.org/wiki/David_Yazbek
2018,72nd Tony Awards,/wiki/72nd_Tony_Awards,False,Frozen,https://en.wikipedia.org/wiki/Frozen_(musical),Jennifer Lee,https://en.wikipedia.org/wiki/Jennifer_Lee_(filmmaker),Kristen Anderson-Lopez&Robert Lopez,https://en.wikipedia.org/wiki/Kristen_Anderson-Lopez,Kristen Anderson-Lopez&Robert Lopez,https://en.wikipedia.org/wiki/Kristen_Anderson-Lopez
2019,73rd Tony Awards,/wiki/73rd_Tony_Awards,True,Hadestown,https://en.wikipedia.org/wiki/Hadestown,Anaïs Mitchell,https://en.wikipedia.org/wiki/Ana%C3%AFs_Mitchell,Anaïs Mitchell,https://en.wikipedia.org/wiki/Ana%C3%AFs_Mitchell,Anaïs Mitchell,https://en.wikipedia.org/wiki/Ana%C3%AFs_Mitchell
2019,73rd Tony Awards,/wiki/73rd_Tony_Awards,False,Ain't Too Proud,https://en.wikipedia.org/wiki/Ain%27t_Too_Proud,Dominique Morisseau,https://en.wikipedia.org/wiki/Dominique_Morisseau,The Temptations,https://en.wikipedia.org/wiki/The_Temptations,The Temptations,https://en.wikipedia.org/wiki/The_Temptations
2019,73rd Tony Awards,/wiki/73rd_Tony_Awards,False,Beetlejuice,https://en.wikipedia.org/wiki/Beetlejuice_(musical),Scott Brown&Anthony King,https://en.wikipedia.org/wiki/Scott_Brown_(writer),Eddie Perfect,https://en.wikipedia.org/wiki/Eddie_Perfect,Eddie Perfect,https://en.wikipedia.org/wiki/Eddie_Perfect
2019,73rd Tony Awards,/wiki/73rd_Tony_Awards,False,The Prom,https://en.wikipedia.org/wiki/The_Prom_(musical),Chad Beguelin&Bob Martin,https://en.wikipedia.org/wiki/Chad_Beguelin,Matthew Sklar,https://en.wikipedia.org/wiki/Matthew_Sklar,Beguelin,
2019,73rd Tony Awards,/wiki/73rd_Tony_Awards,False,Tootsie,https://en.wikipedia.org/wiki/Tootsie_(musical),Robert Horn,https://en.wikipedia.org/wiki/Robert_Horn_(writer),David Yazbek,https://en.wikipedia.org/wiki/David_Yazbek,David Yazbek,https://en.wikipedia.org/wiki/David_Yazbek
2020,74th Tony Awards,/wiki/74th_Tony_Awards,False,Moulin Rouge! The Musical,https://en.wikipedia.org/wiki/Moulin_Rouge!_(musical),John Logan,https://en.wikipedia.org/wiki/John_Logan_(writer),Various,,Various,
2020,74th Tony Awards,/wiki/74th_Tony_Awards,False,Jagged Little Pill,https://en.wikipedia.org/wiki/Jagged_Little_Pill_(musical),Diablo Cody,https://en.wikipedia.org/wiki/Diablo_Cody,Alanis Morissette&Glen Ballard,https://en.wikipedia.org/wiki/Alanis_Morissette,Alanis Morissette,
2020,74th Tony Awards,/wiki/74th_Tony_Awards,False,Tina: The Tina Turner Musical,https://en.wikipedia.org/wiki/Tina_(musical),"Katori Hall, Frank Ketelaar & Kees Prins",https://en.wikipedia.org/wiki/Katori_Hall,Various,,Various,
