year,season,season_link,winner,author,author_link,production,production_link
1949,3rd Tony Awards,/wiki/3rd_Tony_Awards,True,Bella & Samuel Spewack,https://en.wikipedia.org/wiki/Bella_and_Samuel_Spewack,"Kiss Me, Kate","https://en.wikipedia.org/wiki/Kiss_Me,_Kate"
1950,4th Tony Awards,/wiki/4th_Tony_Awards,True,Oscar Hammerstein II&Joshua Logan,https://en.wikipedia.org/wiki/Oscar_Hammerstein_II,South Pacific,https://en.wikipedia.org/wiki/South_Pacific_(musical)
1962,16th Tony Awards,/wiki/16th_Tony_Awards,True,"Abe Burrows,Willie Gilbert&Jack Weinstock",https://en.wikipedia.org/wiki/Abe_Burrows,How to Succeed in Business Without Really Trying,https://en.wikipedia.org/wiki/How_to_Succeed_in_Business_Without_Really_Trying_(musical)
1962,16th Tony Awards,/wiki/16th_Tony_Awards,False,Helen Deutsch&Michael Stewart,https://en.wikipedia.org/wiki/Helen_Deutsch,Carnival!,https://en.wikipedia.org/wiki/Carnival!
1963,17th Tony Awards,/wiki/17th_Tony_Awards,True,Larry Gelbart&Burt Shevelove,https://en.wikipedia.org/wiki/Larry_Gelbart,A Funny Thing Happened on the Way to the Forum,https://en.wikipedia.org/wiki/A_Funny_Thing_Happened_on_the_Way_to_the_Forum
1963,17th Tony Awards,/wiki/17th_Tony_Awards,False,Lionel Bart,https://en.wikipedia.org/wiki/Lionel_Bart,Oliver!,https://en.wikipedia.org/wiki/Oliver!
1963,17th Tony Awards,/wiki/17th_Tony_Awards,False,Leslie Bricusse&Anthony Newley,https://en.wikipedia.org/wiki/Leslie_Bricusse,Stop the World – I Want to Get Off,https://en.wikipedia.org/wiki/Stop_the_World_%E2%80%93_I_Want_to_Get_Off
1963,17th Tony Awards,/wiki/17th_Tony_Awards,False,Neil Simon,https://en.wikipedia.org/wiki/Neil_Simon,Little Me,https://en.wikipedia.org/wiki/Little_Me_(musical)
1964,18th Tony Awards,/wiki/18th_Tony_Awards,False,Timothy Gray&Hugh Martin,https://en.wikipedia.org/wiki/Timothy_Gray,High Spirits,https://en.wikipedia.org/wiki/High_Spirits_(musical)
1964,18th Tony Awards,/wiki/18th_Tony_Awards,False,Joe Masteroff,https://en.wikipedia.org/wiki/Joe_Masteroff,She Loves Me,https://en.wikipedia.org/wiki/She_Loves_Me
1964,18th Tony Awards,/wiki/18th_Tony_Awards,True,Michael Stewart,https://en.wikipedia.org/wiki/Michael_Stewart_(playwright),"Hello, Dolly!","https://en.wikipedia.org/wiki/Hello,_Dolly!_(musical)"
1964,18th Tony Awards,/wiki/18th_Tony_Awards,False,Noël Coward&Harry Kurnitz,https://en.wikipedia.org/wiki/No%C3%ABl_Coward,The Girl Who Came to Supper,https://en.wikipedia.org/wiki/The_Girl_Who_Came_to_Supper
1965,19th Tony Awards,/wiki/19th_Tony_Awards,True,Joseph Stein,https://en.wikipedia.org/wiki/Joseph_Stein,Fiddler on the Roof,https://en.wikipedia.org/wiki/Fiddler_on_the_Roof
1965,19th Tony Awards,/wiki/19th_Tony_Awards,False,Jerome Coopersmith,https://en.wikipedia.org/wiki/Jerome_Coopersmith,Baker Street,https://en.wikipedia.org/wiki/Baker_Street_(musical)
1965,19th Tony Awards,/wiki/19th_Tony_Awards,False,Beverley Cross,https://en.wikipedia.org/wiki/Beverley_Cross,Half a Sixpence,https://en.wikipedia.org/wiki/Half_a_Sixpence
1965,19th Tony Awards,/wiki/19th_Tony_Awards,False,Sidney Michaels,https://en.wikipedia.org/wiki/Sidney_Michaels,Ben Franklin in Paris,https://en.wikipedia.org/wiki/Ben_Franklin_in_Paris
1971,25th Tony Awards,/wiki/25th_Tony_Awards,True,George Furth,https://en.wikipedia.org/wiki/George_Furth,Company,https://en.wikipedia.org/wiki/Company_(musical)
1971,25th Tony Awards,/wiki/25th_Tony_Awards,False,Robert H. Livingston & Herb Schapiro,,The Me Nobody Knows,https://en.wikipedia.org/wiki/The_Me_Nobody_Knows
1971,25th Tony Awards,/wiki/25th_Tony_Awards,False,Sherman Yellen,https://en.wikipedia.org/wiki/Sherman_Yellen,The Rothschilds,https://en.wikipedia.org/wiki/The_Rothschilds_(musical)
1972,26th Tony Awards,/wiki/26th_Tony_Awards,False,Melvin Van Peebles,https://en.wikipedia.org/wiki/Melvin_Van_Peebles,Ain't Supposed to Die a Natural Death,https://en.wikipedia.org/wiki/Ain%27t_Supposed_to_Die_a_Natural_Death
1972,26th Tony Awards,/wiki/26th_Tony_Awards,True,John Guare&Mel Shapiro,https://en.wikipedia.org/wiki/John_Guare,Two Gentlemen of Verona,https://en.wikipedia.org/wiki/Two_Gentlemen_of_Verona_(musical)
1972,26th Tony Awards,/wiki/26th_Tony_Awards,False,Warren Casey&Jim Jacobs,https://en.wikipedia.org/wiki/Warren_Casey,Grease,https://en.wikipedia.org/wiki/Grease_(musical)
1972,26th Tony Awards,/wiki/26th_Tony_Awards,False,James Goldman,https://en.wikipedia.org/wiki/James_Goldman,Follies,https://en.wikipedia.org/wiki/Follies
1973,27th Tony Awards,/wiki/27th_Tony_Awards,False,Melvin Van Peebles,https://en.wikipedia.org/wiki/Melvin_Van_Peebles,Don't Play Us Cheap,https://en.wikipedia.org/wiki/Don%27t_Play_Us_Cheap
1973,27th Tony Awards,/wiki/27th_Tony_Awards,False,Roger O. Hirson,https://en.wikipedia.org/wiki/Roger_O._Hirson,Pippin,https://en.wikipedia.org/wiki/Pippin_(musical)
1973,27th Tony Awards,/wiki/27th_Tony_Awards,True,Hugh Wheeler,https://en.wikipedia.org/wiki/Hugh_Wheeler,A Little Night Music,https://en.wikipedia.org/wiki/A_Little_Night_Music
1973,27th Tony Awards,/wiki/27th_Tony_Awards,False,Micki Grant,https://en.wikipedia.org/wiki/Micki_Grant,"Don't Bother Me, I Can't Cope","https://en.wikipedia.org/wiki/Don%27t_Bother_Me,_I_Can%27t_Cope"
1974,28th Tony Awards,/wiki/28th_Tony_Awards,True,Hugh Wheeler,https://en.wikipedia.org/wiki/Hugh_Wheeler,Candide,https://en.wikipedia.org/wiki/Candide_(operetta)
1974,28th Tony Awards,/wiki/28th_Tony_Awards,False,Michael Bennett,https://en.wikipedia.org/wiki/Michael_Bennett_(theater),Seesaw,https://en.wikipedia.org/wiki/Seesaw_(musical)
1974,28th Tony Awards,/wiki/28th_Tony_Awards,False,Robert Nemiroff&Charlotte Zaltzberg,https://en.wikipedia.org/wiki/Robert_B._Nemiroff,Raisin,https://en.wikipedia.org/wiki/Raisin_(musical)
1975,29th Tony Awards,/wiki/29th_Tony_Awards,True,"James Lee Barrett,Philip Rose&Peter Udell",https://en.wikipedia.org/wiki/James_Lee_Barrett,Shenandoah,https://en.wikipedia.org/wiki/Shenandoah_(musical)
1975,29th Tony Awards,/wiki/29th_Tony_Awards,False,William F. Brown,https://en.wikipedia.org/wiki/William_F._Brown_(writer),The Wiz,https://en.wikipedia.org/wiki/The_Wiz
1975,29th Tony Awards,/wiki/29th_Tony_Awards,False,"Gene Curty, Nitra Scharfman &Chuck Strand",https://en.wikipedia.org/wiki/Chuck_Strand,The Lieutenant,https://en.wikipedia.org/wiki/The_Lieutenant_(musical)
1975,29th Tony Awards,/wiki/29th_Tony_Awards,False,Michael Stewart,https://en.wikipedia.org/wiki/Michael_Stewart_(playwright),Mack and Mabel,https://en.wikipedia.org/wiki/Mack_and_Mabel
1976,30th Tony Awards,/wiki/30th_Tony_Awards,False,John Weidman,https://en.wikipedia.org/wiki/John_Weidman,Pacific Overtures,https://en.wikipedia.org/wiki/Pacific_Overtures
1976,30th Tony Awards,/wiki/30th_Tony_Awards,True,Nicholas Dante&James Kirkwood Jr.,https://en.wikipedia.org/wiki/Nicholas_Dante,A Chorus Line,https://en.wikipedia.org/wiki/A_Chorus_Line
1976,30th Tony Awards,/wiki/30th_Tony_Awards,False,Fred Ebb&Bob Fosse,https://en.wikipedia.org/wiki/Fred_Ebb,Chicago,https://en.wikipedia.org/wiki/Chicago_(musical)
1976,30th Tony Awards,/wiki/30th_Tony_Awards,False,Alfred Uhry,https://en.wikipedia.org/wiki/Alfred_Uhry,The Robber Bridegroom,https://en.wikipedia.org/wiki/The_Robber_Bridegroom_(musical)
1977,31st Tony Awards,/wiki/31st_Tony_Awards,False,Michael Stewart,https://en.wikipedia.org/wiki/Michael_Stewart_(playwright),I Love My Wife,https://en.wikipedia.org/wiki/I_Love_My_Wife
1977,31st Tony Awards,/wiki/31st_Tony_Awards,False,Michael Feingold &Elisabeth Hauptmann,https://en.wikipedia.org/wiki/Elisabeth_Hauptmann,Happy End,https://en.wikipedia.org/wiki/Happy_End_(musical)
1977,31st Tony Awards,/wiki/31st_Tony_Awards,True,Thomas Meehan,https://en.wikipedia.org/wiki/Thomas_Meehan_(writer),Annie,https://en.wikipedia.org/wiki/Annie_(musical)
1977,31st Tony Awards,/wiki/31st_Tony_Awards,False,Vinnette Justine Carroll,https://en.wikipedia.org/wiki/Vinnette_Justine_Carroll,Your Arms Too Short to Box with God,https://en.wikipedia.org/wiki/Your_Arms_Too_Short_to_Box_with_God
1978,32nd Tony Awards,/wiki/32nd_Tony_Awards,True,Betty Comden&Adolph Green,https://en.wikipedia.org/wiki/Betty_Comden,On the Twentieth Century,https://en.wikipedia.org/wiki/On_the_Twentieth_Century
1978,32nd Tony Awards,/wiki/32nd_Tony_Awards,False,Christopher Durang,https://en.wikipedia.org/wiki/Christopher_Durang,A History of the American Film,
1978,32nd Tony Awards,/wiki/32nd_Tony_Awards,False,Stephen Schwartz,https://en.wikipedia.org/wiki/Stephen_Schwartz_(composer),Working,https://en.wikipedia.org/wiki/Working_(musical)
1978,32nd Tony Awards,/wiki/32nd_Tony_Awards,False,Elizabeth Swados,https://en.wikipedia.org/wiki/Elizabeth_Swados,Runaways,https://en.wikipedia.org/wiki/Runaways_(musical)
1979,33rd Tony Awards,/wiki/33rd_Tony_Awards,False,Larry L. King&Peter Masterson,https://en.wikipedia.org/wiki/Larry_L._King,The Best Little Whorehouse in Texas,https://en.wikipedia.org/wiki/The_Best_Little_Whorehouse_in_Texas
1979,33rd Tony Awards,/wiki/33rd_Tony_Awards,True,Hugh Wheeler,https://en.wikipedia.org/wiki/Hugh_Wheeler,Sweeney Todd: The Demon Barber of Fleet Street,https://en.wikipedia.org/wiki/Sweeney_Todd:_The_Demon_Barber_of_Fleet_Street
1979,33rd Tony Awards,/wiki/33rd_Tony_Awards,False,Jerome Kass,https://en.wikipedia.org/wiki/Jerome_Kass,Ballroom,https://en.wikipedia.org/wiki/Ballroom_(musical)
1979,33rd Tony Awards,/wiki/33rd_Tony_Awards,False,Neil Simon,https://en.wikipedia.org/wiki/Neil_Simon,They're Playing Our Song,https://en.wikipedia.org/wiki/They%27re_Playing_Our_Song
1980,34th Tony Awards,/wiki/34th_Tony_Awards,False,Dick Vosburgh,https://en.wikipedia.org/wiki/Dick_Vosburgh,A Day in Hollywood/A Night in the Ukraine,https://en.wikipedia.org/wiki/A_Day_in_Hollywood/A_Night_in_the_Ukraine
1980,34th Tony Awards,/wiki/34th_Tony_Awards,False,Mark Bramble,https://en.wikipedia.org/wiki/Mark_Bramble,Barnum,https://en.wikipedia.org/wiki/Barnum_(musical)
1980,34th Tony Awards,/wiki/34th_Tony_Awards,False,Ralph G. Allen&Harry Rigby,https://en.wikipedia.org/wiki/Ralph_G._Allen,Sugar Babies,https://en.wikipedia.org/wiki/Sugar_Babies_(musical)
1980,34th Tony Awards,/wiki/34th_Tony_Awards,True,Tim Rice,https://en.wikipedia.org/wiki/Tim_Rice,Evita,https://en.wikipedia.org/wiki/Evita_(musical)
1981,35th Tony Awards,/wiki/35th_Tony_Awards,True,Peter Stone,https://en.wikipedia.org/wiki/Peter_Stone,Woman of the Year,https://en.wikipedia.org/wiki/Woman_of_the_Year_(musical)
1981,35th Tony Awards,/wiki/35th_Tony_Awards,False,Mark Bramble&Michael Stewart,https://en.wikipedia.org/wiki/Mark_Bramble,42nd Street,https://en.wikipedia.org/wiki/42nd_Street_(musical)
1981,35th Tony Awards,/wiki/35th_Tony_Awards,False,Mary Kyte,,Tintypes,https://en.wikipedia.org/wiki/Tintypes
1981,35th Tony Awards,/wiki/35th_Tony_Awards,False,Julian More &Monty Norman,https://en.wikipedia.org/wiki/Monty_Norman,The Moony Shapiro Songbook,https://en.wikipedia.org/wiki/The_Moony_Shapiro_Songbook
1982,36th Tony Awards,/wiki/36th_Tony_Awards,True,Tom Eyen,https://en.wikipedia.org/wiki/Tom_Eyen,Dreamgirls,https://en.wikipedia.org/wiki/Dreamgirls
1982,36th Tony Awards,/wiki/36th_Tony_Awards,False,Martin Charnin&Joel Siegel,https://en.wikipedia.org/wiki/Martin_Charnin,The First,https://en.wikipedia.org/wiki/The_First_(musical)
1982,36th Tony Awards,/wiki/36th_Tony_Awards,False,Arthur Kopit,https://en.wikipedia.org/wiki/Arthur_Kopit,Nine,https://en.wikipedia.org/wiki/Nine_(musical)
1982,36th Tony Awards,/wiki/36th_Tony_Awards,False,Tim Rice,https://en.wikipedia.org/wiki/Tim_Rice,Joseph and the Amazing Technicolor Dreamcoat,https://en.wikipedia.org/wiki/Joseph_and_the_Amazing_Technicolor_Dreamcoat
1983,37th Tony Awards,/wiki/37th_Tony_Awards,True,T. S. Eliot,https://en.wikipedia.org/wiki/T._S._Eliot,Cats,https://en.wikipedia.org/wiki/Cats_(musical)
1983,37th Tony Awards,/wiki/37th_Tony_Awards,False,Betty Comden&Adolph Green,https://en.wikipedia.org/wiki/Betty_Comden,A Doll's Life,https://en.wikipedia.org/wiki/A_Doll%27s_Life
1983,37th Tony Awards,/wiki/37th_Tony_Awards,False,Richard Levinson&William Link,https://en.wikipedia.org/wiki/Richard_Levinson,Merlin,https://en.wikipedia.org/wiki/Merlin_(musical)
1983,37th Tony Awards,/wiki/37th_Tony_Awards,False,Timothy S. Mayer &Peter Stone,https://en.wikipedia.org/wiki/Peter_Stone,My One and Only,https://en.wikipedia.org/wiki/My_One_and_Only_(musical)
1984,38th Tony Awards,/wiki/38th_Tony_Awards,False,Sybille Pearson,https://en.wikipedia.org/wiki/Sybille_Pearson,Baby,https://en.wikipedia.org/wiki/Baby_(musical)
1984,38th Tony Awards,/wiki/38th_Tony_Awards,False,James Lapine,https://en.wikipedia.org/wiki/James_Lapine,Sunday in the Park with George,https://en.wikipedia.org/wiki/Sunday_in_the_Park_with_George
1984,38th Tony Awards,/wiki/38th_Tony_Awards,True,Harvey Fierstein,https://en.wikipedia.org/wiki/Harvey_Fierstein,La Cage aux Folles,https://en.wikipedia.org/wiki/La_Cage_aux_Folles_(musical)
1984,38th Tony Awards,/wiki/38th_Tony_Awards,False,Charles Blackwell,,The Tap Dance Kid,https://en.wikipedia.org/wiki/The_Tap_Dance_Kid
1985,39th Tony Awards,/wiki/39th_Tony_Awards,True,William Hauptman,https://en.wikipedia.org/wiki/William_Hauptman,Big River,https://en.wikipedia.org/wiki/Big_River_(musical)
1985,39th Tony Awards,/wiki/39th_Tony_Awards,False,Barbara Damashek &Molly Newman,https://en.wikipedia.org/wiki/Molly_Newman,Quilters,https://en.wikipedia.org/wiki/Quilters_(musical)
1985,39th Tony Awards,/wiki/39th_Tony_Awards,False,Fay Kanin,https://en.wikipedia.org/wiki/Fay_Kanin,Grind,https://en.wikipedia.org/wiki/Grind_(musical)
1985,39th Tony Awards,/wiki/39th_Tony_Awards,False,Michael Stewart,https://en.wikipedia.org/wiki/Michael_Stewart_(playwright),Harrigan 'N Hart,https://en.wikipedia.org/wiki/Harrigan_%27N_Hart
1986,40th Tony Awards,/wiki/40th_Tony_Awards,True,Rupert Holmes,https://en.wikipedia.org/wiki/Rupert_Holmes,The Mystery of Edwin Drood,https://en.wikipedia.org/wiki/Drood
1986,40th Tony Awards,/wiki/40th_Tony_Awards,False,Betty Comden&Adolph Green,https://en.wikipedia.org/wiki/Betty_Comden,Singin' in the Rain,https://en.wikipedia.org/wiki/Singin%27_in_the_Rain_(musical)
1986,40th Tony Awards,/wiki/40th_Tony_Awards,False,Bob Fosse,https://en.wikipedia.org/wiki/Bob_Fosse,Big Deal,https://en.wikipedia.org/wiki/Big_Deal_(musical)
1986,40th Tony Awards,/wiki/40th_Tony_Awards,False,Jane Iredale,,Wind in the Willows,https://en.wikipedia.org/wiki/Wind_in_the_Willows
1987,41st Tony Awards,/wiki/41st_Tony_Awards,False,Joseph Stein,https://en.wikipedia.org/wiki/Joseph_Stein,Rags,https://en.wikipedia.org/wiki/Rags_(musical)
1987,41st Tony Awards,/wiki/41st_Tony_Awards,False,"Stephen Fry,Douglas Furber,Mike Ockrent& L. Arthur Rose",https://en.wikipedia.org/wiki/Stephen_Fry,Me and My Girl,https://en.wikipedia.org/wiki/Me_and_My_Girl
1987,41st Tony Awards,/wiki/41st_Tony_Awards,True,Alain Boublil&Claude-Michel Schönberg,https://en.wikipedia.org/wiki/Alain_Boublil,Les Misérables,https://en.wikipedia.org/wiki/Les_Mis%C3%A9rables_(musical)
1987,41st Tony Awards,/wiki/41st_Tony_Awards,False,Howard Ashman,https://en.wikipedia.org/wiki/Howard_Ashman,Smile,https://en.wikipedia.org/wiki/Smile_(musical)
1988,42nd Tony Awards,/wiki/42nd_Tony_Awards,True,James Lapine,https://en.wikipedia.org/wiki/James_Lapine,Into the Woods,https://en.wikipedia.org/wiki/Into_the_Woods
1988,42nd Tony Awards,/wiki/42nd_Tony_Awards,False,Lee Breuer,https://en.wikipedia.org/wiki/Lee_Breuer,The Gospel at Colonus,https://en.wikipedia.org/wiki/The_Gospel_at_Colonus
1988,42nd Tony Awards,/wiki/42nd_Tony_Awards,False,Barry Harman,,Romance/Romance,https://en.wikipedia.org/wiki/Romance/Romance
1988,42nd Tony Awards,/wiki/42nd_Tony_Awards,False,Richard Stilgoe&Andrew Lloyd Webber,https://en.wikipedia.org/wiki/Richard_Stilgoe,The Phantom of the Opera,https://en.wikipedia.org/wiki/The_Phantom_of_the_Opera_(1986_musical)
1990,44th Tony Awards,/wiki/44th_Tony_Awards,True,Larry Gelbart,https://en.wikipedia.org/wiki/Larry_Gelbart,City of Angels,https://en.wikipedia.org/wiki/City_of_Angels_(musical)
1990,44th Tony Awards,/wiki/44th_Tony_Awards,False,Luther Davis,https://en.wikipedia.org/wiki/Luther_Davis,Grand Hotel,https://en.wikipedia.org/wiki/Grand_Hotel_(musical)
1990,44th Tony Awards,/wiki/44th_Tony_Awards,False,Andrew Lloyd Webber,https://en.wikipedia.org/wiki/Andrew_Lloyd_Webber,Aspects of Love,https://en.wikipedia.org/wiki/Aspects_of_Love
1990,44th Tony Awards,/wiki/44th_Tony_Awards,False,Hugh Wheeler,https://en.wikipedia.org/wiki/Hugh_Wheeler,Meet Me in St. Louis,https://en.wikipedia.org/wiki/Meet_Me_in_St._Louis_(musical)
1991,45th Tony Awards,/wiki/45th_Tony_Awards,False,Alain Boublil&Claude-Michel Schönberg,https://en.wikipedia.org/wiki/Alain_Boublil,Miss Saigon,https://en.wikipedia.org/wiki/Miss_Saigon
1991,45th Tony Awards,/wiki/45th_Tony_Awards,False,Peter Stone,https://en.wikipedia.org/wiki/Peter_Stone,The Will Rogers Follies,https://en.wikipedia.org/wiki/The_Will_Rogers_Follies
1991,45th Tony Awards,/wiki/45th_Tony_Awards,False,Lynn Ahrens,https://en.wikipedia.org/wiki/Lynn_Ahrens,Once on This Island,https://en.wikipedia.org/wiki/Once_on_This_Island
1991,45th Tony Awards,/wiki/45th_Tony_Awards,True,Marsha Norman,https://en.wikipedia.org/wiki/Marsha_Norman,The Secret Garden,https://en.wikipedia.org/wiki/The_Secret_Garden_(musical)
1992,46th Tony Awards,/wiki/46th_Tony_Awards,True,William Finn&James Lapine,https://en.wikipedia.org/wiki/William_Finn,Falsettos,https://en.wikipedia.org/wiki/Falsettos
1992,46th Tony Awards,/wiki/46th_Tony_Awards,False,Ken Ludwig,https://en.wikipedia.org/wiki/Ken_Ludwig,Crazy for You,https://en.wikipedia.org/wiki/Crazy_for_You_(musical)
1992,46th Tony Awards,/wiki/46th_Tony_Awards,False,Clarke Peters,https://en.wikipedia.org/wiki/Clarke_Peters,Five Guys Named Moe,https://en.wikipedia.org/wiki/Five_Guys_Named_Moe
1992,46th Tony Awards,/wiki/46th_Tony_Awards,False,George C. Wolfe,https://en.wikipedia.org/wiki/George_C._Wolfe,Jelly's Last Jam,https://en.wikipedia.org/wiki/Jelly%27s_Last_Jam
1993,47th Tony Awards,/wiki/47th_Tony_Awards,True,Terrence McNally,https://en.wikipedia.org/wiki/Terrence_McNally,Kiss of the Spider Woman,https://en.wikipedia.org/wiki/Kiss_of_the_Spider_Woman_(musical)
1993,47th Tony Awards,/wiki/47th_Tony_Awards,False,Peter Kellogg,https://en.wikipedia.org/wiki/Peter_Kellogg_(writer),Anna Karenina,https://en.wikipedia.org/wiki/Anna_Karenina_(musical)
1993,47th Tony Awards,/wiki/47th_Tony_Awards,False,Des McAnuff&Pete Townshend,https://en.wikipedia.org/wiki/Des_McAnuff,The Who's Tommy,https://en.wikipedia.org/wiki/The_Who%27s_Tommy
1993,47th Tony Awards,/wiki/47th_Tony_Awards,False,Willy Russell,https://en.wikipedia.org/wiki/Willy_Russell,Blood Brothers,https://en.wikipedia.org/wiki/Blood_Brothers_(musical)
1994,48th Tony Awards,/wiki/48th_Tony_Awards,False,Linda Woolverton,https://en.wikipedia.org/wiki/Linda_Woolverton,Beauty and the Beast,https://en.wikipedia.org/wiki/Beauty_and_the_Beast_(musical)
1994,48th Tony Awards,/wiki/48th_Tony_Awards,False,Koen van Dijk,,Cyrano: The Musical,https://en.wikipedia.org/wiki/Cyrano:_The_Musical
1994,48th Tony Awards,/wiki/48th_Tony_Awards,False,Walter Bobbie,https://en.wikipedia.org/wiki/Walter_Bobbie,A Grand Night for Singing,https://en.wikipedia.org/wiki/A_Grand_Night_for_Singing
1994,48th Tony Awards,/wiki/48th_Tony_Awards,True,James Lapine,https://en.wikipedia.org/wiki/James_Lapine,Passion,https://en.wikipedia.org/wiki/Passion_(musical)
1995,49th Tony Awards,/wiki/49th_Tony_Awards,True,Don Black&Christopher Hampton,https://en.wikipedia.org/wiki/Don_Black_(lyricist),Sunset Boulevard,https://en.wikipedia.org/wiki/Sunset_Boulevard_(musical)
1996,50th Tony Awards,/wiki/50th_Tony_Awards,True,Jonathan Larson,https://en.wikipedia.org/wiki/Jonathan_Larson,Rent,https://en.wikipedia.org/wiki/Rent_(musical)
1996,50th Tony Awards,/wiki/50th_Tony_Awards,False,"Graciela Daniele,Michael John LaChiusa, & Jim Lewis",https://en.wikipedia.org/wiki/Graciela_Daniele,Chronicle of a Death Foretold,https://en.wikipedia.org/wiki/Chronicle_of_a_Death_Foretold_(musical)
1996,50th Tony Awards,/wiki/50th_Tony_Awards,False,Reg E. Gaines,,"Bring in 'Da Noise, Bring in 'Da Funk","https://en.wikipedia.org/wiki/Bring_in_%27Da_Noise,_Bring_in_%27Da_Funk"
1996,50th Tony Awards,/wiki/50th_Tony_Awards,False,John Weidman,https://en.wikipedia.org/wiki/John_Weidman,Big: The Musical,https://en.wikipedia.org/wiki/Big:_The_Musical
1997,51st Tony Awards,/wiki/51st_Tony_Awards,True,Peter Stone,https://en.wikipedia.org/wiki/Peter_Stone,Titanic,https://en.wikipedia.org/wiki/Titanic_(musical)
1997,51st Tony Awards,/wiki/51st_Tony_Awards,False,Leslie Bricusse,https://en.wikipedia.org/wiki/Leslie_Bricusse,Jekyll & Hyde,https://en.wikipedia.org/wiki/Jekyll_%26_Hyde_(musical)
1997,51st Tony Awards,/wiki/51st_Tony_Awards,False,"Cy Coleman,Ira Gasman& David Newman",https://en.wikipedia.org/wiki/Cy_Coleman,The Life,https://en.wikipedia.org/wiki/The_Life_(musical)
1997,51st Tony Awards,/wiki/51st_Tony_Awards,False,David Thompson,https://en.wikipedia.org/wiki/David_Thompson_(writer),Steel Pier,https://en.wikipedia.org/wiki/Steel_Pier_(musical)
1998,52nd Tony Awards,/wiki/52nd_Tony_Awards,False,Bill Russell,https://en.wikipedia.org/wiki/Bill_Russell_(lyricist),Side Show,https://en.wikipedia.org/wiki/Side_Show_(musical)
1998,52nd Tony Awards,/wiki/52nd_Tony_Awards,False,Nan Knighton,https://en.wikipedia.org/wiki/Nan_Knighton,The Scarlet Pimpernel,https://en.wikipedia.org/wiki/The_Scarlet_Pimpernel_(musical)
1998,52nd Tony Awards,/wiki/52nd_Tony_Awards,False,Roger Allers&Irene Mecchi,https://en.wikipedia.org/wiki/Roger_Allers,The Lion King,https://en.wikipedia.org/wiki/The_Lion_King_(musical)
1998,52nd Tony Awards,/wiki/52nd_Tony_Awards,True,Terrence McNally,https://en.wikipedia.org/wiki/Terrence_McNally,Ragtime,https://en.wikipedia.org/wiki/Ragtime_(musical)
1999,53rd Tony Awards,/wiki/53rd_Tony_Awards,True,Alfred Uhry,https://en.wikipedia.org/wiki/Alfred_Uhry,Parade,https://en.wikipedia.org/wiki/Parade_(musical)
1999,53rd Tony Awards,/wiki/53rd_Tony_Awards,False,"Charles Bevel,Lita Gaithers, Randal Myler,Ron Taylor& Dan Wheetman",https://en.wikipedia.org/wiki/Lita_Gaithers,It Ain't Nothin' But the Blues,https://en.wikipedia.org/wiki/It_Ain%27t_Nothin%27_But_the_Blues
1999,53rd Tony Awards,/wiki/53rd_Tony_Awards,False,Walter Bobbie&Dean Pitchford,https://en.wikipedia.org/wiki/Walter_Bobbie,Footloose,https://en.wikipedia.org/wiki/Footloose_(musical)
1999,53rd Tony Awards,/wiki/53rd_Tony_Awards,False,Pam Gems,https://en.wikipedia.org/wiki/Pam_Gems,Marlene,
2000,54th Tony Awards,/wiki/54th_Tony_Awards,True,Richard Nelson,https://en.wikipedia.org/wiki/Richard_Nelson_(playwright),James Joyce's The Dead,https://en.wikipedia.org/wiki/James_Joyce%27s_The_Dead
2000,54th Tony Awards,/wiki/54th_Tony_Awards,False,Michael John LaChiusa,https://en.wikipedia.org/wiki/Michael_John_LaChiusa,Marie Christine,https://en.wikipedia.org/wiki/Marie_Christine
2000,54th Tony Awards,/wiki/54th_Tony_Awards,False,LaChiusa &George C. Wolfe,https://en.wikipedia.org/wiki/George_C._Wolfe,The Wild Party,https://en.wikipedia.org/wiki/The_Wild_Party_(LaChiusa_musical)
2000,54th Tony Awards,/wiki/54th_Tony_Awards,False,John Weidman,https://en.wikipedia.org/wiki/John_Weidman,Contact,https://en.wikipedia.org/wiki/Contact_(musical)
2001,55th Tony Awards,/wiki/55th_Tony_Awards,False,Linda Kline &Lonny Price,https://en.wikipedia.org/wiki/Lonny_Price,A Class Act,https://en.wikipedia.org/wiki/A_Class_Act
2001,55th Tony Awards,/wiki/55th_Tony_Awards,False,Terrence McNally,https://en.wikipedia.org/wiki/Terrence_McNally,The Full Monty,https://en.wikipedia.org/wiki/The_Full_Monty_(musical)
2001,55th Tony Awards,/wiki/55th_Tony_Awards,True,Mel Brooks&Thomas Meehan,https://en.wikipedia.org/wiki/Mel_Brooks,The Producers,https://en.wikipedia.org/wiki/The_Producers_(musical)
2001,55th Tony Awards,/wiki/55th_Tony_Awards,False,John Caird,https://en.wikipedia.org/wiki/John_Caird_(director),Jane Eyre,https://en.wikipedia.org/wiki/Jane_Eyre_(musical)
2002,56th Tony Awards,/wiki/56th_Tony_Awards,True,Greg Kotis,https://en.wikipedia.org/wiki/Greg_Kotis,Urinetown,https://en.wikipedia.org/wiki/Urinetown
2002,56th Tony Awards,/wiki/56th_Tony_Awards,False,John Guare,https://en.wikipedia.org/wiki/John_Guare,Sweet Smell of Success,https://en.wikipedia.org/wiki/Sweet_Smell_of_Success_(musical)
2002,56th Tony Awards,/wiki/56th_Tony_Awards,False,Catherine Johnson,https://en.wikipedia.org/wiki/Catherine_Johnson_(playwright),Mamma Mia!,https://en.wikipedia.org/wiki/Mamma_Mia!
2002,56th Tony Awards,/wiki/56th_Tony_Awards,False,Richard Morris &Dick Scanlan,https://en.wikipedia.org/wiki/Dick_Scanlan,Thoroughly Modern Millie,https://en.wikipedia.org/wiki/Thoroughly_Modern_Millie_(musical)
2003,57th Tony Awards,/wiki/57th_Tony_Awards,True,Thomas Meehan&Mark O'Donnell,https://en.wikipedia.org/wiki/Thomas_Meehan_(writer),Hairspray,https://en.wikipedia.org/wiki/Hairspray_(musical)
2003,57th Tony Awards,/wiki/57th_Tony_Awards,False,David Henry Hwang,https://en.wikipedia.org/wiki/David_Henry_Hwang,Flower Drum Song,https://en.wikipedia.org/wiki/Flower_Drum_Song
2003,57th Tony Awards,/wiki/57th_Tony_Awards,False,Willie Reale,https://en.wikipedia.org/wiki/Willie_Reale,A Year with Frog and Toad,https://en.wikipedia.org/wiki/A_Year_with_Frog_and_Toad
2003,57th Tony Awards,/wiki/57th_Tony_Awards,False,Jeremy Sams&Didier Van Cauwelaert,https://en.wikipedia.org/wiki/Jeremy_Sams,Amour,https://en.wikipedia.org/wiki/Amour_(musical)
2004,58th Tony Awards,/wiki/58th_Tony_Awards,False,Winnie Holzman,https://en.wikipedia.org/wiki/Winnie_Holzman,Wicked,https://en.wikipedia.org/wiki/Wicked_(musical)
2004,58th Tony Awards,/wiki/58th_Tony_Awards,False,Tony Kushner,https://en.wikipedia.org/wiki/Tony_Kushner,"Caroline, or Change","https://en.wikipedia.org/wiki/Caroline,_or_Change"
2004,58th Tony Awards,/wiki/58th_Tony_Awards,True,Jeff Whitty,https://en.wikipedia.org/wiki/Jeff_Whitty,Avenue Q,https://en.wikipedia.org/wiki/Avenue_Q
2004,58th Tony Awards,/wiki/58th_Tony_Awards,False,Nick Enright&Martin Sherman,https://en.wikipedia.org/wiki/Nick_Enright,The Boy from Oz,https://en.wikipedia.org/wiki/The_Boy_from_Oz
2005,59th Tony Awards,/wiki/59th_Tony_Awards,True,Rachel Sheinkin,,The 25th Annual Putnam County Spelling Bee,https://en.wikipedia.org/wiki/The_25th_Annual_Putnam_County_Spelling_Bee
2005,59th Tony Awards,/wiki/59th_Tony_Awards,False,Eric Idle,https://en.wikipedia.org/wiki/Eric_Idle,Spamalot,https://en.wikipedia.org/wiki/Spamalot
2005,59th Tony Awards,/wiki/59th_Tony_Awards,False,Jeffrey Lane,https://en.wikipedia.org/wiki/Jeffrey_Lane,Dirty Rotten Scoundrels,https://en.wikipedia.org/wiki/Dirty_Rotten_Scoundrels_(musical)
2005,59th Tony Awards,/wiki/59th_Tony_Awards,False,Craig Lucas,https://en.wikipedia.org/wiki/Craig_Lucas,The Light in the Piazza,https://en.wikipedia.org/wiki/The_Light_in_the_Piazza_(musical)
2006,60th Tony Awards,/wiki/60th_Tony_Awards,True,Bob Martin&Don McKellar,https://en.wikipedia.org/wiki/Bob_Martin_(comedian),The Drowsy Chaperone,https://en.wikipedia.org/wiki/The_Drowsy_Chaperone
2006,60th Tony Awards,/wiki/60th_Tony_Awards,False,Chad Beguelin&Tim Herlihy,https://en.wikipedia.org/wiki/Chad_Beguelin,The Wedding Singer,https://en.wikipedia.org/wiki/The_Wedding_Singer_(musical)
2006,60th Tony Awards,/wiki/60th_Tony_Awards,False,Marshall Brickman&Rick Elice,https://en.wikipedia.org/wiki/Marshall_Brickman,Jersey Boys,https://en.wikipedia.org/wiki/Jersey_Boys
2006,60th Tony Awards,/wiki/60th_Tony_Awards,False,Marsha Norman,https://en.wikipedia.org/wiki/Marsha_Norman,The Color Purple,https://en.wikipedia.org/wiki/The_Color_Purple_(musical)
2007,61st Tony Awards,/wiki/61st_Tony_Awards,True,Steven Sater,https://en.wikipedia.org/wiki/Steven_Sater,Spring Awakening,https://en.wikipedia.org/wiki/Spring_Awakening_(musical)
2007,61st Tony Awards,/wiki/61st_Tony_Awards,False,Heather Hach,https://en.wikipedia.org/wiki/Heather_Hach,Legally Blonde,https://en.wikipedia.org/wiki/Legally_Blonde_(musical)
2007,61st Tony Awards,/wiki/61st_Tony_Awards,False,Rupert Holmes&Peter Stone,https://en.wikipedia.org/wiki/Rupert_Holmes,Curtains,https://en.wikipedia.org/wiki/Curtains_(musical)
2007,61st Tony Awards,/wiki/61st_Tony_Awards,False,Doug Wright,https://en.wikipedia.org/wiki/Doug_Wright,Grey Gardens,https://en.wikipedia.org/wiki/Grey_Gardens_(musical)
2008,62nd Tony Awards,/wiki/62nd_Tony_Awards,False,Thomas Meehan&Mark O'Donnell,https://en.wikipedia.org/wiki/Thomas_Meehan_(writer),Cry-Baby,https://en.wikipedia.org/wiki/Cry-Baby_(musical)
2008,62nd Tony Awards,/wiki/62nd_Tony_Awards,False,Quiara Alegría Hudes,https://en.wikipedia.org/wiki/Quiara_Alegr%C3%ADa_Hudes,In the Heights,https://en.wikipedia.org/wiki/In_the_Heights
2008,62nd Tony Awards,/wiki/62nd_Tony_Awards,True,Stew,https://en.wikipedia.org/wiki/Stew_(musician),Passing Strange,https://en.wikipedia.org/wiki/Passing_Strange
2008,62nd Tony Awards,/wiki/62nd_Tony_Awards,False,Douglas Carter Beane,https://en.wikipedia.org/wiki/Douglas_Carter_Beane,Xanadu,https://en.wikipedia.org/wiki/Xanadu_(musical)
2009,63rd Tony Awards,/wiki/63rd_Tony_Awards,True,Lee Hall,https://en.wikipedia.org/wiki/Lee_Hall_(playwright),Billy Elliot the Musical,https://en.wikipedia.org/wiki/Billy_Elliot_the_Musical
2009,63rd Tony Awards,/wiki/63rd_Tony_Awards,False,Hunter Bell,https://en.wikipedia.org/wiki/Hunter_Bell,[title of show],https://en.wikipedia.org/wiki/Title_of_show
2009,63rd Tony Awards,/wiki/63rd_Tony_Awards,False,David Lindsay-Abaire,https://en.wikipedia.org/wiki/David_Lindsay-Abaire,Shrek the Musical,https://en.wikipedia.org/wiki/Shrek_the_Musical
2009,63rd Tony Awards,/wiki/63rd_Tony_Awards,False,Brian Yorkey,https://en.wikipedia.org/wiki/Brian_Yorkey,Next to Normal,https://en.wikipedia.org/wiki/Next_to_Normal
2010,64th Tony Awards,/wiki/64th_Tony_Awards,True,Joe DiPietro,https://en.wikipedia.org/wiki/Joe_DiPietro,Memphis,https://en.wikipedia.org/wiki/Memphis_(musical)
2010,64th Tony Awards,/wiki/64th_Tony_Awards,False,Colin Escott &Floyd Mutrux,https://en.wikipedia.org/wiki/Floyd_Mutrux,Million Dollar Quartet,https://en.wikipedia.org/wiki/Million_Dollar_Quartet_(musical)
2010,64th Tony Awards,/wiki/64th_Tony_Awards,False,Bill T. Jones& Jim Lewis,https://en.wikipedia.org/wiki/Bill_T._Jones,Fela!,https://en.wikipedia.org/wiki/Fela!
2010,64th Tony Awards,/wiki/64th_Tony_Awards,False,Dick Scanlan&Sherie Rene Scott,https://en.wikipedia.org/wiki/Dick_Scanlan,Everyday Rapture,https://en.wikipedia.org/wiki/Everyday_Rapture
2011,65th Tony Awards,/wiki/65th_Tony_Awards,False,David Thompson,https://en.wikipedia.org/wiki/David_Thompson_(writer),The Scottsboro Boys,https://en.wikipedia.org/wiki/The_Scottsboro_Boys_(musical)
2011,65th Tony Awards,/wiki/65th_Tony_Awards,False,Alex Timbers,https://en.wikipedia.org/wiki/Alex_Timbers,Bloody Bloody Andrew Jackson,https://en.wikipedia.org/wiki/Bloody_Bloody_Andrew_Jackson
2011,65th Tony Awards,/wiki/65th_Tony_Awards,False,"Douglas Carter Beane,Bill & Cheri Steinkellner",https://en.wikipedia.org/wiki/Douglas_Carter_Beane,Sister Act,https://en.wikipedia.org/wiki/Sister_Act_(musical)
2011,65th Tony Awards,/wiki/65th_Tony_Awards,True,"Trey Parker,Robert Lopez&Matt Stone",https://en.wikipedia.org/wiki/Trey_Parker,The Book of Mormon,https://en.wikipedia.org/wiki/The_Book_of_Mormon_(musical)
2012,66th Tony Awards,/wiki/66th_Tony_Awards,True,Enda Walsh,https://en.wikipedia.org/wiki/Enda_Walsh,Once,https://en.wikipedia.org/wiki/Once_(musical)
2012,66th Tony Awards,/wiki/66th_Tony_Awards,False,Douglas Carter Beane,https://en.wikipedia.org/wiki/Douglas_Carter_Beane,Lysistrata Jones,https://en.wikipedia.org/wiki/Lysistrata_Jones
2012,66th Tony Awards,/wiki/66th_Tony_Awards,False,Joe DiPietro,https://en.wikipedia.org/wiki/Joe_DiPietro,Nice Work If You Can Get It,https://en.wikipedia.org/wiki/Nice_Work_If_You_Can_Get_It_(musical)
2012,66th Tony Awards,/wiki/66th_Tony_Awards,False,Harvey Fierstein,https://en.wikipedia.org/wiki/Harvey_Fierstein,Newsies,https://en.wikipedia.org/wiki/Newsies_(musical)
2013,67th Tony Awards,/wiki/67th_Tony_Awards,True,Dennis Kelly,https://en.wikipedia.org/wiki/Dennis_Kelly,Matilda the Musical,https://en.wikipedia.org/wiki/Matilda_the_Musical
2013,67th Tony Awards,/wiki/67th_Tony_Awards,False,Douglas Carter Beane,https://en.wikipedia.org/wiki/Douglas_Carter_Beane,Rodgers and Hammerstein's Cinderella,https://en.wikipedia.org/wiki/Cinderella_(2013_Broadway_production)
2013,67th Tony Awards,/wiki/67th_Tony_Awards,False,Harvey Fierstein,https://en.wikipedia.org/wiki/Harvey_Fierstein,Kinky Boots,https://en.wikipedia.org/wiki/Kinky_Boots_(musical)
2013,67th Tony Awards,/wiki/67th_Tony_Awards,False,Joseph Robinette,,A Christmas Story: The Musical,https://en.wikipedia.org/wiki/A_Christmas_Story:_The_Musical
2014,68th Tony Awards,/wiki/68th_Tony_Awards,False,Douglas McGrath,https://en.wikipedia.org/wiki/Douglas_McGrath,Beautiful: The Carole King Musical,https://en.wikipedia.org/wiki/Beautiful:_The_Carole_King_Musical
2014,68th Tony Awards,/wiki/68th_Tony_Awards,False,Chad Beguelin,https://en.wikipedia.org/wiki/Chad_Beguelin,Aladdin,https://en.wikipedia.org/wiki/Aladdin_(2011_musical)
2014,68th Tony Awards,/wiki/68th_Tony_Awards,False,Woody Allen,https://en.wikipedia.org/wiki/Woody_Allen,Bullets Over Broadway,https://en.wikipedia.org/wiki/Bullets_Over_Broadway_(musical)
2014,68th Tony Awards,/wiki/68th_Tony_Awards,True,Robert L. Freedman,https://en.wikipedia.org/wiki/Robert_L._Freedman,A Gentleman's Guide to Love and Murder,https://en.wikipedia.org/wiki/A_Gentleman%27s_Guide_to_Love_and_Murder
2015,69th Tony Awards,/wiki/69th_Tony_Awards,True,Lisa Kron,https://en.wikipedia.org/wiki/Lisa_Kron,Fun Home,https://en.wikipedia.org/wiki/Fun_Home_(musical)
2015,69th Tony Awards,/wiki/69th_Tony_Awards,False,Karey Kirkpatrick&John O'Farrell,https://en.wikipedia.org/wiki/Karey_Kirkpatrick,Something Rotten!,https://en.wikipedia.org/wiki/Something_Rotten!
2015,69th Tony Awards,/wiki/69th_Tony_Awards,False,Craig Lucas,https://en.wikipedia.org/wiki/Craig_Lucas,An American in Paris,https://en.wikipedia.org/wiki/An_American_in_Paris_(musical)
2015,69th Tony Awards,/wiki/69th_Tony_Awards,False,Terrence McNally,https://en.wikipedia.org/wiki/Terrence_McNally,The Visit,https://en.wikipedia.org/wiki/The_Visit_(musical)
2016,70th Tony Awards,/wiki/70th_Tony_Awards,True,Lin-Manuel Miranda,https://en.wikipedia.org/wiki/Lin-Manuel_Miranda,Hamilton,https://en.wikipedia.org/wiki/Hamilton_(musical)
2016,70th Tony Awards,/wiki/70th_Tony_Awards,False,Julian Fellowes,https://en.wikipedia.org/wiki/Julian_Fellowes,School of Rock,https://en.wikipedia.org/wiki/School_of_Rock_(musical)
2016,70th Tony Awards,/wiki/70th_Tony_Awards,False,Steve Martin,https://en.wikipedia.org/wiki/Steve_Martin,Bright Star,https://en.wikipedia.org/wiki/Bright_Star_(musical)
2016,70th Tony Awards,/wiki/70th_Tony_Awards,False,George C. Wolfe,https://en.wikipedia.org/wiki/George_C._Wolfe,Shuffle Along,"https://en.wikipedia.org/wiki/Shuffle_Along,_or,_the_Making_of_the_Musical_Sensation_of_1921_and_All_That_Followed"
2017,71st Tony Awards,/wiki/71st_Tony_Awards,False,David Hein&Irene Sankoff,https://en.wikipedia.org/wiki/David_Hein,Come from Away,https://en.wikipedia.org/wiki/Come_from_Away
2017,71st Tony Awards,/wiki/71st_Tony_Awards,False,Danny Rubin,https://en.wikipedia.org/wiki/Danny_Rubin,Groundhog Day,https://en.wikipedia.org/wiki/Groundhog_Day_(musical)
2017,71st Tony Awards,/wiki/71st_Tony_Awards,False,Dave Malloy,https://en.wikipedia.org/wiki/Dave_Malloy,"Natasha, Pierre & The Great Comet of 1812","https://en.wikipedia.org/wiki/Natasha,_Pierre_%26_The_Great_Comet_of_1812"
2017,71st Tony Awards,/wiki/71st_Tony_Awards,True,Steven Levenson,https://en.wikipedia.org/wiki/Steven_Levenson,Dear Evan Hansen,https://en.wikipedia.org/wiki/Dear_Evan_Hansen
2018,72nd Tony Awards,/wiki/72nd_Tony_Awards,True,Itamar Moses,https://en.wikipedia.org/wiki/Itamar_Moses,The Band's Visit,https://en.wikipedia.org/wiki/The_Band%27s_Visit_(musical)
2018,72nd Tony Awards,/wiki/72nd_Tony_Awards,False,Jennifer Lee,https://en.wikipedia.org/wiki/Jennifer_Lee_(filmmaker),Frozen,https://en.wikipedia.org/wiki/Frozen_(musical)
2018,72nd Tony Awards,/wiki/72nd_Tony_Awards,False,Tina Fey,https://en.wikipedia.org/wiki/Tina_Fey,Mean Girls,https://en.wikipedia.org/wiki/Mean_Girls_(musical)
2018,72nd Tony Awards,/wiki/72nd_Tony_Awards,False,Kyle Jarrow,https://en.wikipedia.org/wiki/Kyle_Jarrow,SpongeBob SquarePants,https://en.wikipedia.org/wiki/SpongeBob_SquarePants_(musical)
2019,73rd Tony Awards,/wiki/73rd_Tony_Awards,True,Robert Horn,https://en.wikipedia.org/wiki/Robert_Horn_(writer),Tootsie,https://en.wikipedia.org/wiki/Tootsie_(musical)
2019,73rd Tony Awards,/wiki/73rd_Tony_Awards,False,Dominique Morisseau,https://en.wikipedia.org/wiki/Dominique_Morisseau,Ain’t Too Proud,https://en.wikipedia.org/wiki/Ain%27t_Too_Proud_(musical)
2019,73rd Tony Awards,/wiki/73rd_Tony_Awards,False,Scott Brown&Anthony King,https://en.wikipedia.org/wiki/Scott_Brown_(writer),Beetlejuice,https://en.wikipedia.org/wiki/Beetlejuice_(musical)
2019,73rd Tony Awards,/wiki/73rd_Tony_Awards,False,Anaïs Mitchell,https://en.wikipedia.org/wiki/Ana%C3%AFs_Mitchell,Hadestown,https://en.wikipedia.org/wiki/Hadestown_(musical)
2019,73rd Tony Awards,/wiki/73rd_Tony_Awards,False,Chad Beguelin&Bob Martin,https://en.wikipedia.org/wiki/Chad_Beguelin,The Prom,https://en.wikipedia.org/wiki/The_Prom_(musical)
2020,74th Tony Awards,/wiki/74th_Tony_Awards,False,John Logan,https://en.wikipedia.org/wiki/John_Logan_(writer),Moulin Rouge! The Musical,https://en.wikipedia.org/wiki/Moulin_Rouge!_(musical)
2020,74th Tony Awards,/wiki/74th_Tony_Awards,False,Diablo Cody,https://en.wikipedia.org/wiki/Diablo_Cody,Jagged Little Pill,https://en.wikipedia.org/wiki/Jagged_Little_Pill_(musical)
2020,74th Tony Awards,/wiki/74th_Tony_Awards,False,"Katori Hall, Frank Ketelaar & Kees Prins",https://en.wikipedia.org/wiki/Katori_Hall,Tina: The Tina Turner Musical,https://en.wikipedia.org/wiki/Tina_(musical)
