year,season,season_link,winner,designer,designer_link,production,production_link
1947,1st Tony Awards,/wiki/1st_Tony_Awards,True,Lucinda Ballard,https://en.wikipedia.org/wiki/Lucinda_Ballard,"Another Part of the Forest,The Chocolate Soldier,Happy Birthday,John Loves MaryandStreet Scene",https://en.wikipedia.org/wiki/Another_Part_of_the_Forest
1948,2nd Tony Awards,/wiki/2nd_Tony_Awards,True,Mary Percy Schenck,,The Heiress,https://en.wikipedia.org/wiki/The_Heiress_(1947_play)
1949,3rd Tony Awards,/wiki/3rd_Tony_Awards,True,Lemuel Ayers,,"Kiss Me, Kate","https://en.wikipedia.org/wiki/Kiss_Me,_Kate"
1950,4th Tony Awards,/wiki/4th_Tony_Awards,True,Aline Bernstein,https://en.wikipedia.org/wiki/Aline_Bernstein,Regina,https://en.wikipedia.org/wiki/Regina_(opera)
1951,5th Tony Awards,/wiki/5th_Tony_Awards,True,Miles White,https://en.wikipedia.org/wiki/Miles_White,Bless You All,
1952,6th Tony Awards,/wiki/6th_Tony_Awards,True,Irene Sharaff,https://en.wikipedia.org/wiki/Irene_Sharaff,The King and I,https://en.wikipedia.org/wiki/The_King_and_I
1953,7th Tony Awards,/wiki/7th_Tony_Awards,True,Miles White,https://en.wikipedia.org/wiki/Miles_White,Hazel Flagg,https://en.wikipedia.org/wiki/Hazel_Flagg
1954,8th Tony Awards,/wiki/8th_Tony_Awards,True,Richard Whorf,https://en.wikipedia.org/wiki/Richard_Whorf,Ondine,https://en.wikipedia.org/wiki/Ondine_(ballet)
1955,9th Tony Awards,/wiki/9th_Tony_Awards,True,Cecil Beaton,https://en.wikipedia.org/wiki/Cecil_Beaton,Quadrille,https://en.wikipedia.org/wiki/Quadrille_(play)
1956,10th Tony Awards,/wiki/10th_Tony_Awards,False,Mainbocher,https://en.wikipedia.org/wiki/Mainbocher,The Great Sebastians,
1956,10th Tony Awards,/wiki/10th_Tony_Awards,False,Helene Pons,,"A View from the Bridge,The Diary of Anne FrankandHeavenly Twins",https://en.wikipedia.org/wiki/A_View_from_the_Bridge
1956,10th Tony Awards,/wiki/10th_Tony_Awards,True,Alvin Colt,https://en.wikipedia.org/wiki/Alvin_Colt,Pipe Dream,https://en.wikipedia.org/wiki/Pipe_Dream_(musical)
1956,10th Tony Awards,/wiki/10th_Tony_Awards,False,Alvin Colt,https://en.wikipedia.org/wiki/Alvin_Colt,The LarkandPhoenix '55,https://en.wikipedia.org/wiki/The_Lark_(play)
1957,11th Tony Awards,/wiki/11th_Tony_Awards,True,Cecil Beaton,https://en.wikipedia.org/wiki/Cecil_Beaton,My Fair Lady,https://en.wikipedia.org/wiki/My_Fair_Lady
1957,11th Tony Awards,/wiki/11th_Tony_Awards,False,Cecil Beaton,https://en.wikipedia.org/wiki/Cecil_Beaton,Little Glass Clock,
1957,11th Tony Awards,/wiki/11th_Tony_Awards,False,Alvin Colt,https://en.wikipedia.org/wiki/Alvin_Colt,Li'l AbnerandThe Sleeping Prince,https://en.wikipedia.org/wiki/Li%27l_Abner_(musical)
1957,11th Tony Awards,/wiki/11th_Tony_Awards,False,Dorothy Jeakins,https://en.wikipedia.org/wiki/Dorothy_Jeakins,Major BarbaraandToo Late the Phalarope,https://en.wikipedia.org/wiki/Major_Barbara_(play)
1957,11th Tony Awards,/wiki/11th_Tony_Awards,False,Irene Sharaff,https://en.wikipedia.org/wiki/Irene_Sharaff,"Candide,Happy Hunting,Shangri LaandSmall War on Murray Hill",https://en.wikipedia.org/wiki/Candide_(operetta)
1958,12th Tony Awards,/wiki/12th_Tony_Awards,True,Motley Theatre Design Group,https://en.wikipedia.org/wiki/Motley_Theatre_Design_Group,The First Gentleman,https://en.wikipedia.org/wiki/The_First_Gentleman_(play)
1958,12th Tony Awards,/wiki/12th_Tony_Awards,False,Lucinda Ballard,https://en.wikipedia.org/wiki/Lucinda_Ballard,Orpheus Descending,https://en.wikipedia.org/wiki/Orpheus_Descending
1958,12th Tony Awards,/wiki/12th_Tony_Awards,False,Motley Theatre Design Group,https://en.wikipedia.org/wiki/Motley_Theatre_Design_Group,"The Country Wife,Look Back in Anger,Look Homeward, AngelandShinbone Alley",https://en.wikipedia.org/wiki/The_Country_Wife
1958,12th Tony Awards,/wiki/12th_Tony_Awards,False,Irene Sharaff,https://en.wikipedia.org/wiki/Irene_Sharaff,West Side Story,https://en.wikipedia.org/wiki/West_Side_Story_(musical)
1958,12th Tony Awards,/wiki/12th_Tony_Awards,False,Miles White,https://en.wikipedia.org/wiki/Miles_White,"Jamaica,Oh, Captain!andTime Remembered",https://en.wikipedia.org/wiki/Jamaica_(musical)
1959,13th Tony Awards,/wiki/13th_Tony_Awards,False,Irene Sharaff,https://en.wikipedia.org/wiki/Irene_Sharaff,Flower Drum Song,https://en.wikipedia.org/wiki/Flower_Drum_Song
1959,13th Tony Awards,/wiki/13th_Tony_Awards,False,Oliver Messel,https://en.wikipedia.org/wiki/Oliver_Messel,Rashomon,https://en.wikipedia.org/wiki/Rashomon_(play)
1959,13th Tony Awards,/wiki/13th_Tony_Awards,False,Antonio Castillo,https://en.wikipedia.org/wiki/Antonio_Castillo_(costume_designer),Goldilocks,https://en.wikipedia.org/wiki/Goldilocks_(musical)
1959,13th Tony Awards,/wiki/13th_Tony_Awards,True,Rouben Ter-Arutunian,https://en.wikipedia.org/wiki/Rouben_Ter-Arutunian,Redhead,https://en.wikipedia.org/wiki/Redhead_(musical)
1959,13th Tony Awards,/wiki/13th_Tony_Awards,False,Dorothy Jeakins,https://en.wikipedia.org/wiki/Dorothy_Jeakins,The World of Suzie Wong,"https://en.wikipedia.org/wiki/The_World_of_Suzie_Wong#Film,_TV_and_theatrical_adaptations"
1960,14th Tony Awards,/wiki/14th_Tony_Awards,True,Cecil Beaton,https://en.wikipedia.org/wiki/Cecil_Beaton,Saratoga,https://en.wikipedia.org/wiki/Saratoga_(musical)
1960,14th Tony Awards,/wiki/14th_Tony_Awards,False,Alvin Colt,https://en.wikipedia.org/wiki/Alvin_Colt,Greenwillow,https://en.wikipedia.org/wiki/Greenwillow
1960,14th Tony Awards,/wiki/14th_Tony_Awards,False,Raoul Pene Du Bois,https://en.wikipedia.org/wiki/Raoul_Pene_Du_Bois,Gypsy,https://en.wikipedia.org/wiki/Gypsy_(musical)
1960,14th Tony Awards,/wiki/14th_Tony_Awards,False,Miles White,https://en.wikipedia.org/wiki/Miles_White,Take Me Along,https://en.wikipedia.org/wiki/Take_Me_Along
1962,16th Tony Awards,/wiki/16th_Tony_Awards,False,Miles White,https://en.wikipedia.org/wiki/Miles_White,Milk and Honey,https://en.wikipedia.org/wiki/Milk_and_Honey_(musical)
1962,16th Tony Awards,/wiki/16th_Tony_Awards,True,Lucinda Ballard,https://en.wikipedia.org/wiki/Lucinda_Ballard,The Gay Life,https://en.wikipedia.org/wiki/The_Gay_Life
1962,16th Tony Awards,/wiki/16th_Tony_Awards,False,Donald Brooks,https://en.wikipedia.org/wiki/Donald_Brooks,No Strings,https://en.wikipedia.org/wiki/No_Strings
1962,16th Tony Awards,/wiki/16th_Tony_Awards,False,Motley Theatre Design Group,https://en.wikipedia.org/wiki/Motley_Theatre_Design_Group,Kwamina,https://en.wikipedia.org/wiki/Kwamina
1963,17th Tony Awards,/wiki/17th_Tony_Awards,False,Motley Theatre Design Group,https://en.wikipedia.org/wiki/Motley_Theatre_Design_Group,Mother Courage and Her Children,https://en.wikipedia.org/wiki/Mother_Courage_and_Her_Children
1963,17th Tony Awards,/wiki/17th_Tony_Awards,False,Robert Fletcher,https://en.wikipedia.org/wiki/Robert_Fletcher_(costume_designer),Little Me,https://en.wikipedia.org/wiki/Little_Me_(musical)
1963,17th Tony Awards,/wiki/17th_Tony_Awards,False,Marcel Escoffier,,The Lady of the Camellias,https://en.wikipedia.org/wiki/The_Lady_of_the_Camellias
1963,17th Tony Awards,/wiki/17th_Tony_Awards,True,Anthony Powell,https://en.wikipedia.org/wiki/Anthony_Powell_(designer),The School for Scandal,https://en.wikipedia.org/wiki/The_School_for_Scandal
1964,18th Tony Awards,/wiki/18th_Tony_Awards,False,Rouben Ter-Arutunian,https://en.wikipedia.org/wiki/Rouben_Ter-Arutunian,Arturo Ui,https://en.wikipedia.org/wiki/The_Resistible_Rise_of_Arturo_Ui
1964,18th Tony Awards,/wiki/18th_Tony_Awards,True,Freddy Wittop,https://en.wikipedia.org/wiki/Freddy_Wittop,"Hello, Dolly!","https://en.wikipedia.org/wiki/Hello,_Dolly!_(musical)"
1964,18th Tony Awards,/wiki/18th_Tony_Awards,False,Beni Montresor,https://en.wikipedia.org/wiki/Beni_Montresor,Marco Millions,
1964,18th Tony Awards,/wiki/18th_Tony_Awards,False,Irene Sharaff,https://en.wikipedia.org/wiki/Irene_Sharaff,The Girl Who Came to Supper,https://en.wikipedia.org/wiki/The_Girl_Who_Came_to_Supper
1965,19th Tony Awards,/wiki/19th_Tony_Awards,False,Motley Theatre Design Group,https://en.wikipedia.org/wiki/Motley_Theatre_Design_Group,Baker Street,https://en.wikipedia.org/wiki/Baker_Street_(musical)
1965,19th Tony Awards,/wiki/19th_Tony_Awards,False,Freddy Wittop,https://en.wikipedia.org/wiki/Freddy_Wittop,The Roar of the Greasepaint – The Smell of the Crowd,https://en.wikipedia.org/wiki/The_Roar_of_the_Greasepaint_%E2%80%93_The_Smell_of_the_Crowd
1965,19th Tony Awards,/wiki/19th_Tony_Awards,True,Patricia Zipprodt,https://en.wikipedia.org/wiki/Patricia_Zipprodt,Fiddler on the Roof,https://en.wikipedia.org/wiki/Fiddler_on_the_Roof
1965,19th Tony Awards,/wiki/19th_Tony_Awards,False,Jane Greenwood,https://en.wikipedia.org/wiki/Jane_Greenwood,Tartuffe,https://en.wikipedia.org/wiki/Tartuffe
1966,20th Tony Awards,/wiki/20th_Tony_Awards,False,Loudon Sainthill,https://en.wikipedia.org/wiki/Loudon_Sainthill,The Right Honourable Gentleman,https://en.wikipedia.org/wiki/The_Right_Honourable_Gentleman
1966,20th Tony Awards,/wiki/20th_Tony_Awards,False,Irene Sharaff,https://en.wikipedia.org/wiki/Irene_Sharaff,Sweet Charity,https://en.wikipedia.org/wiki/Sweet_Charity
1966,20th Tony Awards,/wiki/20th_Tony_Awards,True,Gunilla Palmstierna-Weiss,,Marat/Sade,https://en.wikipedia.org/wiki/Marat/Sade
1966,20th Tony Awards,/wiki/20th_Tony_Awards,False,Howard Bayand Patton Campbell,https://en.wikipedia.org/wiki/Howard_Bay_(designer),Man of La Mancha,https://en.wikipedia.org/wiki/Man_of_La_Mancha
1967,21st Tony Awards,/wiki/21st_Tony_Awards,True,Patricia Zipprodt,https://en.wikipedia.org/wiki/Patricia_Zipprodt,Cabaret,https://en.wikipedia.org/wiki/Cabaret_(musical)
1967,21st Tony Awards,/wiki/21st_Tony_Awards,False,Nancy Potts,,The School for ScandalandThe Wild Duck,https://en.wikipedia.org/wiki/The_School_for_Scandal
1967,21st Tony Awards,/wiki/21st_Tony_Awards,False,Tony Walton,https://en.wikipedia.org/wiki/Tony_Walton,The Apple Tree,https://en.wikipedia.org/wiki/The_Apple_Tree
1967,21st Tony Awards,/wiki/21st_Tony_Awards,False,Freddy Wittop,https://en.wikipedia.org/wiki/Freddy_Wittop,I Do! I Do!,https://en.wikipedia.org/wiki/I_Do!_I_Do!
1968,22nd Tony Awards,/wiki/22nd_Tony_Awards,True,Desmond Heeley,https://en.wikipedia.org/wiki/Desmond_Heeley,Rosencrantz and Guildenstern Are Dead,https://en.wikipedia.org/wiki/Rosencrantz_and_Guildenstern_Are_Dead
1968,22nd Tony Awards,/wiki/22nd_Tony_Awards,False,Jane Greenwood,https://en.wikipedia.org/wiki/Jane_Greenwood,More Stately Mansions,https://en.wikipedia.org/wiki/More_Stately_Mansions
1968,22nd Tony Awards,/wiki/22nd_Tony_Awards,False,Irene Sharaff,https://en.wikipedia.org/wiki/Irene_Sharaff,"Hallelujah, Baby!","https://en.wikipedia.org/wiki/Hallelujah,_Baby!"
1968,22nd Tony Awards,/wiki/22nd_Tony_Awards,False,Freddy Wittop,https://en.wikipedia.org/wiki/Freddy_Wittop,The Happy Time,https://en.wikipedia.org/wiki/The_Happy_Time_(musical)
1969,23rd Tony Awards,/wiki/23rd_Tony_Awards,False,Robert Fletcher,https://en.wikipedia.org/wiki/Robert_Fletcher_(costume_designer),Hadrian VII,https://en.wikipedia.org/wiki/Hadrian_VII
1969,23rd Tony Awards,/wiki/23rd_Tony_Awards,False,Patricia Zipprodt,https://en.wikipedia.org/wiki/Patricia_Zipprodt,Zorba,https://en.wikipedia.org/wiki/Zorba_(musical)
1969,23rd Tony Awards,/wiki/23rd_Tony_Awards,True,Loudon Sainthill,https://en.wikipedia.org/wiki/Loudon_Sainthill,Canterbury Tales,https://en.wikipedia.org/wiki/Canterbury_Tales_(musical)
1969,23rd Tony Awards,/wiki/23rd_Tony_Awards,False,Michael Annals,https://en.wikipedia.org/wiki/Michael_Annals,"Morning, Noon and Night",https://en.wikipedia.org/wiki/Noon_(play)
1970,24th Tony Awards,/wiki/24th_Tony_Awards,False,Ray Aghayan,https://en.wikipedia.org/wiki/Ray_Aghayan,Applause,https://en.wikipedia.org/wiki/Applause_(musical)
1970,24th Tony Awards,/wiki/24th_Tony_Awards,False,W. Robert Lavine,,Jimmy,https://en.wikipedia.org/wiki/Jimmy_(musical)
1970,24th Tony Awards,/wiki/24th_Tony_Awards,False,Freddy Wittop,https://en.wikipedia.org/wiki/Freddy_Wittop,A Patriot for Me,https://en.wikipedia.org/wiki/A_Patriot_for_Me
1970,24th Tony Awards,/wiki/24th_Tony_Awards,True,Cecil Beaton,https://en.wikipedia.org/wiki/Cecil_Beaton,Coco,https://en.wikipedia.org/wiki/Coco_(musical)
1971,25th Tony Awards,/wiki/25th_Tony_Awards,True,Raoul Pene Du Bois,https://en.wikipedia.org/wiki/Raoul_Pene_Du_Bois,"No, No, Nanette","https://en.wikipedia.org/wiki/No,_No,_Nanette"
1971,25th Tony Awards,/wiki/25th_Tony_Awards,False,Jane Greenwood,https://en.wikipedia.org/wiki/Jane_Greenwood,Hay FeverandLes Blancs,https://en.wikipedia.org/wiki/Hay_Fever_(play)
1971,25th Tony Awards,/wiki/25th_Tony_Awards,False,Freddy Wittop,https://en.wikipedia.org/wiki/Freddy_Wittop,"Lovely Ladies, Kind Gentlemen","https://en.wikipedia.org/wiki/Lovely_Ladies,_Kind_Gentlemen"
1972,26th Tony Awards,/wiki/26th_Tony_Awards,True,Florence Klotz,https://en.wikipedia.org/wiki/Florence_Klotz,Follies,https://en.wikipedia.org/wiki/Follies
1972,26th Tony Awards,/wiki/26th_Tony_Awards,False,Theoni V. Aldredge,https://en.wikipedia.org/wiki/Theoni_V._Aldredge,Two Gentlemen of Verona,https://en.wikipedia.org/wiki/Two_Gentlemen_of_Verona_(musical)
1972,26th Tony Awards,/wiki/26th_Tony_Awards,False,Randy Barceló,https://en.wikipedia.org/wiki/Randy_Barcel%C3%B3,Jesus Christ Superstar,https://en.wikipedia.org/wiki/Jesus_Christ_Superstar
1972,26th Tony Awards,/wiki/26th_Tony_Awards,False,Carrie F. Robbins,,Grease,https://en.wikipedia.org/wiki/Grease_(musical)
1973,27th Tony Awards,/wiki/27th_Tony_Awards,False,Miles White,https://en.wikipedia.org/wiki/Miles_White,Tricks,
1973,27th Tony Awards,/wiki/27th_Tony_Awards,False,Patricia Zipprodt,https://en.wikipedia.org/wiki/Patricia_Zipprodt,Pippin,https://en.wikipedia.org/wiki/Pippin_(musical)
1973,27th Tony Awards,/wiki/27th_Tony_Awards,False,Theoni V. Aldredge,https://en.wikipedia.org/wiki/Theoni_V._Aldredge,Much Ado About Nothing,https://en.wikipedia.org/wiki/Much_Ado_About_Nothing
1973,27th Tony Awards,/wiki/27th_Tony_Awards,True,Florence Klotz,https://en.wikipedia.org/wiki/Florence_Klotz,A Little Night Music,https://en.wikipedia.org/wiki/A_Little_Night_Music
1974,28th Tony Awards,/wiki/28th_Tony_Awards,True,Franne Lee,https://en.wikipedia.org/wiki/Franne_Lee,Candide,https://en.wikipedia.org/wiki/Candide_(operetta)
1974,28th Tony Awards,/wiki/28th_Tony_Awards,False,Theoni V. Aldredge,https://en.wikipedia.org/wiki/Theoni_V._Aldredge,The Au Pair Man,
1974,28th Tony Awards,/wiki/28th_Tony_Awards,False,Finlay James,,Crown Matrimonial,
1974,28th Tony Awards,/wiki/28th_Tony_Awards,False,Oliver Messel,https://en.wikipedia.org/wiki/Oliver_Messel,Gigi,https://en.wikipedia.org/wiki/Gigi_(musical)
1974,28th Tony Awards,/wiki/28th_Tony_Awards,False,Carrie F. Robbins,,Over Here!,https://en.wikipedia.org/wiki/Over_Here!
1975,29th Tony Awards,/wiki/29th_Tony_Awards,False,Patricia Zipprodt,https://en.wikipedia.org/wiki/Patricia_Zipprodt,Mack and Mabel,https://en.wikipedia.org/wiki/Mack_and_Mabel
1975,29th Tony Awards,/wiki/29th_Tony_Awards,True,Geoffrey Holder,https://en.wikipedia.org/wiki/Geoffrey_Holder,The Wiz,https://en.wikipedia.org/wiki/The_Wiz
1975,29th Tony Awards,/wiki/29th_Tony_Awards,False,Arthur Boccia,,Where's Charley?,https://en.wikipedia.org/wiki/Where%27s_Charley%3F
1975,29th Tony Awards,/wiki/29th_Tony_Awards,False,Raoul Pene Du Bois,https://en.wikipedia.org/wiki/Raoul_Pene_Du_Bois,Doctor Jazz,https://en.wikipedia.org/wiki/Doctor_Jazz
1975,29th Tony Awards,/wiki/29th_Tony_Awards,False,Willa Kim,https://en.wikipedia.org/wiki/Willa_Kim,Goodtime Charley,https://en.wikipedia.org/wiki/Goodtime_Charley
1975,29th Tony Awards,/wiki/29th_Tony_Awards,False,Tanya Moiseiwitsch,https://en.wikipedia.org/wiki/Tanya_Moiseiwitsch,The Misanthrope,https://en.wikipedia.org/wiki/The_Misanthrope
1976,30th Tony Awards,/wiki/30th_Tony_Awards,False,Patricia Zipprodt,https://en.wikipedia.org/wiki/Patricia_Zipprodt,Chicago,https://en.wikipedia.org/wiki/Chicago_(musical)
1976,30th Tony Awards,/wiki/30th_Tony_Awards,False,Ann Roth,https://en.wikipedia.org/wiki/Ann_Roth,The Royal Family,https://en.wikipedia.org/wiki/The_Royal_Family_(play)
1976,30th Tony Awards,/wiki/30th_Tony_Awards,True,Florence Klotz,https://en.wikipedia.org/wiki/Florence_Klotz,Pacific Overtures,https://en.wikipedia.org/wiki/Pacific_Overtures
1976,30th Tony Awards,/wiki/30th_Tony_Awards,False,Theoni V. Aldredge,https://en.wikipedia.org/wiki/Theoni_V._Aldredge,A Chorus Line,https://en.wikipedia.org/wiki/A_Chorus_Line
1977,31st Tony Awards,/wiki/31st_Tony_Awards,True,Theoni V. Aldredge,https://en.wikipedia.org/wiki/Theoni_V._Aldredge,Annie,https://en.wikipedia.org/wiki/Annie_(musical)
1977,31st Tony Awards,/wiki/31st_Tony_Awards,True,Santo Loquasto,https://en.wikipedia.org/wiki/Santo_Loquasto,The Cherry Orchard,https://en.wikipedia.org/wiki/The_Cherry_Orchard
1977,31st Tony Awards,/wiki/31st_Tony_Awards,False,Theoni V. Aldredge,https://en.wikipedia.org/wiki/Theoni_V._Aldredge,The Threepenny Opera,https://en.wikipedia.org/wiki/The_Threepenny_Opera
1977,31st Tony Awards,/wiki/31st_Tony_Awards,False,Nancy Potts,,Porgy and Bess,https://en.wikipedia.org/wiki/Porgy_and_Bess
1978,32nd Tony Awards,/wiki/32nd_Tony_Awards,False,Geoffrey Holder,https://en.wikipedia.org/wiki/Geoffrey_Holder,Timbuktu!,https://en.wikipedia.org/wiki/Timbuktu!
1978,32nd Tony Awards,/wiki/32nd_Tony_Awards,True,Edward Gorey,https://en.wikipedia.org/wiki/Edward_Gorey,Dracula,https://en.wikipedia.org/wiki/Dracula_(1924_play)
1978,32nd Tony Awards,/wiki/32nd_Tony_Awards,False,Halston,https://en.wikipedia.org/wiki/Halston,The Act,https://en.wikipedia.org/wiki/The_Act_(musical)
1978,32nd Tony Awards,/wiki/32nd_Tony_Awards,False,Willa Kim,https://en.wikipedia.org/wiki/Willa_Kim,Dancin',https://en.wikipedia.org/wiki/Dancin%27
1979,33rd Tony Awards,/wiki/33rd_Tony_Awards,False,Julie Weiss,https://en.wikipedia.org/wiki/Julie_Weiss,The Elephant Man,https://en.wikipedia.org/wiki/The_Elephant_Man_(play)
1979,33rd Tony Awards,/wiki/33rd_Tony_Awards,False,Ann Roth,https://en.wikipedia.org/wiki/Ann_Roth,The Crucifer of Blood,https://en.wikipedia.org/wiki/The_Crucifer_of_Blood
1979,33rd Tony Awards,/wiki/33rd_Tony_Awards,True,Franne Lee,https://en.wikipedia.org/wiki/Franne_Lee,Sweeney Todd: The Demon Barber of Fleet Street,https://en.wikipedia.org/wiki/Sweeney_Todd:_The_Demon_Barber_of_Fleet_Street
1979,33rd Tony Awards,/wiki/33rd_Tony_Awards,False,Theoni V. Aldredge,https://en.wikipedia.org/wiki/Theoni_V._Aldredge,Ballroom,https://en.wikipedia.org/wiki/Ballroom_(musical)
1980,34th Tony Awards,/wiki/34th_Tony_Awards,True,Theoni V. Aldredge,https://en.wikipedia.org/wiki/Theoni_V._Aldredge,Barnum,https://en.wikipedia.org/wiki/Barnum_(musical)
1980,34th Tony Awards,/wiki/34th_Tony_Awards,False,Pierre Balmain,https://en.wikipedia.org/wiki/Pierre_Balmain,Happy New Year,https://en.wikipedia.org/wiki/Happy_New_Year_(musical)
1980,34th Tony Awards,/wiki/34th_Tony_Awards,False,Raoul Pene Du Bois,https://en.wikipedia.org/wiki/Raoul_Pene_Du_Bois,Sugar Babies,https://en.wikipedia.org/wiki/Sugar_Babies_(musical)
1980,34th Tony Awards,/wiki/34th_Tony_Awards,False,Tazeena Firth andTimothy O'Brien,https://en.wikipedia.org/wiki/Timothy_O%27Brien_(theatre_designer),Evita,https://en.wikipedia.org/wiki/Evita_(musical)
1981,35th Tony Awards,/wiki/35th_Tony_Awards,True,Willa Kim,https://en.wikipedia.org/wiki/Willa_Kim,Sophisticated Ladies,https://en.wikipedia.org/wiki/Sophisticated_Ladies
1981,35th Tony Awards,/wiki/35th_Tony_Awards,False,Theoni V. Aldredge,https://en.wikipedia.org/wiki/Theoni_V._Aldredge,42nd Street,https://en.wikipedia.org/wiki/42nd_Street_(musical)
1981,35th Tony Awards,/wiki/35th_Tony_Awards,False,John Bury,https://en.wikipedia.org/wiki/John_Bury_(theatre_designer),Amadeus,https://en.wikipedia.org/wiki/Amadeus_(play)
1981,35th Tony Awards,/wiki/35th_Tony_Awards,False,Franca Squarciapino,https://en.wikipedia.org/wiki/Franca_Squarciapino,Can-Can,https://en.wikipedia.org/wiki/Can-Can_(musical)
1982,36th Tony Awards,/wiki/36th_Tony_Awards,True,William Ivey Long,https://en.wikipedia.org/wiki/William_Ivey_Long,Nine,https://en.wikipedia.org/wiki/Nine_(musical)
1982,36th Tony Awards,/wiki/36th_Tony_Awards,False,Theoni V. Aldredge,https://en.wikipedia.org/wiki/Theoni_V._Aldredge,Dreamgirls,https://en.wikipedia.org/wiki/Dreamgirls_(musical)
1982,36th Tony Awards,/wiki/36th_Tony_Awards,False,Jane Greenwood,https://en.wikipedia.org/wiki/Jane_Greenwood,Medea,https://en.wikipedia.org/wiki/Medea_(play)
1982,36th Tony Awards,/wiki/36th_Tony_Awards,False,John Napier,https://en.wikipedia.org/wiki/John_Napier_(designer),The Life and Adventures of Nicholas Nickleby,https://en.wikipedia.org/wiki/The_Life_and_Adventures_of_Nicholas_Nickleby_(play)
1983,37th Tony Awards,/wiki/37th_Tony_Awards,False,Patricia Zipprodt,https://en.wikipedia.org/wiki/Patricia_Zipprodt,Alice in Wonderland,https://en.wikipedia.org/wiki/Alice_in_Wonderland_(musical)
1983,37th Tony Awards,/wiki/37th_Tony_Awards,False,Rita Ryack,https://en.wikipedia.org/wiki/Rita_Ryack,My One and Only,https://en.wikipedia.org/wiki/My_One_and_Only_(musical)
1983,37th Tony Awards,/wiki/37th_Tony_Awards,True,John Napier,https://en.wikipedia.org/wiki/John_Napier_(designer),Cats,https://en.wikipedia.org/wiki/Cats_(musical)
1983,37th Tony Awards,/wiki/37th_Tony_Awards,False,Lindy Hemming,https://en.wikipedia.org/wiki/Lindy_Hemming,All's Well That Ends Well,https://en.wikipedia.org/wiki/All%27s_Well_That_Ends_Well
1984,38th Tony Awards,/wiki/38th_Tony_Awards,True,Theoni V. Aldredge,https://en.wikipedia.org/wiki/Theoni_V._Aldredge,La Cage aux Folles,https://en.wikipedia.org/wiki/La_Cage_aux_Folles_(musical)
1984,38th Tony Awards,/wiki/38th_Tony_Awards,False,Jane Greenwood,https://en.wikipedia.org/wiki/Jane_Greenwood,Heartbreak House,https://en.wikipedia.org/wiki/Heartbreak_House
1984,38th Tony Awards,/wiki/38th_Tony_Awards,False,Ann Hould-WardandPatricia Zipprodt,https://en.wikipedia.org/wiki/Ann_Hould-Ward,Sunday in the Park with George,https://en.wikipedia.org/wiki/Sunday_in_the_Park_with_George
1984,38th Tony Awards,/wiki/38th_Tony_Awards,False,Anthea Sylbert,https://en.wikipedia.org/wiki/Anthea_Sylbert,The Real Thing,https://en.wikipedia.org/wiki/The_Real_Thing_(play)
1985,39th Tony Awards,/wiki/39th_Tony_Awards,True,Florence Klotz,https://en.wikipedia.org/wiki/Florence_Klotz,Grind,https://en.wikipedia.org/wiki/Grind_(musical)
1985,39th Tony Awards,/wiki/39th_Tony_Awards,False,Patricia McGourty,,Big River,https://en.wikipedia.org/wiki/Big_River_(musical)
1985,39th Tony Awards,/wiki/39th_Tony_Awards,False,Alexander Reid,https://en.wikipedia.org/w/index.php?title=Alexander_Reid_(designer)&action=edit&redlink=1,Cyrano de Bergerac,https://en.wikipedia.org/wiki/Cyrano_de_Bergerac_(play)
1985,39th Tony Awards,/wiki/39th_Tony_Awards,False,Alexander Reid,https://en.wikipedia.org/w/index.php?title=Alexander_Reid_(designer)&action=edit&redlink=1,Much Ado About Nothing,https://en.wikipedia.org/wiki/Much_Ado_About_Nothing
1986,40th Tony Awards,/wiki/40th_Tony_Awards,False,Ann Roth,https://en.wikipedia.org/wiki/Ann_Roth,The House of Blue Leaves,https://en.wikipedia.org/wiki/The_House_of_Blue_Leaves
1986,40th Tony Awards,/wiki/40th_Tony_Awards,False,Beni Montresor,https://en.wikipedia.org/wiki/Beni_Montresor,The Marriage of Figaro,https://en.wikipedia.org/wiki/The_Marriage_of_Figaro_(play)
1986,40th Tony Awards,/wiki/40th_Tony_Awards,True,Patricia Zipprodt,https://en.wikipedia.org/wiki/Patricia_Zipprodt,Sweet Charity,https://en.wikipedia.org/wiki/Sweet_Charity
1986,40th Tony Awards,/wiki/40th_Tony_Awards,False,Willa Kim,https://en.wikipedia.org/wiki/Willa_Kim,Song and Dance,https://en.wikipedia.org/wiki/Song_and_Dance
1987,41st Tony Awards,/wiki/41st_Tony_Awards,True,John Napier,https://en.wikipedia.org/wiki/John_Napier_(designer),Starlight Express,https://en.wikipedia.org/wiki/Starlight_Express
1987,41st Tony Awards,/wiki/41st_Tony_Awards,False,Bob Crowley,https://en.wikipedia.org/wiki/Bob_Crowley,Les Liaisons Dangereuses,https://en.wikipedia.org/wiki/Les_liaisons_dangereuses_(play)
1987,41st Tony Awards,/wiki/41st_Tony_Awards,False,Ann Curtis,https://en.wikipedia.org/wiki/Ann_Curtis_(costume_designer),Me and My Girl,https://en.wikipedia.org/wiki/Me_and_My_Girl
1987,41st Tony Awards,/wiki/41st_Tony_Awards,False,Andreane Neofitou,,Les Misérables,https://en.wikipedia.org/wiki/Les_Mis%C3%A9rables_(musical)
1988,42nd Tony Awards,/wiki/42nd_Tony_Awards,False,Tony Walton,https://en.wikipedia.org/wiki/Tony_Walton,Anything Goes,https://en.wikipedia.org/wiki/Anything_Goes
1988,42nd Tony Awards,/wiki/42nd_Tony_Awards,True,Maria Björnson,https://en.wikipedia.org/wiki/Maria_Bj%C3%B6rnson,The Phantom of the Opera,https://en.wikipedia.org/wiki/The_Phantom_of_the_Opera_(1986_musical)
1988,42nd Tony Awards,/wiki/42nd_Tony_Awards,False,Ann Hould-Ward,https://en.wikipedia.org/wiki/Ann_Hould-Ward,Into the Woods,https://en.wikipedia.org/wiki/Into_the_Woods
1988,42nd Tony Awards,/wiki/42nd_Tony_Awards,False,Eiko Ishioka,https://en.wikipedia.org/wiki/Eiko_Ishioka,M. Butterfly,https://en.wikipedia.org/wiki/M._Butterfly
1989,43rd Tony Awards,/wiki/43rd_Tony_Awards,False,William Ivey Long,https://en.wikipedia.org/wiki/William_Ivey_Long,Lend Me a Tenor,https://en.wikipedia.org/wiki/Lend_Me_a_Tenor
1989,43rd Tony Awards,/wiki/43rd_Tony_Awards,False,Willa Kim,https://en.wikipedia.org/wiki/Willa_Kim,Legs Diamond,https://en.wikipedia.org/wiki/Legs_Diamond_(musical)
1989,43rd Tony Awards,/wiki/43rd_Tony_Awards,True,Héctor Orezzoli and Claudio Segovia,,Black and Blue,https://en.wikipedia.org/wiki/Black_and_Blue_(musical)
1989,43rd Tony Awards,/wiki/43rd_Tony_Awards,False,Jane Greenwood,https://en.wikipedia.org/wiki/Jane_Greenwood,Our Town,https://en.wikipedia.org/wiki/Our_Town
1990,44th Tony Awards,/wiki/44th_Tony_Awards,False,Erin Quigley,,The Grapes of Wrath,https://en.wikipedia.org/wiki/The_Grapes_of_Wrath_(play)
1990,44th Tony Awards,/wiki/44th_Tony_Awards,True,Santo Loquasto,https://en.wikipedia.org/wiki/Santo_Loquasto,Grand Hotel,https://en.wikipedia.org/wiki/Grand_Hotel_(musical)
1990,44th Tony Awards,/wiki/44th_Tony_Awards,False,Theoni V. Aldredge,https://en.wikipedia.org/wiki/Theoni_V._Aldredge,Gypsy,https://en.wikipedia.org/wiki/Gypsy_(musical)
1990,44th Tony Awards,/wiki/44th_Tony_Awards,False,Florence Klotz,https://en.wikipedia.org/wiki/Florence_Klotz,City of Angels,https://en.wikipedia.org/wiki/City_of_Angels_(musical)
1991,45th Tony Awards,/wiki/45th_Tony_Awards,False,Judy Dearing,https://en.wikipedia.org/wiki/Judy_Dearing,Once on This Island,https://en.wikipedia.org/wiki/Once_on_This_Island
1991,45th Tony Awards,/wiki/45th_Tony_Awards,False,Patricia Zipprodt,https://en.wikipedia.org/wiki/Patricia_Zipprodt,Shōgun: The Musical,https://en.wikipedia.org/wiki/Sh%C5%8Dgun:_The_Musical
1991,45th Tony Awards,/wiki/45th_Tony_Awards,True,Willa Kim,https://en.wikipedia.org/wiki/Willa_Kim,The Will Rogers Follies,https://en.wikipedia.org/wiki/The_Will_Rogers_Follies
1991,45th Tony Awards,/wiki/45th_Tony_Awards,False,Theoni V. Aldredge,https://en.wikipedia.org/wiki/Theoni_V._Aldredge,The Secret Garden,https://en.wikipedia.org/wiki/The_Secret_Garden_(musical)
1992,46th Tony Awards,/wiki/46th_Tony_Awards,False,Joe Vaněk,https://en.wikipedia.org/wiki/Joe_Van%C4%9Bk,Dancing at Lughnasa,https://en.wikipedia.org/wiki/Dancing_at_Lughnasa
1992,46th Tony Awards,/wiki/46th_Tony_Awards,False,Toni-Leslie James,https://en.wikipedia.org/wiki/Toni-Leslie_James,Jelly's Last Jam,https://en.wikipedia.org/wiki/Jelly%27s_Last_Jam
1992,46th Tony Awards,/wiki/46th_Tony_Awards,False,Jane Greenwood,https://en.wikipedia.org/wiki/Jane_Greenwood,Two Shakespearean Actors,
1992,46th Tony Awards,/wiki/46th_Tony_Awards,True,William Ivey Long,https://en.wikipedia.org/wiki/William_Ivey_Long,Crazy for You,https://en.wikipedia.org/wiki/Crazy_for_You_(musical)
1993,47th Tony Awards,/wiki/47th_Tony_Awards,True,Florence Klotz,https://en.wikipedia.org/wiki/Florence_Klotz,Kiss of the Spider Woman,https://en.wikipedia.org/wiki/Kiss_of_the_Spider_Woman_(musical)
1993,47th Tony Awards,/wiki/47th_Tony_Awards,False,Jane Greenwood,https://en.wikipedia.org/wiki/Jane_Greenwood,The Sisters Rosensweig,https://en.wikipedia.org/wiki/The_Sisters_Rosensweig
1993,47th Tony Awards,/wiki/47th_Tony_Awards,False,Erin Quigley,,The Song of Jacob Zulu,https://en.wikipedia.org/wiki/The_Song_of_Jacob_Zulu
1993,47th Tony Awards,/wiki/47th_Tony_Awards,False,David C. Woolard,,The Who's Tommy,https://en.wikipedia.org/wiki/The_Who%27s_Tommy
1994,48th Tony Awards,/wiki/48th_Tony_Awards,True,Ann Hould-Ward,https://en.wikipedia.org/wiki/Ann_Hould-Ward,Beauty and the Beast,https://en.wikipedia.org/wiki/Beauty_and_the_Beast_(musical)
1994,48th Tony Awards,/wiki/48th_Tony_Awards,False,David Charles andJane Greenwood,https://en.wikipedia.org/wiki/Jane_Greenwood,She Loves Me,https://en.wikipedia.org/wiki/She_Loves_Me
1994,48th Tony Awards,/wiki/48th_Tony_Awards,False,Jane Greenwood,https://en.wikipedia.org/wiki/Jane_Greenwood,Passion,https://en.wikipedia.org/wiki/Passion_(musical)
1994,48th Tony Awards,/wiki/48th_Tony_Awards,False,Yan Tax,,Cyrano: The Musical,https://en.wikipedia.org/wiki/Cyrano:_The_Musical
1995,49th Tony Awards,/wiki/49th_Tony_Awards,False,Anthony Powell,https://en.wikipedia.org/wiki/Anthony_Powell_(designer),Sunset Boulevard,https://en.wikipedia.org/wiki/Sunset_Boulevard_(musical)
1995,49th Tony Awards,/wiki/49th_Tony_Awards,False,Stephen Brimson Lewis,https://en.wikipedia.org/wiki/Stephen_Brimson_Lewis,Indiscretions,https://en.wikipedia.org/wiki/Les_Parents_terribles
1995,49th Tony Awards,/wiki/49th_Tony_Awards,True,Florence Klotz,https://en.wikipedia.org/wiki/Florence_Klotz,Show Boat,https://en.wikipedia.org/wiki/Show_Boat
1995,49th Tony Awards,/wiki/49th_Tony_Awards,False,Jane Greenwood,https://en.wikipedia.org/wiki/Jane_Greenwood,The Heiress,https://en.wikipedia.org/wiki/The_Heiress_(1947_play)
1996,50th Tony Awards,/wiki/50th_Tony_Awards,True,Roger Kirk,https://en.wikipedia.org/wiki/Roger_Kirk_(designer),The King and I,https://en.wikipedia.org/wiki/The_King_and_I
1996,50th Tony Awards,/wiki/50th_Tony_Awards,False,Jane Greenwood,https://en.wikipedia.org/wiki/Jane_Greenwood,A Delicate Balance,https://en.wikipedia.org/wiki/A_Delicate_Balance_(play)
1996,50th Tony Awards,/wiki/50th_Tony_Awards,False,Allison Reeds,,Buried Child,https://en.wikipedia.org/wiki/Buried_Child
1996,50th Tony Awards,/wiki/50th_Tony_Awards,False,Paul Tazewell,https://en.wikipedia.org/wiki/Paul_Tazewell,Bring in 'da Noise/Bring in 'da Funk,https://en.wikipedia.org/wiki/Bring_in_%27da_Noise/Bring_in_%27da_Funk
1997,51st Tony Awards,/wiki/51st_Tony_Awards,True,'Judith Dolan,,Candide,https://en.wikipedia.org/wiki/Candide_(operetta)
1997,51st Tony Awards,/wiki/51st_Tony_Awards,False,Ann Curtis,https://en.wikipedia.org/wiki/Ann_Curtis_(costume_designer),Jekyll and Hyde,https://en.wikipedia.org/wiki/Jekyll_and_Hyde_(musical)
1997,51st Tony Awards,/wiki/51st_Tony_Awards,False,William Ivey Long,https://en.wikipedia.org/wiki/William_Ivey_Long,Chicago,https://en.wikipedia.org/wiki/Chicago_(musical)
1997,51st Tony Awards,/wiki/51st_Tony_Awards,False,Martin Pakledinaz,https://en.wikipedia.org/wiki/Martin_Pakledinaz,The Life,https://en.wikipedia.org/wiki/The_Life_(musical)
1998,52nd Tony Awards,/wiki/52nd_Tony_Awards,False,Santo Loquasto,https://en.wikipedia.org/wiki/Santo_Loquasto,Ragtime,https://en.wikipedia.org/wiki/Ragtime_(musical)
1998,52nd Tony Awards,/wiki/52nd_Tony_Awards,False,Martin Pakledinaz,https://en.wikipedia.org/wiki/Martin_Pakledinaz,Golden Child,https://en.wikipedia.org/wiki/Golden_Child_(play)
1998,52nd Tony Awards,/wiki/52nd_Tony_Awards,False,William Ivey Long,https://en.wikipedia.org/wiki/William_Ivey_Long,Cabaret,https://en.wikipedia.org/wiki/Cabaret_(musical)
1998,52nd Tony Awards,/wiki/52nd_Tony_Awards,True,Julie Taymor,https://en.wikipedia.org/wiki/Julie_Taymor,The Lion King,https://en.wikipedia.org/wiki/The_Lion_King_(musical)
1999,53rd Tony Awards,/wiki/53rd_Tony_Awards,True,Lez Brotherston,https://en.wikipedia.org/wiki/Lez_Brotherston,Swan Lake,https://en.wikipedia.org/wiki/Swan_Lake
1999,53rd Tony Awards,/wiki/53rd_Tony_Awards,False,Santo Loquasto,https://en.wikipedia.org/wiki/Santo_Loquasto,Fosse,https://en.wikipedia.org/wiki/Fosse_(musical)
1999,53rd Tony Awards,/wiki/53rd_Tony_Awards,False,John David Ridge,,Ring Round the Moon,https://en.wikipedia.org/wiki/Ring_Round_the_Moon
1999,53rd Tony Awards,/wiki/53rd_Tony_Awards,False,Catherine Zuber,https://en.wikipedia.org/wiki/Catherine_Zuber,Twelfth Night,https://en.wikipedia.org/wiki/Twelfth_Night
2000,54th Tony Awards,/wiki/54th_Tony_Awards,False,William Ivey Long,https://en.wikipedia.org/wiki/William_Ivey_Long,The Music Man,https://en.wikipedia.org/wiki/The_Music_Man
2000,54th Tony Awards,/wiki/54th_Tony_Awards,True,Martin Pakledinaz,https://en.wikipedia.org/wiki/Martin_Pakledinaz,"Kiss Me, Kate","https://en.wikipedia.org/wiki/Kiss_Me,_Kate"
2000,54th Tony Awards,/wiki/54th_Tony_Awards,False,Bob Crowley,https://en.wikipedia.org/wiki/Bob_Crowley,Aida,https://en.wikipedia.org/wiki/Aida_(musical)
2000,54th Tony Awards,/wiki/54th_Tony_Awards,False,Constance Hoffman,,The Green Bird,https://en.wikipedia.org/wiki/The_Green_Bird
2001,55th Tony Awards,/wiki/55th_Tony_Awards,True,William Ivey Long,https://en.wikipedia.org/wiki/William_Ivey_Long,The Producers,https://en.wikipedia.org/wiki/The_Producers_(musical)
2001,55th Tony Awards,/wiki/55th_Tony_Awards,False,Theoni V. Aldredge,https://en.wikipedia.org/wiki/Theoni_V._Aldredge,Follies,https://en.wikipedia.org/wiki/Follies
2001,55th Tony Awards,/wiki/55th_Tony_Awards,False,Roger Kirk,https://en.wikipedia.org/wiki/Roger_Kirk_(designer),42nd Street,https://en.wikipedia.org/wiki/42nd_Street_(musical)
2001,55th Tony Awards,/wiki/55th_Tony_Awards,False,David C. Woolard,,The Rocky Horror Show,https://en.wikipedia.org/wiki/The_Rocky_Horror_Show
2002,56th Tony Awards,/wiki/56th_Tony_Awards,False,Susan Hilferty,https://en.wikipedia.org/wiki/Susan_Hilferty,Into the Woods,https://en.wikipedia.org/wiki/Into_the_Woods
2002,56th Tony Awards,/wiki/56th_Tony_Awards,False,Jane Greenwood,https://en.wikipedia.org/wiki/Jane_Greenwood,Morning's at Seven,https://en.wikipedia.org/wiki/Morning%27s_at_Seven
2002,56th Tony Awards,/wiki/56th_Tony_Awards,True,Martin Pakledinaz,https://en.wikipedia.org/wiki/Martin_Pakledinaz,Thoroughly Modern Millie,https://en.wikipedia.org/wiki/Thoroughly_Modern_Millie_(musical)
2002,56th Tony Awards,/wiki/56th_Tony_Awards,False,Jenny Beavan,https://en.wikipedia.org/wiki/Jenny_Beavan,Private Lives,https://en.wikipedia.org/wiki/Private_Lives
2003,57th Tony Awards,/wiki/57th_Tony_Awards,False,Catherine MartinandAngus Strathie,https://en.wikipedia.org/wiki/Catherine_Martin_(designer),La bohème,https://en.wikipedia.org/wiki/La_boh%C3%A8me
2003,57th Tony Awards,/wiki/57th_Tony_Awards,False,Catherine Zuber,https://en.wikipedia.org/wiki/Catherine_Zuber,Dinner at Eight,https://en.wikipedia.org/wiki/Dinner_at_Eight_(play)
2003,57th Tony Awards,/wiki/57th_Tony_Awards,True,William Ivey Long,https://en.wikipedia.org/wiki/William_Ivey_Long,Hairspray,https://en.wikipedia.org/wiki/Hairspray_(musical)
2003,57th Tony Awards,/wiki/57th_Tony_Awards,False,Gregg Barnes,https://en.wikipedia.org/wiki/Gregg_Barnes,Flower Drum Song,https://en.wikipedia.org/wiki/Flower_Drum_Song
2004,58th Tony Awards,/wiki/58th_Tony_Awards,False,Jess Goldstein,https://en.wikipedia.org/wiki/Jess_Goldstein,"Henry IV, Part 1andPart 2","https://en.wikipedia.org/wiki/Henry_IV,_Part_1"
2004,58th Tony Awards,/wiki/58th_Tony_Awards,False,Mike Nicholls andBobby Pearce,https://en.wikipedia.org/wiki/Bobby_Pearce_(designer),Taboo,https://en.wikipedia.org/wiki/Taboo_(musical)
2004,58th Tony Awards,/wiki/58th_Tony_Awards,True,Susan Hilferty,https://en.wikipedia.org/wiki/Susan_Hilferty,Wicked,https://en.wikipedia.org/wiki/Wicked_(musical)
2004,58th Tony Awards,/wiki/58th_Tony_Awards,False,Mark Thompson,,Bombay Dreams,https://en.wikipedia.org/wiki/Bombay_Dreams
