year,season,season_link,winner,designer,designer_link,production,production_link
1960,14th Tony Awards,/wiki/14th_Tony_Awards,True,Howard Bay,https://en.wikipedia.org/wiki/Howard_Bay_(designer),Toys in the Attic,https://en.wikipedia.org/wiki/Toys_in_the_Attic_(play)
1960,14th Tony Awards,/wiki/14th_Tony_Awards,False,Will Steven Armstrong,,Caligula,https://en.wikipedia.org/wiki/Caligula_(play)
1960,14th Tony Awards,/wiki/14th_Tony_Awards,False,David Hays,,The Tenth Man,https://en.wikipedia.org/wiki/The_Tenth_Man_(Chayefsky_play)
1960,14th Tony Awards,/wiki/14th_Tony_Awards,False,George C. Jenkins,https://en.wikipedia.org/wiki/George_C._Jenkins,The Miracle Worker,https://en.wikipedia.org/wiki/The_Miracle_Worker_(play)
1960,14th Tony Awards,/wiki/14th_Tony_Awards,False,Jo Mielziner,https://en.wikipedia.org/wiki/Jo_Mielziner,The Best Man,https://en.wikipedia.org/wiki/The_Best_Man_(play)
1961,15th Tony Awards,/wiki/15th_Tony_Awards,False,Jo Mielziner,https://en.wikipedia.org/wiki/Jo_Mielziner,The Devil's Advocate,https://en.wikipedia.org/wiki/The_Devil%27s_Advocate_(Morris_West_novel)
1961,15th Tony Awards,/wiki/15th_Tony_Awards,False,David Hays,,All the Way Home,https://en.wikipedia.org/wiki/All_the_Way_Home_(play)
1961,15th Tony Awards,/wiki/15th_Tony_Awards,False,Rouben Ter-Arutunian,https://en.wikipedia.org/wiki/Rouben_Ter-Arutunian,Advise and Consent,https://en.wikipedia.org/wiki/Advise_and_Consent
1961,15th Tony Awards,/wiki/15th_Tony_Awards,True,Oliver Smith,https://en.wikipedia.org/wiki/Oliver_Smith_(designer),Becket,https://en.wikipedia.org/wiki/Becket
1961,15th Tony Awards,/wiki/15th_Tony_Awards,False,Roger Furse,https://en.wikipedia.org/wiki/Roger_Furse,Duel of Angels,https://en.wikipedia.org/wiki/Duel_of_Angels
2005,59th Tony Awards,/wiki/59th_Tony_Awards,True,Scott Pask,https://en.wikipedia.org/wiki/Scott_Pask,The Pillowman,https://en.wikipedia.org/wiki/The_Pillowman
2005,59th Tony Awards,/wiki/59th_Tony_Awards,False,John Lee Beatty,https://en.wikipedia.org/wiki/John_Lee_Beatty,Doubt,https://en.wikipedia.org/wiki/Doubt_(play)
2005,59th Tony Awards,/wiki/59th_Tony_Awards,False,David Gallo,https://en.wikipedia.org/wiki/David_Gallo,Gem of the Ocean,https://en.wikipedia.org/wiki/Gem_of_the_Ocean
2005,59th Tony Awards,/wiki/59th_Tony_Awards,False,Santo Loquasto,https://en.wikipedia.org/wiki/Santo_Loquasto,Glengarry Glen Ross,https://en.wikipedia.org/wiki/Glengarry_Glen_Ross
2006,60th Tony Awards,/wiki/60th_Tony_Awards,True,Bob Crowley,https://en.wikipedia.org/wiki/Bob_Crowley,The History Boys,https://en.wikipedia.org/wiki/The_History_Boys
2006,60th Tony Awards,/wiki/60th_Tony_Awards,False,John Lee Beatty,https://en.wikipedia.org/wiki/John_Lee_Beatty,Rabbit Hole,https://en.wikipedia.org/wiki/Rabbit_Hole
2006,60th Tony Awards,/wiki/60th_Tony_Awards,False,Santo Loquasto,https://en.wikipedia.org/wiki/Santo_Loquasto,Three Days of Rain,https://en.wikipedia.org/wiki/Three_Days_of_Rain
2006,60th Tony Awards,/wiki/60th_Tony_Awards,False,Michael Yeargan,https://en.wikipedia.org/wiki/Michael_Yeargan,Awake and Sing!,https://en.wikipedia.org/wiki/Awake_and_Sing!
2007,61st Tony Awards,/wiki/61st_Tony_Awards,False,Ti GreenandMelly Still,https://en.wikipedia.org/wiki/Ti_Green,Coram Boy,https://en.wikipedia.org/wiki/Coram_Boy_(play)
2007,61st Tony Awards,/wiki/61st_Tony_Awards,False,David Gallo,https://en.wikipedia.org/wiki/David_Gallo,Radio Golf,https://en.wikipedia.org/wiki/Radio_Golf
2007,61st Tony Awards,/wiki/61st_Tony_Awards,False,Jonathan Fensom,,Journey's End,https://en.wikipedia.org/wiki/Journey%27s_End
2007,61st Tony Awards,/wiki/61st_Tony_Awards,True,Bob CrowleyandScott Pask,https://en.wikipedia.org/wiki/Bob_Crowley,The Coast of Utopia,https://en.wikipedia.org/wiki/The_Coast_of_Utopia
2008,62nd Tony Awards,/wiki/62nd_Tony_Awards,True,Todd Rosenthal,https://en.wikipedia.org/wiki/Todd_Rosenthal,August: Osage County,https://en.wikipedia.org/wiki/August:_Osage_County
2008,62nd Tony Awards,/wiki/62nd_Tony_Awards,False,Peter McKintosh,https://en.wikipedia.org/wiki/Peter_McKintosh,The 39 Steps,https://en.wikipedia.org/wiki/The_39_Steps_(play)
2008,62nd Tony Awards,/wiki/62nd_Tony_Awards,False,Scott Pask,https://en.wikipedia.org/wiki/Scott_Pask,Les Liaisons Dangereuses,https://en.wikipedia.org/wiki/Les_liaisons_dangereuses_(play)
2008,62nd Tony Awards,/wiki/62nd_Tony_Awards,False,Anthony Ward,https://en.wikipedia.org/wiki/Anthony_Ward,Macbeth,https://en.wikipedia.org/wiki/Macbeth
2009,63rd Tony Awards,/wiki/63rd_Tony_Awards,True,Derek McLane,https://en.wikipedia.org/wiki/Derek_McLane,33 Variations,https://en.wikipedia.org/wiki/33_Variations
2009,63rd Tony Awards,/wiki/63rd_Tony_Awards,False,Dale Ferguson,https://en.wikipedia.org/wiki/Dale_Ferguson_(designer),Exit the King,https://en.wikipedia.org/wiki/Exit_the_King
2009,63rd Tony Awards,/wiki/63rd_Tony_Awards,False,Rob Howell,https://en.wikipedia.org/wiki/Rob_Howell,The Norman Conquests,https://en.wikipedia.org/wiki/The_Norman_Conquests
2009,63rd Tony Awards,/wiki/63rd_Tony_Awards,False,Michael Yeargan,https://en.wikipedia.org/wiki/Michael_Yeargan,Joe Turner's Come and Gone,https://en.wikipedia.org/wiki/Joe_Turner%27s_Come_and_Gone
2010,64th Tony Awards,/wiki/64th_Tony_Awards,False,Santo Loquasto,https://en.wikipedia.org/wiki/Santo_Loquasto,Fences,https://en.wikipedia.org/wiki/Fences_(play)
2010,64th Tony Awards,/wiki/64th_Tony_Awards,False,Alexander Dodge,,Present Laughter,https://en.wikipedia.org/wiki/Present_Laughter
2010,64th Tony Awards,/wiki/64th_Tony_Awards,True,Christopher Oram,https://en.wikipedia.org/wiki/Christopher_Oram,Red,https://en.wikipedia.org/wiki/Red_(play)
2010,64th Tony Awards,/wiki/64th_Tony_Awards,False,John Lee Beatty,https://en.wikipedia.org/wiki/John_Lee_Beatty,The Royal Family,https://en.wikipedia.org/wiki/The_Royal_Family_(play)
2011,65th Tony Awards,/wiki/65th_Tony_Awards,True,Rae Smith,,War Horse,https://en.wikipedia.org/wiki/War_Horse_(play)
2011,65th Tony Awards,/wiki/65th_Tony_Awards,False,Todd Rosenthal,https://en.wikipedia.org/wiki/Todd_Rosenthal,The Motherfucker With the Hat,https://en.wikipedia.org/wiki/The_Motherfucker_With_the_Hat
2011,65th Tony Awards,/wiki/65th_Tony_Awards,False,Ultz,https://en.wikipedia.org/wiki/Ultz,Jerusalem,https://en.wikipedia.org/wiki/Jerusalem_(play)
2011,65th Tony Awards,/wiki/65th_Tony_Awards,False,Mark Wendland,,The Merchant of Venice,https://en.wikipedia.org/wiki/The_Merchant_of_Venice
2012,66th Tony Awards,/wiki/66th_Tony_Awards,False,Mark Thompson,,"One Man, Two Guvnors","https://en.wikipedia.org/wiki/One_Man,_Two_Guvnors"
2012,66th Tony Awards,/wiki/66th_Tony_Awards,False,Daniel Ostling,,Clybourne Park,https://en.wikipedia.org/wiki/Clybourne_Park
2012,66th Tony Awards,/wiki/66th_Tony_Awards,True,Donyale Werle,https://en.wikipedia.org/wiki/Donyale_Werle,Peter and the Starcatcher,https://en.wikipedia.org/wiki/Peter_and_the_Starcatcher
2012,66th Tony Awards,/wiki/66th_Tony_Awards,False,John Lee Beatty,https://en.wikipedia.org/wiki/John_Lee_Beatty,Other Desert Cities,https://en.wikipedia.org/wiki/Other_Desert_Cities
2013,67th Tony Awards,/wiki/67th_Tony_Awards,True,John Lee Beatty,https://en.wikipedia.org/wiki/John_Lee_Beatty,The Nance,https://en.wikipedia.org/wiki/The_Nance
2013,67th Tony Awards,/wiki/67th_Tony_Awards,False,Santo Loquasto,https://en.wikipedia.org/wiki/Santo_Loquasto,The Assembled Parties,https://en.wikipedia.org/wiki/The_Assembled_Parties
2013,67th Tony Awards,/wiki/67th_Tony_Awards,False,David Rockwell,https://en.wikipedia.org/wiki/David_Rockwell,Lucky Guy,https://en.wikipedia.org/wiki/Lucky_Guy_(play)
2013,67th Tony Awards,/wiki/67th_Tony_Awards,False,Michael Yeargan,https://en.wikipedia.org/wiki/Michael_Yeargan,Golden Boy,https://en.wikipedia.org/wiki/Golden_Boy_(play)
2014,68th Tony Awards,/wiki/68th_Tony_Awards,True,Beowulf Boritt,https://en.wikipedia.org/wiki/Beowulf_Boritt,Act One,https://en.wikipedia.org/wiki/Act_One_(play)
2014,68th Tony Awards,/wiki/68th_Tony_Awards,False,Bob Crowley,https://en.wikipedia.org/wiki/Bob_Crowley,The Glass Menagerie,https://en.wikipedia.org/wiki/The_Glass_Menagerie
2014,68th Tony Awards,/wiki/68th_Tony_Awards,False,Es Devlin,https://en.wikipedia.org/wiki/Es_Devlin,Machinal,https://en.wikipedia.org/wiki/Machinal
2014,68th Tony Awards,/wiki/68th_Tony_Awards,False,Christopher Oram,https://en.wikipedia.org/wiki/Christopher_Oram,The Cripple of Inishmaan,https://en.wikipedia.org/wiki/The_Cripple_of_Inishmaan
2015,69th Tony Awards,/wiki/69th_Tony_Awards,True,Bunny ChristieandFinn Ross,https://en.wikipedia.org/wiki/Bunny_Christie,The Curious Incident of the Dog in the Night-Time,https://en.wikipedia.org/wiki/The_Curious_Incident_of_the_Dog_in_the_Night-Time_(play)
2015,69th Tony Awards,/wiki/69th_Tony_Awards,False,Bob Crowley,https://en.wikipedia.org/wiki/Bob_Crowley,Skylight,https://en.wikipedia.org/wiki/Skylight_(play)
2015,69th Tony Awards,/wiki/69th_Tony_Awards,False,Christopher Oram,https://en.wikipedia.org/wiki/Christopher_Oram,Wolf Hall Parts One & Two,https://en.wikipedia.org/wiki/Wolf_Hall_(play)
2015,69th Tony Awards,/wiki/69th_Tony_Awards,False,David Rockwell,https://en.wikipedia.org/wiki/David_Rockwell,You Can't Take It with You,https://en.wikipedia.org/wiki/You_Can%27t_Take_It_with_You_(play)
2016,70th Tony Awards,/wiki/70th_Tony_Awards,False,Jan Versweyveld,https://en.wikipedia.org/wiki/Jan_Versweyveld,A View from the Bridge,https://en.wikipedia.org/wiki/A_View_from_the_Bridge
2016,70th Tony Awards,/wiki/70th_Tony_Awards,False,Christopher Oram,https://en.wikipedia.org/wiki/Christopher_Oram,Hughie,https://en.wikipedia.org/wiki/Hughie
2016,70th Tony Awards,/wiki/70th_Tony_Awards,True,David Zinn,https://en.wikipedia.org/wiki/David_Zinn,The Humans,https://en.wikipedia.org/wiki/The_Humans_(play)
2016,70th Tony Awards,/wiki/70th_Tony_Awards,False,Beowulf Boritt,,Thérèse Raquin,https://en.wikipedia.org/wiki/Th%C3%A9r%C3%A8se_Raquin
2017,71st Tony Awards,/wiki/71st_Tony_Awards,False,Michael Yeargan,https://en.wikipedia.org/wiki/Michael_Yeargan,Oslo,https://en.wikipedia.org/wiki/Oslo_(play)
2017,71st Tony Awards,/wiki/71st_Tony_Awards,False,Douglas W. Schmidt,,The Front Page,https://en.wikipedia.org/wiki/The_Front_Page
2017,71st Tony Awards,/wiki/71st_Tony_Awards,True,Nigel Hook,,The Play That Goes Wrong,https://en.wikipedia.org/wiki/The_Play_That_Goes_Wrong
2017,71st Tony Awards,/wiki/71st_Tony_Awards,False,David Gallo,https://en.wikipedia.org/wiki/David_Gallo,Jitney,https://en.wikipedia.org/wiki/Jitney_(play)
2018,72nd Tony Awards,/wiki/72nd_Tony_Awards,True,Christine Jones,https://en.wikipedia.org/wiki/Christine_Jones_(scenic_designer),Harry Potter and the Cursed Child,https://en.wikipedia.org/wiki/Harry_Potter_and_the_Cursed_Child
2018,72nd Tony Awards,/wiki/72nd_Tony_Awards,False,Miriam Buether,https://en.wikipedia.org/wiki/Miriam_Buether,Three Tall Women,https://en.wikipedia.org/wiki/Three_Tall_Women
2018,72nd Tony Awards,/wiki/72nd_Tony_Awards,False,Jonathan Fensom,,Farinelli and the King,https://en.wikipedia.org/wiki/Farinelli_and_the_King
2018,72nd Tony Awards,/wiki/72nd_Tony_Awards,False,Santo Loquasto,https://en.wikipedia.org/wiki/Santo_Loquasto,The Iceman Cometh,https://en.wikipedia.org/wiki/The_Iceman_Cometh
2018,72nd Tony Awards,/wiki/72nd_Tony_Awards,False,Ian MacNeiland Edward Pierce,https://en.wikipedia.org/wiki/Ian_MacNeil_(scenic_designer),Angels in America,https://en.wikipedia.org/wiki/Angels_in_America
2019,73rd Tony Awards,/wiki/73rd_Tony_Awards,False,Jan Versweyveld,https://en.wikipedia.org/wiki/Jan_Versweyveld,Network,https://en.wikipedia.org/wiki/Network_(play)
2019,73rd Tony Awards,/wiki/73rd_Tony_Awards,True,Rob Howell,https://en.wikipedia.org/wiki/Rob_Howell,The Ferryman,https://en.wikipedia.org/wiki/The_Ferryman_(play)
2019,73rd Tony Awards,/wiki/73rd_Tony_Awards,False,Miriam Buether,https://en.wikipedia.org/wiki/Miriam_Buether,To Kill a Mockingbird,https://en.wikipedia.org/wiki/To_Kill_a_Mockingbird_(2018_play)
2019,73rd Tony Awards,/wiki/73rd_Tony_Awards,False,Bunny Christie,https://en.wikipedia.org/wiki/Bunny_Christie,Ink,https://en.wikipedia.org/wiki/Ink_(play)
2019,73rd Tony Awards,/wiki/73rd_Tony_Awards,False,Santo Loquasto,https://en.wikipedia.org/wiki/Santo_Loquasto,Gary: A Sequel to Titus Andronicus,https://en.wikipedia.org/wiki/Gary:_A_Sequel_to_Titus_Andronicus
2020,74th Tony Awards,/wiki/74th_Tony_Awards,False,Rob Howell,https://en.wikipedia.org/wiki/Rob_Howell,A Christmas Carol,https://en.wikipedia.org/wiki/A_Christmas_Carol_(2017_play)
2020,74th Tony Awards,/wiki/74th_Tony_Awards,False,Derek McLane,https://en.wikipedia.org/wiki/Derek_McLane,A Soldier's Play,https://en.wikipedia.org/wiki/A_Soldier%27s_Play
2020,74th Tony Awards,/wiki/74th_Tony_Awards,False,Bob Crowley,https://en.wikipedia.org/wiki/Bob_Crowley,The Inheritance,https://en.wikipedia.org/wiki/The_Inheritance_(play)
2020,74th Tony Awards,/wiki/74th_Tony_Awards,False,Soutra Gilmour,https://en.wikipedia.org/wiki/Soutra_Gilmour,Betrayal,https://en.wikipedia.org/wiki/Betrayal_(play)
2020,74th Tony Awards,/wiki/74th_Tony_Awards,False,Clint Ramos,https://en.wikipedia.org/wiki/Clint_Ramos,Slave Play,https://en.wikipedia.org/wiki/Slave_Play
