year,season,season_link,winner,designer,designer_link,production,production_link
2005,59th Tony Awards,/wiki/59th_Tony_Awards,True,Brian MacDevitt,https://en.wikipedia.org/wiki/Brian_MacDevitt,The Pillowman,https://en.wikipedia.org/wiki/The_Pillowman
2005,59th Tony Awards,/wiki/59th_Tony_Awards,False,Pat Collins,https://en.wikipedia.org/wiki/Pat_Collins_(lighting_designer),Doubt: A Parable,https://en.wikipedia.org/wiki/Doubt:_A_Parable
2005,59th Tony Awards,/wiki/59th_Tony_Awards,False,Donald Holder,https://en.wikipedia.org/wiki/Donald_Holder,A Streetcar Named Desire,https://en.wikipedia.org/wiki/A_Streetcar_Named_Desire_(play)
2005,59th Tony Awards,/wiki/59th_Tony_Awards,False,Donald Holder,https://en.wikipedia.org/wiki/Donald_Holder,Gem of the Ocean,https://en.wikipedia.org/wiki/Gem_of_the_Ocean
2006,60th Tony Awards,/wiki/60th_Tony_Awards,True,Mark Henderson,https://en.wikipedia.org/wiki/Mark_Henderson_(lighting_designer),The History Boys,https://en.wikipedia.org/wiki/The_History_Boys
2006,60th Tony Awards,/wiki/60th_Tony_Awards,False,Christopher Akerlind,https://en.wikipedia.org/wiki/Christopher_Akerlind,Awake and Sing!,https://en.wikipedia.org/wiki/Awake_and_Sing!
2006,60th Tony Awards,/wiki/60th_Tony_Awards,False,Paul Gallo,https://en.wikipedia.org/wiki/Paul_Gallo,Three Days of Rain,https://en.wikipedia.org/wiki/Three_Days_of_Rain
2006,60th Tony Awards,/wiki/60th_Tony_Awards,False,Mark Henderson,https://en.wikipedia.org/wiki/Mark_Henderson_(lighting_designer),Faith Healer,https://en.wikipedia.org/wiki/Faith_Healer
2007,61st Tony Awards,/wiki/61st_Tony_Awards,False,Jason Taylor,,Journey's End,https://en.wikipedia.org/wiki/Journey%27s_End
2007,61st Tony Awards,/wiki/61st_Tony_Awards,False,Brian MacDevitt,https://en.wikipedia.org/wiki/Brian_MacDevitt,Inherit the Wind,https://en.wikipedia.org/wiki/Inherit_the_Wind_(play)
2007,61st Tony Awards,/wiki/61st_Tony_Awards,True,"Natasha Katz,Brian MacDevittandKenneth Posner",https://en.wikipedia.org/wiki/Natasha_Katz,The Coast of Utopia,https://en.wikipedia.org/wiki/The_Coast_of_Utopia
2007,61st Tony Awards,/wiki/61st_Tony_Awards,False,Paule Constable,https://en.wikipedia.org/wiki/Paule_Constable,Coram Boy,https://en.wikipedia.org/wiki/Coram_Boy_(play)
2008,62nd Tony Awards,/wiki/62nd_Tony_Awards,True,Kevin Adams,https://en.wikipedia.org/wiki/Kevin_Adams,The 39 Steps,https://en.wikipedia.org/wiki/The_39_Steps_(play)
2008,62nd Tony Awards,/wiki/62nd_Tony_Awards,False,Howard Harrison,,Macbeth,https://en.wikipedia.org/wiki/Macbeth
2008,62nd Tony Awards,/wiki/62nd_Tony_Awards,False,Donald Holder,https://en.wikipedia.org/wiki/Donald_Holder,Les Liaisons Dangereuses,https://en.wikipedia.org/wiki/Les_Liaisons_Dangereuses_(Hampton_play)
2008,62nd Tony Awards,/wiki/62nd_Tony_Awards,False,Ann G. Wrightson,,August: Osage County,https://en.wikipedia.org/wiki/August:_Osage_County
2009,63rd Tony Awards,/wiki/63rd_Tony_Awards,False,Hugh Vanstone,https://en.wikipedia.org/wiki/Hugh_Vanstone,Mary Stuart,https://en.wikipedia.org/wiki/Mary_Stuart_(play)
2009,63rd Tony Awards,/wiki/63rd_Tony_Awards,False,David Lander,,33 Variations,https://en.wikipedia.org/wiki/33_Variations
2009,63rd Tony Awards,/wiki/63rd_Tony_Awards,True,Brian MacDevitt,https://en.wikipedia.org/wiki/Brian_MacDevitt,Joe Turner's Come and Gone,https://en.wikipedia.org/wiki/Joe_Turner%27s_Come_and_Gone
2009,63rd Tony Awards,/wiki/63rd_Tony_Awards,False,David Hersey,https://en.wikipedia.org/wiki/David_Hersey,Equus,https://en.wikipedia.org/wiki/Equus_(play)
2010,64th Tony Awards,/wiki/64th_Tony_Awards,True,Neil Austin,https://en.wikipedia.org/wiki/Neil_Austin_(lighting_designer),Red,https://en.wikipedia.org/wiki/Red_(play)
2010,64th Tony Awards,/wiki/64th_Tony_Awards,False,Neil Austin,https://en.wikipedia.org/wiki/Neil_Austin_(lighting_designer),Hamlet,https://en.wikipedia.org/wiki/Hamlet
2010,64th Tony Awards,/wiki/64th_Tony_Awards,False,Mark Henderson,https://en.wikipedia.org/wiki/Mark_Henderson_(lighting_designer),ENRON,https://en.wikipedia.org/wiki/Enron_(play)
2010,64th Tony Awards,/wiki/64th_Tony_Awards,False,Brian MacDevitt,https://en.wikipedia.org/wiki/Brian_MacDevitt,Fences,https://en.wikipedia.org/wiki/Fences_(play)
2011,65th Tony Awards,/wiki/65th_Tony_Awards,True,Paule Constable,https://en.wikipedia.org/wiki/Paule_Constable,War Horse,https://en.wikipedia.org/wiki/War_Horse_(play)
2011,65th Tony Awards,/wiki/65th_Tony_Awards,False,David Lander,,Bengal Tiger at the Baghdad Zoo,https://en.wikipedia.org/wiki/Bengal_Tiger_at_the_Baghdad_Zoo
2011,65th Tony Awards,/wiki/65th_Tony_Awards,False,Kenneth Posner,https://en.wikipedia.org/wiki/Kenneth_Posner,The Merchant of Venice,https://en.wikipedia.org/wiki/The_Merchant_of_Venice
2011,65th Tony Awards,/wiki/65th_Tony_Awards,False,Mimi Jordan Sherin,,Jerusalem,https://en.wikipedia.org/wiki/Jerusalem_(play)
2012,66th Tony Awards,/wiki/66th_Tony_Awards,True,Jeff Croiter,,Peter and the Starcatcher,https://en.wikipedia.org/wiki/Peter_and_the_Starcatcher
2012,66th Tony Awards,/wiki/66th_Tony_Awards,False,Peter Kaczorowski,https://en.wikipedia.org/wiki/Peter_Kaczorowski,The Road to Mecca,https://en.wikipedia.org/wiki/The_Road_to_Mecca_(play)
2012,66th Tony Awards,/wiki/66th_Tony_Awards,False,Brian MacDevitt,https://en.wikipedia.org/wiki/Brian_MacDevitt,Death of a Salesman,https://en.wikipedia.org/wiki/Death_of_a_Salesman
2012,66th Tony Awards,/wiki/66th_Tony_Awards,False,Kenneth Posner,https://en.wikipedia.org/wiki/Kenneth_Posner,Other Desert Cities,https://en.wikipedia.org/wiki/Other_Desert_Cities
2013,67th Tony Awards,/wiki/67th_Tony_Awards,False,Japhy Weideman,,The Nance,https://en.wikipedia.org/wiki/The_Nance
2013,67th Tony Awards,/wiki/67th_Tony_Awards,False,Jennifer Tipton,https://en.wikipedia.org/wiki/Jennifer_Tipton,The Testament of Mary,https://en.wikipedia.org/wiki/The_Testament_of_Mary_(play)
2013,67th Tony Awards,/wiki/67th_Tony_Awards,False,Donald Holder,https://en.wikipedia.org/wiki/Donald_Holder,Golden Boy,https://en.wikipedia.org/wiki/Golden_Boy_(play)
2013,67th Tony Awards,/wiki/67th_Tony_Awards,True,Peggy EisenhauerandJules Fisher,https://en.wikipedia.org/wiki/Peggy_Eisenhauer,Lucky Guy,https://en.wikipedia.org/wiki/Lucky_Guy_(play)
2014,68th Tony Awards,/wiki/68th_Tony_Awards,True,Natasha Katz,https://en.wikipedia.org/wiki/Natasha_Katz,The Glass Menagerie,https://en.wikipedia.org/wiki/The_Glass_Menagerie
2014,68th Tony Awards,/wiki/68th_Tony_Awards,False,Paule Constable,https://en.wikipedia.org/wiki/Paule_Constable,The Cripple of Inishmaan,https://en.wikipedia.org/wiki/The_Cripple_of_Inishmaan
2014,68th Tony Awards,/wiki/68th_Tony_Awards,False,Jane Cox,,Machinal,https://en.wikipedia.org/wiki/Machinal
2014,68th Tony Awards,/wiki/68th_Tony_Awards,False,Japhy Weideman,,Of Mice and Men,https://en.wikipedia.org/wiki/Of_Mice_and_Men_(play)
2015,69th Tony Awards,/wiki/69th_Tony_Awards,True,Paule Constable,https://en.wikipedia.org/wiki/Paule_Constable,The Curious Incident of the Dog in the Night-Time,https://en.wikipedia.org/wiki/The_Curious_Incident_of_the_Dog_in_the_Night-Time_(play)
2015,69th Tony Awards,/wiki/69th_Tony_Awards,False,Paule Constableand David Plater,https://en.wikipedia.org/wiki/Paule_Constable,Wolf Hall Parts One & Two,https://en.wikipedia.org/wiki/Wolf_Hall#Adaptations
2015,69th Tony Awards,/wiki/69th_Tony_Awards,False,Natasha Katz,https://en.wikipedia.org/wiki/Natasha_Katz,Skylight,https://en.wikipedia.org/wiki/Skylight_(play)
2015,69th Tony Awards,/wiki/69th_Tony_Awards,False,Japhy Weideman,,Airline Highway,https://en.wikipedia.org/wiki/Airline_Highway_(play)
2016,70th Tony Awards,/wiki/70th_Tony_Awards,True,Natasha Katz,https://en.wikipedia.org/wiki/Natasha_Katz,Long Day's Journey into Night,https://en.wikipedia.org/wiki/Long_Day%27s_Journey_into_Night
2016,70th Tony Awards,/wiki/70th_Tony_Awards,False,Justin Townsend,,The Humans,https://en.wikipedia.org/wiki/The_Humans_(play)
2016,70th Tony Awards,/wiki/70th_Tony_Awards,False,Jan Versweyveld,https://en.wikipedia.org/wiki/Jan_Versweyveld,A View from the Bridge,https://en.wikipedia.org/wiki/A_View_from_the_Bridge
2016,70th Tony Awards,/wiki/70th_Tony_Awards,False,Jan Versweyveld,https://en.wikipedia.org/wiki/Jan_Versweyveld,The Crucible,https://en.wikipedia.org/wiki/The_Crucible
2017,71st Tony Awards,/wiki/71st_Tony_Awards,False,Jennifer Tipton,https://en.wikipedia.org/wiki/Jennifer_Tipton,"A Doll's House, Part 2","https://en.wikipedia.org/wiki/A_Doll%27s_House,_Part_2"
2017,71st Tony Awards,/wiki/71st_Tony_Awards,False,Donald Holder,https://en.wikipedia.org/wiki/Donald_Holder,Oslo,https://en.wikipedia.org/wiki/Oslo_(play)
2017,71st Tony Awards,/wiki/71st_Tony_Awards,True,Christopher Akerlind,https://en.wikipedia.org/wiki/Christopher_Akerlind,Indecent,https://en.wikipedia.org/wiki/Indecent_(play)
2017,71st Tony Awards,/wiki/71st_Tony_Awards,False,Jane Cox,,Jitney,https://en.wikipedia.org/wiki/Jitney_(play)
2018,72nd Tony Awards,/wiki/72nd_Tony_Awards,True,Neil Austin,https://en.wikipedia.org/wiki/Neil_Austin_(lighting_designer),Harry Potter and the Cursed Child,https://en.wikipedia.org/wiki/Harry_Potter_and_the_Cursed_Child
2018,72nd Tony Awards,/wiki/72nd_Tony_Awards,False,Paule Constable,https://en.wikipedia.org/wiki/Paule_Constable,Angels in America,https://en.wikipedia.org/wiki/Angels_in_America
2018,72nd Tony Awards,/wiki/72nd_Tony_Awards,False,Peggy EisenhauerandJules Fisher,https://en.wikipedia.org/wiki/Peggy_Eisenhauer,The Iceman Cometh,https://en.wikipedia.org/wiki/The_Iceman_Cometh
2018,72nd Tony Awards,/wiki/72nd_Tony_Awards,False,Paul Russell,,Farinelli and the King,https://en.wikipedia.org/wiki/Farinelli_and_the_King
2018,72nd Tony Awards,/wiki/72nd_Tony_Awards,False,Ben Stanton,,Junk,https://en.wikipedia.org/wiki/Junk:_The_Golden_Age_of_Debt
2019,73rd Tony Awards,/wiki/73rd_Tony_Awards,False,Jules FisherandPeggy Eisenhauer,https://en.wikipedia.org/wiki/Jules_Fisher,Gary: A Sequel to Titus Andronicus,https://en.wikipedia.org/wiki/Gary:_A_Sequel_to_Titus_Andronicus
2019,73rd Tony Awards,/wiki/73rd_Tony_Awards,True,Neil Austin,https://en.wikipedia.org/wiki/Neil_Austin_(lighting_designer),Ink,https://en.wikipedia.org/wiki/Ink_(play)
2019,73rd Tony Awards,/wiki/73rd_Tony_Awards,False,Peter Mumford,https://en.wikipedia.org/wiki/Peter_Mumford_(lighting_designer),The Ferryman,https://en.wikipedia.org/wiki/The_Ferryman_(play)
2019,73rd Tony Awards,/wiki/73rd_Tony_Awards,False,Jennifer Tipton,https://en.wikipedia.org/wiki/Jennifer_Tipton,To Kill a Mockingbird,https://en.wikipedia.org/wiki/To_Kill_a_Mockingbird_(2018_play)
2019,73rd Tony Awards,/wiki/73rd_Tony_Awards,False,Jan Versweyveldand Tal Yarden,https://en.wikipedia.org/wiki/Jan_Versweyveld,Network,https://en.wikipedia.org/wiki/Network_(play)
2020,74th Tony Awards,/wiki/74th_Tony_Awards,False,Heather Gilbert,,The Sound Inside,https://en.wikipedia.org/wiki/The_Sound_Inside_(play)
2020,74th Tony Awards,/wiki/74th_Tony_Awards,False,Allen Lee Hughes,,A Soldier's Play,https://en.wikipedia.org/wiki/A_Soldier%27s_Play
2020,74th Tony Awards,/wiki/74th_Tony_Awards,False,Jiyoun Chang,,Slave Play,https://en.wikipedia.org/wiki/Slave_Play
2020,74th Tony Awards,/wiki/74th_Tony_Awards,False,Jon Clark,,The Inheritance,https://en.wikipedia.org/wiki/The_Inheritance_(play)
2020,74th Tony Awards,/wiki/74th_Tony_Awards,False,Hugh Vanstone,https://en.wikipedia.org/wiki/Hugh_Vanstone,A Christmas Carol,https://en.wikipedia.org/wiki/A_Christmas_Carol_(2017_play)
