year,season,season_link,winner,director,director_link,production,production_link
1960,14th Tony Awards,/wiki/14th_Tony_Awards,True,Arthur Penn,https://en.wikipedia.org/wiki/Arthur_Penn,The Miracle Worker,https://en.wikipedia.org/wiki/The_Miracle_Worker_(play)
1960,14th Tony Awards,/wiki/14th_Tony_Awards,False,Joseph Anthony,https://en.wikipedia.org/wiki/Joseph_Anthony,The Best Man,https://en.wikipedia.org/wiki/The_Best_Man_(play)
1960,14th Tony Awards,/wiki/14th_Tony_Awards,False,Tyrone Guthrie,https://en.wikipedia.org/wiki/Tyrone_Guthrie,The Tenth Man,https://en.wikipedia.org/wiki/The_Tenth_Man_(Chayefsky_play)
1960,14th Tony Awards,/wiki/14th_Tony_Awards,False,Elia Kazan,https://en.wikipedia.org/wiki/Elia_Kazan,Sweet Bird of Youth,https://en.wikipedia.org/wiki/Sweet_Bird_of_Youth
1960,14th Tony Awards,/wiki/14th_Tony_Awards,False,Lloyd Richards,https://en.wikipedia.org/wiki/Lloyd_Richards,A Raisin in the Sun,https://en.wikipedia.org/wiki/A_Raisin_in_the_Sun
1961,15th Tony Awards,/wiki/15th_Tony_Awards,True,John Gielgud,https://en.wikipedia.org/wiki/John_Gielgud,"Big Fish, Little Fish","https://en.wikipedia.org/wiki/Big_Fish,_Little_Fish_(play)"
1961,15th Tony Awards,/wiki/15th_Tony_Awards,False,Joseph Anthony,https://en.wikipedia.org/wiki/Joseph_Anthony,Rhinoceros,https://en.wikipedia.org/wiki/Rhinoceros_(play)
1961,15th Tony Awards,/wiki/15th_Tony_Awards,False,Joan Littlewood,https://en.wikipedia.org/wiki/Joan_Littlewood,The Hostage,https://en.wikipedia.org/wiki/The_Hostage_(play)
1961,15th Tony Awards,/wiki/15th_Tony_Awards,False,Arthur Penn,https://en.wikipedia.org/wiki/Arthur_Penn,All the Way Home,https://en.wikipedia.org/wiki/All_the_Way_Home_(play)
1962,16th Tony Awards,/wiki/16th_Tony_Awards,True,Noel Willman,https://en.wikipedia.org/wiki/Noel_Willman,A Man for All Seasons,https://en.wikipedia.org/wiki/A_Man_for_All_Seasons
1962,16th Tony Awards,/wiki/16th_Tony_Awards,False,Tyrone Guthrie,https://en.wikipedia.org/wiki/Tyrone_Guthrie,Gideon,https://en.wikipedia.org/wiki/Gideon_(play)
1962,16th Tony Awards,/wiki/16th_Tony_Awards,False,Donald McWhinnie,https://en.wikipedia.org/wiki/Donald_McWhinnie,The Caretaker,https://en.wikipedia.org/wiki/The_Caretaker
1962,16th Tony Awards,/wiki/16th_Tony_Awards,False,José Quintero,https://en.wikipedia.org/wiki/Jos%C3%A9_Quintero,Great Day in the Morning,
1963,17th Tony Awards,/wiki/17th_Tony_Awards,False,Peter Glenville,https://en.wikipedia.org/wiki/Peter_Glenville,Tchin-Tchin,https://en.wikipedia.org/wiki/Tchin-Tchin
1963,17th Tony Awards,/wiki/17th_Tony_Awards,False,John Gielgud,https://en.wikipedia.org/wiki/John_Gielgud,The School for Scandal,https://en.wikipedia.org/wiki/The_School_for_Scandal
1963,17th Tony Awards,/wiki/17th_Tony_Awards,True,Alan Schneider,https://en.wikipedia.org/wiki/Alan_Schneider,Who's Afraid of Virginia Woolf?,https://en.wikipedia.org/wiki/Who%27s_Afraid_of_Virginia_Woolf%3F
1963,17th Tony Awards,/wiki/17th_Tony_Awards,False,George Abbott,https://en.wikipedia.org/wiki/George_Abbott,Never Too Late,https://en.wikipedia.org/wiki/Never_Too_Late_(play)
1964,18th Tony Awards,/wiki/18th_Tony_Awards,True,Mike Nichols,https://en.wikipedia.org/wiki/Mike_Nichols,Barefoot in the Park,https://en.wikipedia.org/wiki/Barefoot_in_the_Park
1964,18th Tony Awards,/wiki/18th_Tony_Awards,False,June Havoc,https://en.wikipedia.org/wiki/June_Havoc,Marathon '33,
1964,18th Tony Awards,/wiki/18th_Tony_Awards,False,Alan Schneider,https://en.wikipedia.org/wiki/Alan_Schneider,The Ballad of the Sad Café,https://en.wikipedia.org/wiki/The_Ballad_of_the_Sad_Caf%C3%A9
1964,18th Tony Awards,/wiki/18th_Tony_Awards,False,Herman Shumlin,https://en.wikipedia.org/wiki/Herman_Shumlin,The Deputy,https://en.wikipedia.org/wiki/The_Deputy
1965,19th Tony Awards,/wiki/19th_Tony_Awards,False,Alan Schneider,https://en.wikipedia.org/wiki/Alan_Schneider,Tiny Alice,https://en.wikipedia.org/wiki/Tiny_Alice
1965,19th Tony Awards,/wiki/19th_Tony_Awards,True,Mike Nichols,https://en.wikipedia.org/wiki/Mike_Nichols,Luv,https://en.wikipedia.org/wiki/Luv_(play)
1965,19th Tony Awards,/wiki/19th_Tony_Awards,True,Mike Nichols,https://en.wikipedia.org/wiki/Mike_Nichols,The Odd Couple,https://en.wikipedia.org/wiki/The_Odd_Couple_(play)
1965,19th Tony Awards,/wiki/19th_Tony_Awards,False,William Ball,https://en.wikipedia.org/wiki/William_Ball_(director),Tartuffe,https://en.wikipedia.org/wiki/Tartuffe
1965,19th Tony Awards,/wiki/19th_Tony_Awards,False,Ulu Grosbard,https://en.wikipedia.org/wiki/Ulu_Grosbard,The Subject Was Roses,https://en.wikipedia.org/wiki/The_Subject_Was_Roses
1966,20th Tony Awards,/wiki/20th_Tony_Awards,False,Ellis Rabb,https://en.wikipedia.org/wiki/Ellis_Rabb,You Can't Take It with You,https://en.wikipedia.org/wiki/You_Can%27t_Take_It_with_You_(play)
1966,20th Tony Awards,/wiki/20th_Tony_Awards,False,Noel Willman,https://en.wikipedia.org/wiki/Noel_Willman,The Lion in Winter,https://en.wikipedia.org/wiki/The_Lion_in_Winter
1966,20th Tony Awards,/wiki/20th_Tony_Awards,True,Peter Brook,https://en.wikipedia.org/wiki/Peter_Brook,Marat/Sade,https://en.wikipedia.org/wiki/Marat/Sade
1966,20th Tony Awards,/wiki/20th_Tony_Awards,False,Hilton Edwards,https://en.wikipedia.org/wiki/Hilton_Edwards,"Philadelphia, Here I Come!","https://en.wikipedia.org/wiki/Philadelphia,_Here_I_Come!"
1967,21st Tony Awards,/wiki/21st_Tony_Awards,True,Peter Hall,https://en.wikipedia.org/wiki/Peter_Hall_(director),The Homecoming,https://en.wikipedia.org/wiki/The_Homecoming
1967,21st Tony Awards,/wiki/21st_Tony_Awards,False,John Dexter,https://en.wikipedia.org/wiki/John_Dexter,Black Comedy,https://en.wikipedia.org/wiki/Black_Comedy
1967,21st Tony Awards,/wiki/21st_Tony_Awards,False,Donald Driver,,Marat/Sade,https://en.wikipedia.org/wiki/Marat/Sade
1967,21st Tony Awards,/wiki/21st_Tony_Awards,False,Alan Schneider,https://en.wikipedia.org/wiki/Alan_Schneider,A Delicate Balance,https://en.wikipedia.org/wiki/A_Delicate_Balance_(play)
1968,22nd Tony Awards,/wiki/22nd_Tony_Awards,True,Mike Nichols,https://en.wikipedia.org/wiki/Mike_Nichols,Plaza Suite,https://en.wikipedia.org/wiki/Plaza_Suite
1968,22nd Tony Awards,/wiki/22nd_Tony_Awards,False,Michael Blakemore,https://en.wikipedia.org/wiki/Michael_Blakemore,A Day in the Death of Joe Egg,https://en.wikipedia.org/wiki/A_Day_in_the_Death_of_Joe_Egg
1968,22nd Tony Awards,/wiki/22nd_Tony_Awards,False,Derek Goldby,https://en.wikipedia.org/wiki/Derek_Goldby,Rosencrantz and Guildenstern Are Dead,https://en.wikipedia.org/wiki/Rosencrantz_and_Guildenstern_Are_Dead
1968,22nd Tony Awards,/wiki/22nd_Tony_Awards,False,Alan Schneider,https://en.wikipedia.org/wiki/Alan_Schneider,You Know I Can't Hear You When the Water's Running,https://en.wikipedia.org/wiki/You_Know_I_Can%27t_Hear_You_When_the_Water%27s_Running
1969,23rd Tony Awards,/wiki/23rd_Tony_Awards,True,Peter Dews,https://en.wikipedia.org/wiki/Peter_Dews_(director),Hadrian VII,https://en.wikipedia.org/wiki/Hadrian_the_Seventh
1969,23rd Tony Awards,/wiki/23rd_Tony_Awards,False,Joseph Hardy,https://en.wikipedia.org/wiki/Joseph_Hardy_(director),"Play It Again, Sam","https://en.wikipedia.org/wiki/Play_It_Again,_Sam_(play)"
1969,23rd Tony Awards,/wiki/23rd_Tony_Awards,False,Harold Pinter,https://en.wikipedia.org/wiki/Harold_Pinter,The Man in the Glass Booth,https://en.wikipedia.org/wiki/The_Man_in_the_Glass_Booth
1969,23rd Tony Awards,/wiki/23rd_Tony_Awards,False,Michael A. Schultz,https://en.wikipedia.org/wiki/Michael_A._Schultz,Does a Tiger Wear a Necktie?,https://en.wikipedia.org/wiki/Does_a_Tiger_Wear_a_Necktie%3F
1970,24th Tony Awards,/wiki/24th_Tony_Awards,False,Robert Moore,https://en.wikipedia.org/wiki/Robert_Moore_(director),Last of the Red Hot Lovers,https://en.wikipedia.org/wiki/Last_of_the_Red_Hot_Lovers
1970,24th Tony Awards,/wiki/24th_Tony_Awards,False,Tómas Mac Anna,https://en.wikipedia.org/wiki/T%C3%B3mas_Mac_Anna,Borstal Boy,https://en.wikipedia.org/wiki/Borstal_Boy
1970,24th Tony Awards,/wiki/24th_Tony_Awards,False,Milton Katselas,https://en.wikipedia.org/wiki/Milton_Katselas,Butterflies Are Free,https://en.wikipedia.org/wiki/Butterflies_Are_Free_(play)
1970,24th Tony Awards,/wiki/24th_Tony_Awards,True,Joseph Hardy,https://en.wikipedia.org/wiki/Joseph_Hardy_(director),Child's Play,https://en.wikipedia.org/wiki/Child%27s_Play_(play)
1971,25th Tony Awards,/wiki/25th_Tony_Awards,True,Peter Brook,https://en.wikipedia.org/wiki/Peter_Brook,A Midsummer Night's Dream,https://en.wikipedia.org/wiki/A_Midsummer_Night%27s_Dream
1971,25th Tony Awards,/wiki/25th_Tony_Awards,False,Lindsay Anderson,https://en.wikipedia.org/wiki/Lindsay_Anderson,Home,https://en.wikipedia.org/wiki/Home_(play)
1971,25th Tony Awards,/wiki/25th_Tony_Awards,False,Stephen Porter,https://en.wikipedia.org/wiki/Stephen_Porter_(director),The School for Wives,https://en.wikipedia.org/wiki/The_School_for_Wives
1971,25th Tony Awards,/wiki/25th_Tony_Awards,False,Clifford Williams,https://en.wikipedia.org/wiki/Clifford_Williams_(actor),Sleuth,https://en.wikipedia.org/wiki/Sleuth_(play)
1972,26th Tony Awards,/wiki/26th_Tony_Awards,True,Mike Nichols,https://en.wikipedia.org/wiki/Mike_Nichols,The Prisoner of Second Avenue,https://en.wikipedia.org/wiki/The_Prisoner_of_Second_Avenue
1972,26th Tony Awards,/wiki/26th_Tony_Awards,False,Jeff Bleckner,https://en.wikipedia.org/wiki/Jeff_Bleckner,Sticks and Bones,https://en.wikipedia.org/wiki/Sticks_and_Bones
1972,26th Tony Awards,/wiki/26th_Tony_Awards,False,Gordon Davidson,https://en.wikipedia.org/wiki/Gordon_Davidson_(director),The Trial of the Catsville Nine,
1972,26th Tony Awards,/wiki/26th_Tony_Awards,False,Peter Hall,https://en.wikipedia.org/wiki/Peter_Hall_(director),Old Times,https://en.wikipedia.org/wiki/Old_Times
1973,27th Tony Awards,/wiki/27th_Tony_Awards,True,A. J. Antoon,https://en.wikipedia.org/wiki/A._J._Antoon,That Championship Season,https://en.wikipedia.org/wiki/That_Championship_Season
1973,27th Tony Awards,/wiki/27th_Tony_Awards,False,A. J. Antoon,https://en.wikipedia.org/wiki/A._J._Antoon,Much Ado About Nothing,https://en.wikipedia.org/wiki/Much_Ado_About_Nothing
1973,27th Tony Awards,/wiki/27th_Tony_Awards,False,Alan Arkin,https://en.wikipedia.org/wiki/Alan_Arkin,The Sunshine Boys,https://en.wikipedia.org/wiki/The_Sunshine_Boys
1973,27th Tony Awards,/wiki/27th_Tony_Awards,False,Michael Rudman,https://en.wikipedia.org/wiki/Michael_Rudman,The Changing Room,https://en.wikipedia.org/wiki/The_Changing_Room
1974,28th Tony Awards,/wiki/28th_Tony_Awards,False,Stephen Porter,https://en.wikipedia.org/wiki/Stephen_Porter_(director),Chemin de Fer,
1974,28th Tony Awards,/wiki/28th_Tony_Awards,False,Mike Nichols,https://en.wikipedia.org/wiki/Mike_Nichols,Uncle Vanya,https://en.wikipedia.org/wiki/Uncle_Vanya
1974,28th Tony Awards,/wiki/28th_Tony_Awards,False,Edwin Sherin,https://en.wikipedia.org/wiki/Edwin_Sherin,Find Your Way Home,
1974,28th Tony Awards,/wiki/28th_Tony_Awards,True,José Quintero,https://en.wikipedia.org/wiki/Jos%C3%A9_Quintero,A Moon for the Misbegotten,https://en.wikipedia.org/wiki/A_Moon_for_the_Misbegotten
1974,28th Tony Awards,/wiki/28th_Tony_Awards,False,Burgess Meredith,https://en.wikipedia.org/wiki/Burgess_Meredith,Ulysses in Nighttown,https://en.wikipedia.org/wiki/Ulysses_in_Nighttown
1975,29th Tony Awards,/wiki/29th_Tony_Awards,True,John Dexter,https://en.wikipedia.org/wiki/John_Dexter,Equus,https://en.wikipedia.org/wiki/Equus_(play)
1975,29th Tony Awards,/wiki/29th_Tony_Awards,False,Arvin Brown,https://en.wikipedia.org/wiki/Arvin_Brown,The National Health,https://en.wikipedia.org/wiki/The_National_Health_(play)
1975,29th Tony Awards,/wiki/29th_Tony_Awards,False,Frank Dunlop,https://en.wikipedia.org/wiki/Frank_Dunlop_(director),Scapino,https://en.wikipedia.org/wiki/Scapino_(play)
1975,29th Tony Awards,/wiki/29th_Tony_Awards,False,Ronald Eyre,https://en.wikipedia.org/wiki/Ronald_Eyre,London Assurance,https://en.wikipedia.org/wiki/London_Assurance
1975,29th Tony Awards,/wiki/29th_Tony_Awards,False,Athol Fugard,https://en.wikipedia.org/wiki/Athol_Fugard,Sizwe Banzi is DeadandThe Island,https://en.wikipedia.org/wiki/Sizwe_Banzi_is_Dead
1975,29th Tony Awards,/wiki/29th_Tony_Awards,False,Gene Saks,https://en.wikipedia.org/wiki/Gene_Saks,"Same Time, Next Year","https://en.wikipedia.org/wiki/Same_Time,_Next_Year_(play)"
1976,30th Tony Awards,/wiki/30th_Tony_Awards,False,Peter Wood,https://en.wikipedia.org/wiki/Peter_Wood_(director),Travesties,https://en.wikipedia.org/wiki/Travesties
1976,30th Tony Awards,/wiki/30th_Tony_Awards,False,Marshall W. Mason,https://en.wikipedia.org/wiki/Marshall_W._Mason,Knock Knock,https://en.wikipedia.org/wiki/Knock_Knock_(play)
1976,30th Tony Awards,/wiki/30th_Tony_Awards,True,Ellis Rabb,https://en.wikipedia.org/wiki/Ellis_Rabb,The Royal Family,https://en.wikipedia.org/wiki/The_Royal_Family_(play)
1976,30th Tony Awards,/wiki/30th_Tony_Awards,False,Arvin Brown,https://en.wikipedia.org/wiki/Arvin_Brown,"Ah, Wilderness!","https://en.wikipedia.org/wiki/Ah,_Wilderness!"
1977,31st Tony Awards,/wiki/31st_Tony_Awards,True,Gordon Davidson,https://en.wikipedia.org/wiki/Gordon_Davidson_(director),The Shadow Box,https://en.wikipedia.org/wiki/The_Shadow_Box
1977,31st Tony Awards,/wiki/31st_Tony_Awards,False,Ulu Grosbard,https://en.wikipedia.org/wiki/Ulu_Grosbard,American Buffalo,https://en.wikipedia.org/wiki/American_Buffalo_(play)
1977,31st Tony Awards,/wiki/31st_Tony_Awards,False,Mike Nichols,https://en.wikipedia.org/wiki/Mike_Nichols,Comedians,https://en.wikipedia.org/wiki/Comedians_(play)
1977,31st Tony Awards,/wiki/31st_Tony_Awards,False,Mike Nichols,https://en.wikipedia.org/wiki/Mike_Nichols,Streamers,https://en.wikipedia.org/wiki/Streamers_(play)
1978,32nd Tony Awards,/wiki/32nd_Tony_Awards,False,Dennis Rosa,,Dracula,https://en.wikipedia.org/wiki/Dracula
1978,32nd Tony Awards,/wiki/32nd_Tony_Awards,False,Mike Nichols,https://en.wikipedia.org/wiki/Mike_Nichols,The Gin Game,https://en.wikipedia.org/wiki/The_Gin_Game
1978,32nd Tony Awards,/wiki/32nd_Tony_Awards,True,Melvin Bernhardt,https://en.wikipedia.org/wiki/Melvin_Bernhardt,Da,https://en.wikipedia.org/wiki/Da_(play)
1978,32nd Tony Awards,/wiki/32nd_Tony_Awards,False,Robert Moore,https://en.wikipedia.org/wiki/Robert_Moore_(director),Deathtrap,https://en.wikipedia.org/wiki/Deathtrap_(play)
1979,33rd Tony Awards,/wiki/33rd_Tony_Awards,True,Jack Hofsiss,https://en.wikipedia.org/wiki/Jack_Hofsiss,The Elephant Man,https://en.wikipedia.org/wiki/The_Elephant_Man_(play)
1979,33rd Tony Awards,/wiki/33rd_Tony_Awards,False,Alan AyckbournandPeter Hall,https://en.wikipedia.org/wiki/Alan_Ayckbourn,Bedroom Farce,https://en.wikipedia.org/wiki/Bedroom_Farce
1979,33rd Tony Awards,/wiki/33rd_Tony_Awards,False,Paul Giovanni,https://en.wikipedia.org/wiki/Paul_Giovanni,The Crucifer of Blood,https://en.wikipedia.org/wiki/The_Crucifer_of_Blood
1979,33rd Tony Awards,/wiki/33rd_Tony_Awards,False,Michael Lindsay-Hogg,https://en.wikipedia.org/wiki/Michael_Lindsay-Hogg,Whose Life Is It Anyway?,https://en.wikipedia.org/wiki/Whose_Life_Is_It_Anyway%3F_(play)
1980,34th Tony Awards,/wiki/34th_Tony_Awards,True,Vivian Matalon,https://en.wikipedia.org/wiki/Vivian_Matalon,Morning's at Seven,https://en.wikipedia.org/wiki/Morning%27s_at_Seven
1980,34th Tony Awards,/wiki/34th_Tony_Awards,False,Gordon Davidson,https://en.wikipedia.org/wiki/Gordon_Davidson_(director),Children of a Lesser God,https://en.wikipedia.org/wiki/Children_of_a_Lesser_God_(play)
1980,34th Tony Awards,/wiki/34th_Tony_Awards,False,Peter Hall,https://en.wikipedia.org/wiki/Peter_Hall_(director),Betrayal,https://en.wikipedia.org/wiki/Betrayal_(play)
1980,34th Tony Awards,/wiki/34th_Tony_Awards,False,Marshall W. Mason,https://en.wikipedia.org/wiki/Marshall_W._Mason,Talley's Folly,https://en.wikipedia.org/wiki/Talley%27s_Folly
1981,35th Tony Awards,/wiki/35th_Tony_Awards,True,Peter Hall,https://en.wikipedia.org/wiki/Peter_Hall_(director),Amadeus,https://en.wikipedia.org/wiki/Amadeus_(play)
1981,35th Tony Awards,/wiki/35th_Tony_Awards,False,Peter Coe,https://en.wikipedia.org/wiki/Peter_Coe_(director),A Life,https://en.wikipedia.org/wiki/A_Life_(play)
1981,35th Tony Awards,/wiki/35th_Tony_Awards,False,Marshall W. Mason,https://en.wikipedia.org/wiki/Marshall_W._Mason,Fifth of July,https://en.wikipedia.org/wiki/Fifth_of_July
1981,35th Tony Awards,/wiki/35th_Tony_Awards,False,Austin Pendleton,https://en.wikipedia.org/wiki/Austin_Pendleton,The Little Foxes,https://en.wikipedia.org/wiki/The_Little_Foxes
1982,36th Tony Awards,/wiki/36th_Tony_Awards,False,Athol Fugard,https://en.wikipedia.org/wiki/Athol_Fugard,"""Master Harold""...and the Boys",https://en.wikipedia.org/wiki/%22Master_Harold%22...and_the_Boys
1982,36th Tony Awards,/wiki/36th_Tony_Awards,False,Geraldine Fitzgerald,https://en.wikipedia.org/wiki/Geraldine_Fitzgerald,Mass Appeal,https://en.wikipedia.org/wiki/Mass_Appeal_(play)
1982,36th Tony Awards,/wiki/36th_Tony_Awards,True,John CairdandTrevor Nunn,https://en.wikipedia.org/wiki/John_Caird_(director),The Life and Adventures of Nicholas Nickleby,https://en.wikipedia.org/wiki/The_Life_and_Adventures_of_Nicholas_Nickleby_(play)
1982,36th Tony Awards,/wiki/36th_Tony_Awards,False,Melvin Bernhardt,https://en.wikipedia.org/wiki/Melvin_Bernhardt,Crimes of the Heart,https://en.wikipedia.org/wiki/Crimes_of_the_Heart
1983,37th Tony Awards,/wiki/37th_Tony_Awards,True,Gene Saks,https://en.wikipedia.org/wiki/Gene_Saks,Brighton Beach Memoirs,https://en.wikipedia.org/wiki/Brighton_Beach_Memoirs
1983,37th Tony Awards,/wiki/37th_Tony_Awards,False,Marshall W. Mason,https://en.wikipedia.org/wiki/Marshall_W._Mason,Angels Fall,https://en.wikipedia.org/wiki/Angels_Fall
1983,37th Tony Awards,/wiki/37th_Tony_Awards,False,Tom Moore,https://en.wikipedia.org/wiki/Tom_Moore_(director),"'Night, Mother","https://en.wikipedia.org/wiki/%27Night,_Mother"
1983,37th Tony Awards,/wiki/37th_Tony_Awards,False,Trevor Nunn,https://en.wikipedia.org/wiki/Trevor_Nunn,All's Well That Ends Well,https://en.wikipedia.org/wiki/All%27s_Well_That_Ends_Well
1984,38th Tony Awards,/wiki/38th_Tony_Awards,True,Mike Nichols,https://en.wikipedia.org/wiki/Mike_Nichols,The Real Thing,https://en.wikipedia.org/wiki/The_Real_Thing_(play)
1984,38th Tony Awards,/wiki/38th_Tony_Awards,False,Michael Blakemore,https://en.wikipedia.org/wiki/Michael_Blakemore,Noises Off,https://en.wikipedia.org/wiki/Noises_Off
1984,38th Tony Awards,/wiki/38th_Tony_Awards,False,David Leveaux,https://en.wikipedia.org/wiki/David_Leveaux,A Moon for the Misbegotten,https://en.wikipedia.org/wiki/A_Moon_for_the_Misbegotten
1984,38th Tony Awards,/wiki/38th_Tony_Awards,False,Gregory Mosher,https://en.wikipedia.org/wiki/Gregory_Mosher,Glengarry Glen Ross,https://en.wikipedia.org/wiki/Glengarry_Glen_Ross
1985,39th Tony Awards,/wiki/39th_Tony_Awards,False,Marshall W. Mason,https://en.wikipedia.org/wiki/Marshall_W._Mason,As Is,https://en.wikipedia.org/wiki/As_Is_(play)
1985,39th Tony Awards,/wiki/39th_Tony_Awards,True,Gene Saks,https://en.wikipedia.org/wiki/Gene_Saks,Biloxi Blues,https://en.wikipedia.org/wiki/Biloxi_Blues
1985,39th Tony Awards,/wiki/39th_Tony_Awards,False,Keith Hack,,Strange Interlude,https://en.wikipedia.org/wiki/Strange_Interlude
1985,39th Tony Awards,/wiki/39th_Tony_Awards,False,Terry Hands,https://en.wikipedia.org/wiki/Terry_Hands,Much Ado About Nothing,https://en.wikipedia.org/wiki/Much_Ado_About_Nothing
1986,40th Tony Awards,/wiki/40th_Tony_Awards,False,John Tillinger,https://en.wikipedia.org/wiki/John_Tillinger,Loot,https://en.wikipedia.org/wiki/Loot_(play)
1986,40th Tony Awards,/wiki/40th_Tony_Awards,False,José Quintero,https://en.wikipedia.org/wiki/Jos%C3%A9_Quintero,The Iceman Cometh,https://en.wikipedia.org/wiki/The_Iceman_Cometh
1986,40th Tony Awards,/wiki/40th_Tony_Awards,False,Jonathan Miller,https://en.wikipedia.org/wiki/Jonathan_Miller,Long Day's Journey Into Night,https://en.wikipedia.org/wiki/Long_Day%27s_Journey_Into_Night
1986,40th Tony Awards,/wiki/40th_Tony_Awards,True,Jerry Zaks,https://en.wikipedia.org/wiki/Jerry_Zaks,The House of Blue Leaves,https://en.wikipedia.org/wiki/The_House_of_Blue_Leaves
1987,41st Tony Awards,/wiki/41st_Tony_Awards,True,Lloyd Richards,https://en.wikipedia.org/wiki/Lloyd_Richards,Fences,https://en.wikipedia.org/wiki/Fences_(play)
1987,41st Tony Awards,/wiki/41st_Tony_Awards,False,Howard Davies,https://en.wikipedia.org/wiki/Howard_Davies_(director),Les Liaisons Dangereuses,https://en.wikipedia.org/wiki/Les_Liaisons_Dangereuses_(Hampton_play)
1987,41st Tony Awards,/wiki/41st_Tony_Awards,False,Mbongeni Ngema,https://en.wikipedia.org/wiki/Mbongeni_Ngema,Asinamali!,
1987,41st Tony Awards,/wiki/41st_Tony_Awards,False,Carole Rothman,,Coastal Disturbances,https://en.wikipedia.org/wiki/Coastal_Disturbances
1988,42nd Tony Awards,/wiki/42nd_Tony_Awards,False,Clifford Williams,https://en.wikipedia.org/wiki/Clifford_Williams_(actor),Breaking the Code,https://en.wikipedia.org/wiki/Breaking_the_Code
1988,42nd Tony Awards,/wiki/42nd_Tony_Awards,True,John Dexter,https://en.wikipedia.org/wiki/John_Dexter,M. Butterfly,https://en.wikipedia.org/wiki/M._Butterfly
1988,42nd Tony Awards,/wiki/42nd_Tony_Awards,False,Gregory Mosher,https://en.wikipedia.org/wiki/Gregory_Mosher,Speed-the-Plow,https://en.wikipedia.org/wiki/Speed-the-Plow
1988,42nd Tony Awards,/wiki/42nd_Tony_Awards,False,Lloyd Richards,https://en.wikipedia.org/wiki/Lloyd_Richards,Joe Turner's Come and Gone,https://en.wikipedia.org/wiki/Joe_Turner%27s_Come_and_Gone
1989,43rd Tony Awards,/wiki/43rd_Tony_Awards,False,Gregory Mosher,https://en.wikipedia.org/wiki/Gregory_Mosher,Our Town,https://en.wikipedia.org/wiki/Our_Town
1989,43rd Tony Awards,/wiki/43rd_Tony_Awards,False,Daniel J. Sullivan,https://en.wikipedia.org/wiki/Daniel_J._Sullivan,The Heidi Chronicles,https://en.wikipedia.org/wiki/The_Heidi_Chronicles
1989,43rd Tony Awards,/wiki/43rd_Tony_Awards,True,Jerry Zaks,https://en.wikipedia.org/wiki/Jerry_Zaks,Lend Me a Tenor,https://en.wikipedia.org/wiki/Lend_Me_a_Tenor
1989,43rd Tony Awards,/wiki/43rd_Tony_Awards,False,Bill Irwin,https://en.wikipedia.org/wiki/Bill_Irwin,Largely New York,
1990,44th Tony Awards,/wiki/44th_Tony_Awards,False,Lloyd Richards,https://en.wikipedia.org/wiki/Lloyd_Richards,The Piano Lesson,https://en.wikipedia.org/wiki/The_Piano_Lesson
1990,44th Tony Awards,/wiki/44th_Tony_Awards,False,Peter Hall,https://en.wikipedia.org/wiki/Peter_Hall_(director),The Merchant of Venice,https://en.wikipedia.org/wiki/The_Merchant_of_Venice
1990,44th Tony Awards,/wiki/44th_Tony_Awards,False,Michael Blakemore,https://en.wikipedia.org/wiki/Michael_Blakemore,Lettice and Lovage,https://en.wikipedia.org/wiki/Lettice_and_Lovage
1990,44th Tony Awards,/wiki/44th_Tony_Awards,True,Frank Galati,https://en.wikipedia.org/wiki/Frank_Galati,The Grapes of Wrath,https://en.wikipedia.org/wiki/The_Grapes_of_Wrath_(play)
1991,45th Tony Awards,/wiki/45th_Tony_Awards,True,Jerry Zaks,https://en.wikipedia.org/wiki/Jerry_Zaks,Six Degrees of Separation,https://en.wikipedia.org/wiki/Six_Degrees_of_Separation_(play)
1991,45th Tony Awards,/wiki/45th_Tony_Awards,False,Richard Jones,https://en.wikipedia.org/wiki/Richard_Jones_(opera_director),La Bête,https://en.wikipedia.org/wiki/La_B%C3%AAte_(play)
1991,45th Tony Awards,/wiki/45th_Tony_Awards,False,Mark Lamos,https://en.wikipedia.org/wiki/Mark_Lamos,Our Country's Good,https://en.wikipedia.org/wiki/Our_Country%27s_Good
1991,45th Tony Awards,/wiki/45th_Tony_Awards,False,Gene Saks,https://en.wikipedia.org/wiki/Gene_Saks,Lost in Yonkers,https://en.wikipedia.org/wiki/Lost_in_Yonkers
1992,46th Tony Awards,/wiki/46th_Tony_Awards,True,Patrick Mason,https://en.wikipedia.org/wiki/Patrick_Mason,Dancing at Lughnasa,https://en.wikipedia.org/wiki/Dancing_at_Lughnasa
1992,46th Tony Awards,/wiki/46th_Tony_Awards,False,Peter Hall,https://en.wikipedia.org/wiki/Peter_Hall_(director),Four Baboons Adoring the Sun,
1992,46th Tony Awards,/wiki/46th_Tony_Awards,False,Jack O'Brien,https://en.wikipedia.org/wiki/Jack_O%27Brien_(director),Two Shakespearean Actors,
1992,46th Tony Awards,/wiki/46th_Tony_Awards,False,Daniel J. Sullivan,https://en.wikipedia.org/wiki/Daniel_J._Sullivan,Conversations with My Father,https://en.wikipedia.org/wiki/Conversations_with_My_Father
1993,47th Tony Awards,/wiki/47th_Tony_Awards,True,George C. Wolfe,https://en.wikipedia.org/wiki/George_C._Wolfe,Angels in America: Millennium Approaches,https://en.wikipedia.org/wiki/Angels_in_America:_A_Gay_Fantasia_on_National_Themes
1993,47th Tony Awards,/wiki/47th_Tony_Awards,False,David Leveaux,https://en.wikipedia.org/wiki/David_Leveaux,Anna Christie,https://en.wikipedia.org/wiki/Anna_Christie
1993,47th Tony Awards,/wiki/47th_Tony_Awards,False,Eric Simonson,https://en.wikipedia.org/wiki/Eric_Simonson,The Song of Jacob Zulu,https://en.wikipedia.org/wiki/The_Song_of_Jacob_Zulu
1993,47th Tony Awards,/wiki/47th_Tony_Awards,False,Daniel J. Sullivan,https://en.wikipedia.org/wiki/Daniel_J._Sullivan,The Sisters Rosensweig,https://en.wikipedia.org/wiki/The_Sisters_Rosensweig
1994,48th Tony Awards,/wiki/48th_Tony_Awards,False,George C. Wolfe,https://en.wikipedia.org/wiki/George_C._Wolfe,Angels in America: Perestroika,https://en.wikipedia.org/wiki/Angels_in_America:_A_Gay_Fantasia_on_National_Themes
1994,48th Tony Awards,/wiki/48th_Tony_Awards,False,Michael Langham,https://en.wikipedia.org/wiki/Michael_Langham,Timon of Athens,https://en.wikipedia.org/wiki/Timon_of_Athens
1994,48th Tony Awards,/wiki/48th_Tony_Awards,False,Gerald Gutierrez,https://en.wikipedia.org/wiki/Gerald_Gutierrez,Abe Lincoln in Illinois,https://en.wikipedia.org/wiki/Abe_Lincoln_in_Illinois_(play)
1994,48th Tony Awards,/wiki/48th_Tony_Awards,True,Stephen Daldry,https://en.wikipedia.org/wiki/Stephen_Daldry,An Inspector Calls,https://en.wikipedia.org/wiki/An_Inspector_Calls
1995,49th Tony Awards,/wiki/49th_Tony_Awards,True,Gerald Gutierrez,https://en.wikipedia.org/wiki/Gerald_Gutierrez,The Heiress,https://en.wikipedia.org/wiki/The_Heiress_(1947_play)
1995,49th Tony Awards,/wiki/49th_Tony_Awards,False,Emily Mann,https://en.wikipedia.org/wiki/Emily_Mann_(director),Having Our Say,https://en.wikipedia.org/wiki/Having_Our_Say
1995,49th Tony Awards,/wiki/49th_Tony_Awards,False,Joe Mantello,https://en.wikipedia.org/wiki/Joe_Mantello,Love! Valour! Compassion!,https://en.wikipedia.org/wiki/Love!_Valour!_Compassion!
1995,49th Tony Awards,/wiki/49th_Tony_Awards,False,Sean Mathias,https://en.wikipedia.org/wiki/Sean_Mathias,Indiscretions,https://en.wikipedia.org/wiki/Les_Parents_terribles
1996,50th Tony Awards,/wiki/50th_Tony_Awards,True,Gerald Gutierrez,https://en.wikipedia.org/wiki/Gerald_Gutierrez,A Delicate Balance,https://en.wikipedia.org/wiki/A_Delicate_Balance_(play)
1996,50th Tony Awards,/wiki/50th_Tony_Awards,False,Peter Hall,https://en.wikipedia.org/wiki/Peter_Hall_(director),An Ideal Husband,https://en.wikipedia.org/wiki/An_Ideal_Husband
1996,50th Tony Awards,/wiki/50th_Tony_Awards,False,Lloyd Richards,https://en.wikipedia.org/wiki/Lloyd_Richards,Seven Guitars,https://en.wikipedia.org/wiki/Seven_Guitars
1996,50th Tony Awards,/wiki/50th_Tony_Awards,False,Gary Sinise,https://en.wikipedia.org/wiki/Gary_Sinise,Buried Child,https://en.wikipedia.org/wiki/Buried_Child
1997,51st Tony Awards,/wiki/51st_Tony_Awards,True,Anthony Page,https://en.wikipedia.org/wiki/Anthony_Page,A Doll's House,https://en.wikipedia.org/wiki/A_Doll%27s_House
1997,51st Tony Awards,/wiki/51st_Tony_Awards,False,John Caird,https://en.wikipedia.org/wiki/John_Caird_(director),Stanley,https://en.wikipedia.org/wiki/Stanley_(play)
1997,51st Tony Awards,/wiki/51st_Tony_Awards,False,Richard Eyre,https://en.wikipedia.org/wiki/Richard_Eyre,Skylight,https://en.wikipedia.org/wiki/Skylight_(play)
1997,51st Tony Awards,/wiki/51st_Tony_Awards,False,Charles Nelson Reilly,https://en.wikipedia.org/wiki/Charles_Nelson_Reilly,The Gin Game,https://en.wikipedia.org/wiki/The_Gin_Game
1998,52nd Tony Awards,/wiki/52nd_Tony_Awards,False,Matthew Warchus,https://en.wikipedia.org/wiki/Matthew_Warchus,'Art',https://en.wikipedia.org/wiki/Art_(play)
1998,52nd Tony Awards,/wiki/52nd_Tony_Awards,False,Simon McBurney,https://en.wikipedia.org/wiki/Simon_McBurney,The Chairs,https://en.wikipedia.org/wiki/The_Chairs
1998,52nd Tony Awards,/wiki/52nd_Tony_Awards,False,Michael Mayer,https://en.wikipedia.org/wiki/Michael_Mayer_(director),A View from the Bridge,https://en.wikipedia.org/wiki/A_View_from_the_Bridge
1998,52nd Tony Awards,/wiki/52nd_Tony_Awards,True,Garry Hynes,https://en.wikipedia.org/wiki/Garry_Hynes,The Beauty Queen of Leenane,https://en.wikipedia.org/wiki/The_Beauty_Queen_of_Leenane
1999,53rd Tony Awards,/wiki/53rd_Tony_Awards,True,Robert Falls,https://en.wikipedia.org/wiki/Robert_Falls,Death of a Salesman,https://en.wikipedia.org/wiki/Death_of_a_Salesman
1999,53rd Tony Awards,/wiki/53rd_Tony_Awards,False,Howard Davies,https://en.wikipedia.org/wiki/Howard_Davies_(director),The Iceman Cometh,https://en.wikipedia.org/wiki/The_Iceman_Cometh
1999,53rd Tony Awards,/wiki/53rd_Tony_Awards,False,Garry Hynes,https://en.wikipedia.org/wiki/Garry_Hynes,The Lonesome West,https://en.wikipedia.org/wiki/The_Lonesome_West
1999,53rd Tony Awards,/wiki/53rd_Tony_Awards,False,Trevor Nunn,https://en.wikipedia.org/wiki/Trevor_Nunn,Not About Nightingales,https://en.wikipedia.org/wiki/Not_About_Nightingales
2000,54th Tony Awards,/wiki/54th_Tony_Awards,True,Michael Blakemore,https://en.wikipedia.org/wiki/Michael_Blakemore,Copenhagen,https://en.wikipedia.org/wiki/Copenhagen_(play)
2000,54th Tony Awards,/wiki/54th_Tony_Awards,False,James Lapine,https://en.wikipedia.org/wiki/James_Lapine,Dirty Blonde,https://en.wikipedia.org/wiki/Dirty_Blonde_(play)
2000,54th Tony Awards,/wiki/54th_Tony_Awards,False,David Leveaux,https://en.wikipedia.org/wiki/David_Leveaux,The Real Thing,https://en.wikipedia.org/wiki/The_Real_Thing_(play)
2000,54th Tony Awards,/wiki/54th_Tony_Awards,False,Matthew Warchus,https://en.wikipedia.org/wiki/Matthew_Warchus,True West,https://en.wikipedia.org/wiki/True_West_(play)
2001,55th Tony Awards,/wiki/55th_Tony_Awards,True,Daniel J. Sullivan,https://en.wikipedia.org/wiki/Daniel_J._Sullivan,Proof,https://en.wikipedia.org/wiki/Proof_(play)
2001,55th Tony Awards,/wiki/55th_Tony_Awards,False,Marion McClinton,https://en.wikipedia.org/wiki/Marion_McClinton,King Hedley II,https://en.wikipedia.org/wiki/King_Hedley_II
2001,55th Tony Awards,/wiki/55th_Tony_Awards,False,Ian McElhinney,https://en.wikipedia.org/wiki/Ian_McElhinney,Stones in His Pockets,https://en.wikipedia.org/wiki/Stones_in_His_Pockets
2001,55th Tony Awards,/wiki/55th_Tony_Awards,False,Jack O'Brien,https://en.wikipedia.org/wiki/Jack_O%27Brien_(director),The Invention of Love,https://en.wikipedia.org/wiki/The_Invention_of_Love
2002,56th Tony Awards,/wiki/56th_Tony_Awards,False,Daniel J. Sullivan,https://en.wikipedia.org/wiki/Daniel_J._Sullivan,Morning's at Seven,https://en.wikipedia.org/wiki/Morning%27s_at_Seven
2002,56th Tony Awards,/wiki/56th_Tony_Awards,False,Richard Eyre,https://en.wikipedia.org/wiki/Richard_Eyre,The Crucible,https://en.wikipedia.org/wiki/The_Crucible
2002,56th Tony Awards,/wiki/56th_Tony_Awards,True,Mary Zimmerman,https://en.wikipedia.org/wiki/Mary_Zimmerman,Metamorphoses,https://en.wikipedia.org/wiki/Metamorphoses_(play)
2002,56th Tony Awards,/wiki/56th_Tony_Awards,False,Howard Davies,https://en.wikipedia.org/wiki/Howard_Davies_(director),Private Lives,https://en.wikipedia.org/wiki/Private_Lives
2003,57th Tony Awards,/wiki/57th_Tony_Awards,True,Joe Mantello,https://en.wikipedia.org/wiki/Joe_Mantello,Take Me Out,https://en.wikipedia.org/wiki/Take_Me_Out_(play)
2003,57th Tony Awards,/wiki/57th_Tony_Awards,False,Laurence Boswell,https://en.wikipedia.org/wiki/Laurence_Boswell,A Day in the Death of Joe Egg,https://en.wikipedia.org/wiki/A_Day_in_the_Death_of_Joe_Egg
2003,57th Tony Awards,/wiki/57th_Tony_Awards,False,Robert Falls,https://en.wikipedia.org/wiki/Robert_Falls,Long Day's Journey Into Night,https://en.wikipedia.org/wiki/Long_Day%27s_Journey_Into_Night
2003,57th Tony Awards,/wiki/57th_Tony_Awards,False,Deborah Warner,https://en.wikipedia.org/wiki/Deborah_Warner,Medea,https://en.wikipedia.org/wiki/Medea_(play)
2004,58th Tony Awards,/wiki/58th_Tony_Awards,True,Jack O'Brien,https://en.wikipedia.org/wiki/Jack_O%27Brien_(director),"Henry IV, Part 1andPart 2","https://en.wikipedia.org/wiki/Henry_IV,_Part_1"
2004,58th Tony Awards,/wiki/58th_Tony_Awards,False,Doug Hughes,https://en.wikipedia.org/wiki/Doug_Hughes,Frozen,https://en.wikipedia.org/wiki/Frozen_(play)
2004,58th Tony Awards,/wiki/58th_Tony_Awards,False,Moises Kaufman,https://en.wikipedia.org/wiki/Moises_Kaufman,I Am My Own Wife,https://en.wikipedia.org/wiki/I_Am_My_Own_Wife
2004,58th Tony Awards,/wiki/58th_Tony_Awards,False,David Leveaux,https://en.wikipedia.org/wiki/David_Leveaux,Jumpers,https://en.wikipedia.org/wiki/Jumpers_(play)
2005,59th Tony Awards,/wiki/59th_Tony_Awards,True,Doug Hughes,https://en.wikipedia.org/wiki/Doug_Hughes,Doubt: A Parable,https://en.wikipedia.org/wiki/Doubt:_A_Parable
2005,59th Tony Awards,/wiki/59th_Tony_Awards,False,John Crowley,https://en.wikipedia.org/wiki/John_Crowley_(director),The Pillowman,https://en.wikipedia.org/wiki/The_Pillowman
2005,59th Tony Awards,/wiki/59th_Tony_Awards,False,Scott Ellis,https://en.wikipedia.org/wiki/Scott_Ellis,Twelve Angry Men,https://en.wikipedia.org/wiki/Twelve_Angry_Men_(play)
2005,59th Tony Awards,/wiki/59th_Tony_Awards,False,Joe Mantello,https://en.wikipedia.org/wiki/Joe_Mantello,Glengarry Glen Ross,https://en.wikipedia.org/wiki/Glengarry_Glen_Ross
2006,60th Tony Awards,/wiki/60th_Tony_Awards,False,Bartlett Sher,https://en.wikipedia.org/wiki/Bartlett_Sher,Awake and Sing!,https://en.wikipedia.org/wiki/Awake_and_Sing!
2006,60th Tony Awards,/wiki/60th_Tony_Awards,False,Daniel J. Sullivan,https://en.wikipedia.org/wiki/Daniel_J._Sullivan,Rabbit Hole,https://en.wikipedia.org/wiki/Rabbit_Hole
2006,60th Tony Awards,/wiki/60th_Tony_Awards,False,Wilson Milam,https://en.wikipedia.org/wiki/Wilson_Milam,The Lieutenant of Inishmore,https://en.wikipedia.org/wiki/The_Lieutenant_of_Inishmore
2006,60th Tony Awards,/wiki/60th_Tony_Awards,True,Nicholas Hytner,https://en.wikipedia.org/wiki/Nicholas_Hytner,The History Boys,https://en.wikipedia.org/wiki/The_History_Boys
2007,61st Tony Awards,/wiki/61st_Tony_Awards,True,Jack O'Brien,https://en.wikipedia.org/wiki/Jack_O%27Brien_(director),The Coast of Utopia,https://en.wikipedia.org/wiki/The_Coast_of_Utopia
2007,61st Tony Awards,/wiki/61st_Tony_Awards,False,Michael Grandage,https://en.wikipedia.org/wiki/Michael_Grandage,Frost/Nixon,https://en.wikipedia.org/wiki/Frost/Nixon_(play)
2007,61st Tony Awards,/wiki/61st_Tony_Awards,False,David Grindley,,Journey's End,https://en.wikipedia.org/wiki/Journey%27s_End
2007,61st Tony Awards,/wiki/61st_Tony_Awards,False,Melly Still,https://en.wikipedia.org/wiki/Melly_Still,Coram Boy,https://en.wikipedia.org/wiki/Coram_Boy_(play)
2008,62nd Tony Awards,/wiki/62nd_Tony_Awards,True,Anna D. Shapiro,https://en.wikipedia.org/wiki/Anna_D._Shapiro,August: Osage County,https://en.wikipedia.org/wiki/August:_Osage_County
2008,62nd Tony Awards,/wiki/62nd_Tony_Awards,False,Maria Aitken,https://en.wikipedia.org/wiki/Maria_Aitken,The 39 Steps,https://en.wikipedia.org/wiki/The_39_Steps_(play)
2008,62nd Tony Awards,/wiki/62nd_Tony_Awards,False,Conor McPherson,https://en.wikipedia.org/wiki/Conor_McPherson,The Seafarer,https://en.wikipedia.org/wiki/The_Seafarer_(play)
2008,62nd Tony Awards,/wiki/62nd_Tony_Awards,False,Matthew Warchus,https://en.wikipedia.org/wiki/Matthew_Warchus,Boeing Boeing,https://en.wikipedia.org/wiki/Boeing_Boeing_(play)
2009,63rd Tony Awards,/wiki/63rd_Tony_Awards,False,Matthew Warchus,https://en.wikipedia.org/wiki/Matthew_Warchus,The Norman Conquests,https://en.wikipedia.org/wiki/The_Norman_Conquests
2009,63rd Tony Awards,/wiki/63rd_Tony_Awards,True,Matthew Warchus,https://en.wikipedia.org/wiki/Matthew_Warchus,God of Carnage,https://en.wikipedia.org/wiki/God_of_Carnage
2009,63rd Tony Awards,/wiki/63rd_Tony_Awards,False,Phyllida Lloyd,https://en.wikipedia.org/wiki/Phyllida_Lloyd,Mary Stuart,https://en.wikipedia.org/wiki/Mary_Stuart_(play)
2009,63rd Tony Awards,/wiki/63rd_Tony_Awards,False,Bartlett Sher,https://en.wikipedia.org/wiki/Bartlett_Sher,Joe Turner's Come and Gone,https://en.wikipedia.org/wiki/Joe_Turner%27s_Come_and_Gone
2010,64th Tony Awards,/wiki/64th_Tony_Awards,False,Gregory Mosher,https://en.wikipedia.org/wiki/Gregory_Mosher,A View from the Bridge,https://en.wikipedia.org/wiki/A_View_from_the_Bridge
2010,64th Tony Awards,/wiki/64th_Tony_Awards,False,Kenny Leon,https://en.wikipedia.org/wiki/Kenny_Leon,Fences,https://en.wikipedia.org/wiki/Fences_(play)
2010,64th Tony Awards,/wiki/64th_Tony_Awards,True,Michael Grandage,https://en.wikipedia.org/wiki/Michael_Grandage,Red,https://en.wikipedia.org/wiki/Red_(play)
2010,64th Tony Awards,/wiki/64th_Tony_Awards,False,Sheryl Kaller,,Next Fall,https://en.wikipedia.org/wiki/Next_Fall_(play)
2011,65th Tony Awards,/wiki/65th_Tony_Awards,True,Marianne ElliottandTom Morris,https://en.wikipedia.org/wiki/Marianne_Elliott_(director),War Horse,https://en.wikipedia.org/wiki/War_Horse_(play)
2011,65th Tony Awards,/wiki/65th_Tony_Awards,False,Joel GreyandGeorge C. Wolfe,https://en.wikipedia.org/wiki/Joel_Grey,The Normal Heart,https://en.wikipedia.org/wiki/The_Normal_Heart
2011,65th Tony Awards,/wiki/65th_Tony_Awards,False,Anna D. Shapiro,https://en.wikipedia.org/wiki/Anna_D._Shapiro,The Motherfucker with the Hat,https://en.wikipedia.org/wiki/The_Motherfucker_with_the_Hat
2011,65th Tony Awards,/wiki/65th_Tony_Awards,False,Daniel J. Sullivan,https://en.wikipedia.org/wiki/Daniel_J._Sullivan,The Merchant of Venice,https://en.wikipedia.org/wiki/The_Merchant_of_Venice
2012,66th Tony Awards,/wiki/66th_Tony_Awards,False,Roger ReesandAlex Timbers,https://en.wikipedia.org/wiki/Roger_Rees,Peter and the Starcatcher,https://en.wikipedia.org/wiki/Peter_and_the_Starcatcher
2012,66th Tony Awards,/wiki/66th_Tony_Awards,True,Mike Nichols,https://en.wikipedia.org/wiki/Mike_Nichols,Death of a Salesman,https://en.wikipedia.org/wiki/Death_of_a_Salesman
2012,66th Tony Awards,/wiki/66th_Tony_Awards,False,Nicholas Hytner,https://en.wikipedia.org/wiki/Nicholas_Hytner,"One Man, Two Guvnors","https://en.wikipedia.org/wiki/One_Man,_Two_Guvnors"
2012,66th Tony Awards,/wiki/66th_Tony_Awards,False,Pam MacKinnon,https://en.wikipedia.org/wiki/Pam_MacKinnon,Clybourne Park,https://en.wikipedia.org/wiki/Clybourne_Park
2013,67th Tony Awards,/wiki/67th_Tony_Awards,False,George C. Wolfe,https://en.wikipedia.org/wiki/George_C._Wolfe,Lucky Guy,https://en.wikipedia.org/wiki/Lucky_Guy_(play)
2013,67th Tony Awards,/wiki/67th_Tony_Awards,False,Bartlett Sher,https://en.wikipedia.org/wiki/Bartlett_Sher,Golden Boy,https://en.wikipedia.org/wiki/Golden_Boy_(play)
2013,67th Tony Awards,/wiki/67th_Tony_Awards,True,Pam MacKinnon,https://en.wikipedia.org/wiki/Pam_MacKinnon,Who's Afraid of Virginia Woolf?,https://en.wikipedia.org/wiki/Who%27s_Afraid_of_Virginia_Woolf%3F
2013,67th Tony Awards,/wiki/67th_Tony_Awards,False,Nicholas Martin,,Vanya and Sonia and Masha and Spike,https://en.wikipedia.org/wiki/Vanya_and_Sonia_and_Masha_and_Spike
2014,68th Tony Awards,/wiki/68th_Tony_Awards,False,John Tiffany,https://en.wikipedia.org/wiki/John_Tiffany,The Glass Menagerie,https://en.wikipedia.org/wiki/The_Glass_Menagerie
2014,68th Tony Awards,/wiki/68th_Tony_Awards,False,Michael Grandage,https://en.wikipedia.org/wiki/Michael_Grandage,The Cripple of Inishmaan,https://en.wikipedia.org/wiki/The_Cripple_of_Inishmaan
2014,68th Tony Awards,/wiki/68th_Tony_Awards,True,Kenny Leon,https://en.wikipedia.org/wiki/Kenny_Leon,A Raisin in the Sun,https://en.wikipedia.org/wiki/A_Raisin_in_the_Sun
2014,68th Tony Awards,/wiki/68th_Tony_Awards,False,Tim Carroll,,Twelfth Night,https://en.wikipedia.org/wiki/Twelfth_Night
2015,69th Tony Awards,/wiki/69th_Tony_Awards,True,Marianne Elliott,https://en.wikipedia.org/wiki/Marianne_Elliott_(director),The Curious Incident of the Dog in the Night-Time,https://en.wikipedia.org/wiki/The_Curious_Incident_of_the_Dog_in_the_Night-Time_(play)
2015,69th Tony Awards,/wiki/69th_Tony_Awards,False,Stephen Daldry,https://en.wikipedia.org/wiki/Stephen_Daldry,Skylight,https://en.wikipedia.org/wiki/Skylight_(play)
2015,69th Tony Awards,/wiki/69th_Tony_Awards,False,Scott Ellis,https://en.wikipedia.org/wiki/Scott_Ellis,You Can't Take It with You,https://en.wikipedia.org/wiki/You_Can%27t_Take_It_with_You_(play)
2015,69th Tony Awards,/wiki/69th_Tony_Awards,False,Jeremy Herrin,https://en.wikipedia.org/wiki/Jeremy_Herrin,Wolf Hall Parts One & Two,https://en.wikipedia.org/wiki/Wolf_Hall_Parts_One_%26_Two
2015,69th Tony Awards,/wiki/69th_Tony_Awards,False,Moritz von Stuelpnagel,,Hand to God,https://en.wikipedia.org/wiki/Hand_to_God_(play)
2016,70th Tony Awards,/wiki/70th_Tony_Awards,False,Liesl Tommy,https://en.wikipedia.org/wiki/Liesl_Tommy,Eclipsed,https://en.wikipedia.org/wiki/Eclipsed_(play)
2016,70th Tony Awards,/wiki/70th_Tony_Awards,True,Ivo van Hove,https://en.wikipedia.org/wiki/Ivo_van_Hove,A View from the Bridge,https://en.wikipedia.org/wiki/A_View_from_the_Bridge
2016,70th Tony Awards,/wiki/70th_Tony_Awards,False,Rupert Goold,https://en.wikipedia.org/wiki/Rupert_Goold,King Charles III,https://en.wikipedia.org/wiki/King_Charles_III_(play)
2016,70th Tony Awards,/wiki/70th_Tony_Awards,False,Jonathan Kent,https://en.wikipedia.org/wiki/Jonathan_Kent_(director),Long Day's Journey into Night,https://en.wikipedia.org/wiki/Long_Day%27s_Journey_into_Night
2016,70th Tony Awards,/wiki/70th_Tony_Awards,False,Joe Mantello,https://en.wikipedia.org/wiki/Joe_Mantello,The Humans,https://en.wikipedia.org/wiki/The_Humans_(play)
2017,71st Tony Awards,/wiki/71st_Tony_Awards,False,Daniel J. Sullivan,https://en.wikipedia.org/wiki/Daniel_J._Sullivan,The Little Foxes,https://en.wikipedia.org/wiki/The_Little_Foxes
2017,71st Tony Awards,/wiki/71st_Tony_Awards,False,Bartlett Sher,https://en.wikipedia.org/wiki/Bartlett_Sher,Oslo,https://en.wikipedia.org/wiki/Oslo_(play)
2017,71st Tony Awards,/wiki/71st_Tony_Awards,True,Rebecca Taichman,https://en.wikipedia.org/wiki/Rebecca_Taichman,Indecent,https://en.wikipedia.org/wiki/Indecent_(play)
2017,71st Tony Awards,/wiki/71st_Tony_Awards,False,Sam Gold,https://en.wikipedia.org/wiki/Sam_Gold,"A Doll's House, Part 2","https://en.wikipedia.org/wiki/A_Doll%27s_House,_Part_2"
2017,71st Tony Awards,/wiki/71st_Tony_Awards,False,Ruben Santiago-Hudson,https://en.wikipedia.org/wiki/Ruben_Santiago-Hudson,Jitney,https://en.wikipedia.org/wiki/Jitney_(play)
2018,72nd Tony Awards,/wiki/72nd_Tony_Awards,False,Patrick Marber,https://en.wikipedia.org/wiki/Patrick_Marber,Travesties,https://en.wikipedia.org/wiki/Travesties
2018,72nd Tony Awards,/wiki/72nd_Tony_Awards,True,John Tiffany,https://en.wikipedia.org/wiki/John_Tiffany,Harry Potter and the Cursed Child,https://en.wikipedia.org/wiki/Harry_Potter_and_the_Cursed_Child
2018,72nd Tony Awards,/wiki/72nd_Tony_Awards,False,Marianne Elliott,https://en.wikipedia.org/wiki/Marianne_Elliott_(director),Angels in America,https://en.wikipedia.org/wiki/Angels_in_America
2018,72nd Tony Awards,/wiki/72nd_Tony_Awards,False,Joe Mantello,https://en.wikipedia.org/wiki/Joe_Mantello,Three Tall Women,https://en.wikipedia.org/wiki/Three_Tall_Women
2018,72nd Tony Awards,/wiki/72nd_Tony_Awards,False,George C. Wolfe,https://en.wikipedia.org/wiki/George_C._Wolfe,The Iceman Cometh,https://en.wikipedia.org/wiki/The_Iceman_Cometh
2019,73rd Tony Awards,/wiki/73rd_Tony_Awards,False,Bartlett Sher,https://en.wikipedia.org/wiki/Bartlett_Sher,To Kill a Mockingbird,https://en.wikipedia.org/wiki/To_Kill_a_Mockingbird_(2018_play)
2019,73rd Tony Awards,/wiki/73rd_Tony_Awards,False,Ivo van Hove,https://en.wikipedia.org/wiki/Ivo_van_Hove,Network,https://en.wikipedia.org/wiki/Network_(play)
2019,73rd Tony Awards,/wiki/73rd_Tony_Awards,False,George C. Wolfe,https://en.wikipedia.org/wiki/George_C._Wolfe,Gary: A Sequel to Titus Andronicus,https://en.wikipedia.org/wiki/Gary:_A_Sequel_to_Titus_Andronicus
2019,73rd Tony Awards,/wiki/73rd_Tony_Awards,True,Sam Mendes,https://en.wikipedia.org/wiki/Sam_Mendes,The Ferryman,https://en.wikipedia.org/wiki/The_Ferryman_(play)
2019,73rd Tony Awards,/wiki/73rd_Tony_Awards,False,Rupert Goold,https://en.wikipedia.org/wiki/Rupert_Goold,Ink,https://en.wikipedia.org/wiki/Ink_(play)
2020,74th Tony Awards,/wiki/74th_Tony_Awards,False,Kenny Leon,https://en.wikipedia.org/wiki/Kenny_Leon,A Soldier's Play,https://en.wikipedia.org/wiki/A_Soldier%27s_Play
2020,74th Tony Awards,/wiki/74th_Tony_Awards,False,Jamie Lloyd,https://en.wikipedia.org/wiki/Jamie_Lloyd_(director),Betrayal,https://en.wikipedia.org/wiki/Betrayal_(play)
2020,74th Tony Awards,/wiki/74th_Tony_Awards,False,David Cromer,https://en.wikipedia.org/wiki/David_Cromer,The Sound Inside,https://en.wikipedia.org/wiki/The_Sound_Inside_(play)
2020,74th Tony Awards,/wiki/74th_Tony_Awards,False,Stephen Daldry,https://en.wikipedia.org/wiki/Stephen_Daldry,The Inheritance,https://en.wikipedia.org/wiki/The_Inheritance_(play)
2020,74th Tony Awards,/wiki/74th_Tony_Awards,False,Robert O'Hara,https://en.wikipedia.org/wiki/Robert_O%27Hara,Slave Play,https://en.wikipedia.org/wiki/Slave_Play
