year,season,season_link,winner,designer,designer_link,production,production_link
1961,15th Tony Awards,/wiki/15th_Tony_Awards,True,Motley Theatre Design Group,https://en.wikipedia.org/wiki/Motley_Theatre_Design_Group,Becket,https://en.wikipedia.org/wiki/Becket
1961,15th Tony Awards,/wiki/15th_Tony_Awards,False,Theoni V. Aldredge,https://en.wikipedia.org/wiki/Theoni_V._Aldredge,The Devil's Advocate,https://en.wikipedia.org/wiki/The_Devil%27s_Advocate_(Morris_West_novel)
1961,15th Tony Awards,/wiki/15th_Tony_Awards,False,Raymond Sovey,,All the Way Home,https://en.wikipedia.org/wiki/All_the_Way_Home_(play)
2005,59th Tony Awards,/wiki/59th_Tony_Awards,True,Jess Goldstein,https://en.wikipedia.org/wiki/Jess_Goldstein,The Rivals,https://en.wikipedia.org/wiki/The_Rivals
2005,59th Tony Awards,/wiki/59th_Tony_Awards,False,Jane Greenwood,https://en.wikipedia.org/wiki/Jane_Greenwood,Who's Afraid of Virginia Woolf?,https://en.wikipedia.org/wiki/Who%27s_Afraid_of_Virginia_Woolf%3F
2005,59th Tony Awards,/wiki/59th_Tony_Awards,False,William Ivey Long,https://en.wikipedia.org/wiki/William_Ivey_Long,A Streetcar Named Desire,https://en.wikipedia.org/wiki/A_Streetcar_Named_Desire_(play)
2005,59th Tony Awards,/wiki/59th_Tony_Awards,False,Constanza Romero,https://en.wikipedia.org/wiki/Constanza_Romero,Gem of the Ocean,https://en.wikipedia.org/wiki/Gem_of_the_Ocean
2006,60th Tony Awards,/wiki/60th_Tony_Awards,False,Catherine Zuber,https://en.wikipedia.org/wiki/Catherine_Zuber,Seascape,https://en.wikipedia.org/wiki/Seascape_(play)
2006,60th Tony Awards,/wiki/60th_Tony_Awards,False,Santo Loquasto,https://en.wikipedia.org/wiki/Santo_Loquasto,A Touch of the Poet,https://en.wikipedia.org/wiki/A_Touch_of_the_Poet
2006,60th Tony Awards,/wiki/60th_Tony_Awards,False,Michael Krass,,The Constant Wife,https://en.wikipedia.org/wiki/The_Constant_Wife
2006,60th Tony Awards,/wiki/60th_Tony_Awards,True,Catherine Zuber,https://en.wikipedia.org/wiki/Catherine_Zuber,Awake and Sing!,https://en.wikipedia.org/wiki/Awake_and_Sing!
2007,61st Tony Awards,/wiki/61st_Tony_Awards,True,Catherine Zuber,https://en.wikipedia.org/wiki/Catherine_Zuber,The Coast of Utopia,https://en.wikipedia.org/wiki/The_Coast_of_Utopia
2007,61st Tony Awards,/wiki/61st_Tony_Awards,False,Ti GreenandMelly Still,https://en.wikipedia.org/wiki/Ti_Green,Coram Boy,https://en.wikipedia.org/wiki/Coram_Boy_(play)
2007,61st Tony Awards,/wiki/61st_Tony_Awards,False,Jane Greenwood,https://en.wikipedia.org/wiki/Jane_Greenwood,Heartbreak House,https://en.wikipedia.org/wiki/Heartbreak_House
2007,61st Tony Awards,/wiki/61st_Tony_Awards,False,Santo Loquasto,https://en.wikipedia.org/wiki/Santo_Loquasto,Inherit the Wind,https://en.wikipedia.org/wiki/Inherit_the_Wind_(play)
2008,62nd Tony Awards,/wiki/62nd_Tony_Awards,False,Peter McKintosh,https://en.wikipedia.org/wiki/Peter_McKintosh,The 39 Steps,https://en.wikipedia.org/wiki/The_39_Steps_(play)
2008,62nd Tony Awards,/wiki/62nd_Tony_Awards,False,Rob Howell,https://en.wikipedia.org/wiki/Rob_Howell,Boeing-Boeing,https://en.wikipedia.org/wiki/Boeing-Boeing_(play)
2008,62nd Tony Awards,/wiki/62nd_Tony_Awards,True,Katrina Lindsay,,Les Liaisons Dangereuses,https://en.wikipedia.org/wiki/Les_Liaisons_Dangereuses_(play)
2008,62nd Tony Awards,/wiki/62nd_Tony_Awards,False,Gregory Gale,https://en.wikipedia.org/wiki/Gregory_Gale,Cyrano de Bergerac,https://en.wikipedia.org/wiki/Cyrano_de_Bergerac_(play)
2009,63rd Tony Awards,/wiki/63rd_Tony_Awards,True,Anthony Ward,https://en.wikipedia.org/wiki/Anthony_Ward,Mary Stuart,https://en.wikipedia.org/wiki/Mary_Stuart_(play)
2009,63rd Tony Awards,/wiki/63rd_Tony_Awards,False,Dale Ferguson,https://en.wikipedia.org/wiki/Dale_Ferguson_(designer),Exit the King,https://en.wikipedia.org/wiki/Exit_the_King
2009,63rd Tony Awards,/wiki/63rd_Tony_Awards,False,Jane Greenwood,https://en.wikipedia.org/wiki/Jane_Greenwood,Waiting for Godot,https://en.wikipedia.org/wiki/Waiting_for_Godot
2009,63rd Tony Awards,/wiki/63rd_Tony_Awards,False,Martin Pakledinaz,https://en.wikipedia.org/wiki/Martin_Pakledinaz,Blithe Spirit,https://en.wikipedia.org/wiki/Blithe_Spirit_(play)
2010,64th Tony Awards,/wiki/64th_Tony_Awards,True,Catherine Zuber,https://en.wikipedia.org/wiki/Catherine_Zuber,The Royal Family,https://en.wikipedia.org/wiki/The_Royal_Family_(play)
2010,64th Tony Awards,/wiki/64th_Tony_Awards,False,Martin Pakledinaz,https://en.wikipedia.org/wiki/Martin_Pakledinaz,Lend Me a Tenor,https://en.wikipedia.org/wiki/Lend_Me_a_Tenor
2010,64th Tony Awards,/wiki/64th_Tony_Awards,False,Constanza Romero,https://en.wikipedia.org/wiki/Constanza_Romero,Fences,https://en.wikipedia.org/wiki/Fences_(play)
2010,64th Tony Awards,/wiki/64th_Tony_Awards,False,David Zinn,https://en.wikipedia.org/wiki/David_Zinn,In the Next Room (or The Vibrator Play),https://en.wikipedia.org/wiki/In_the_Next_Room_(or_The_Vibrator_Play)
2011,65th Tony Awards,/wiki/65th_Tony_Awards,False,Catherine Zuber,https://en.wikipedia.org/wiki/Catherine_Zuber,Born Yesterday,https://en.wikipedia.org/wiki/Born_Yesterday_(play)
2011,65th Tony Awards,/wiki/65th_Tony_Awards,True,Desmond Heeley,https://en.wikipedia.org/wiki/Desmond_Heeley,The Importance of Being Earnest,https://en.wikipedia.org/wiki/The_Importance_of_Being_Earnest
2011,65th Tony Awards,/wiki/65th_Tony_Awards,False,Jess Goldstein,https://en.wikipedia.org/wiki/Jess_Goldstein,The Merchant of Venice,https://en.wikipedia.org/wiki/The_Merchant_of_Venice
2011,65th Tony Awards,/wiki/65th_Tony_Awards,False,Mark Thompson,,La Bête,https://en.wikipedia.org/wiki/La_B%C3%AAte_(play)
2012,66th Tony Awards,/wiki/66th_Tony_Awards,False,Paul Tazewell,https://en.wikipedia.org/wiki/Paul_Tazewell,A Streetcar Named Desire,https://en.wikipedia.org/wiki/A_Streetcar_Named_Desire_(play)
2012,66th Tony Awards,/wiki/66th_Tony_Awards,False,Mark Thompson,,"One Man, Two Guvnors","https://en.wikipedia.org/wiki/One_Man,_Two_Guvnors"
2012,66th Tony Awards,/wiki/66th_Tony_Awards,True,Paloma Young,https://en.wikipedia.org/wiki/Paloma_Young,Peter and the Starcatcher,https://en.wikipedia.org/wiki/Peter_and_the_Starcatcher
2012,66th Tony Awards,/wiki/66th_Tony_Awards,False,William Ivey Long,https://en.wikipedia.org/wiki/William_Ivey_Long,Don't Dress for Dinner,https://en.wikipedia.org/wiki/Don%27t_Dress_for_Dinner
2013,67th Tony Awards,/wiki/67th_Tony_Awards,True,Ann Roth,https://en.wikipedia.org/wiki/Ann_Roth,The Nance,https://en.wikipedia.org/wiki/The_Nance
2013,67th Tony Awards,/wiki/67th_Tony_Awards,False,Soutra Gilmour,https://en.wikipedia.org/wiki/Soutra_Gilmour,Cyrano de Bergerac,https://en.wikipedia.org/wiki/Cyrano_de_Bergerac_(play)
2013,67th Tony Awards,/wiki/67th_Tony_Awards,False,Albert Wolsky,https://en.wikipedia.org/wiki/Albert_Wolsky,The Heiress,https://en.wikipedia.org/wiki/The_Heiress_(1947_play)
2013,67th Tony Awards,/wiki/67th_Tony_Awards,False,Catherine Zuber,https://en.wikipedia.org/wiki/Catherine_Zuber,Golden Boy,https://en.wikipedia.org/wiki/Golden_Boy_(play)
2014,68th Tony Awards,/wiki/68th_Tony_Awards,False,Michael Krass,,Machinal,https://en.wikipedia.org/wiki/Machinal
2014,68th Tony Awards,/wiki/68th_Tony_Awards,False,Rita Ryack,https://en.wikipedia.org/wiki/Rita_Ryack,Casa Valentina,https://en.wikipedia.org/wiki/Casa_Valentina
2014,68th Tony Awards,/wiki/68th_Tony_Awards,True,Jenny Tiramani,https://en.wikipedia.org/wiki/Jenny_Tiramani,Twelfth Night,https://en.wikipedia.org/wiki/Twelfth_Night
2014,68th Tony Awards,/wiki/68th_Tony_Awards,False,Jane Greenwood,https://en.wikipedia.org/wiki/Jane_Greenwood,Act One,https://en.wikipedia.org/wiki/Act_One_(play)
2015,69th Tony Awards,/wiki/69th_Tony_Awards,True,Christopher Oram,https://en.wikipedia.org/wiki/Christopher_Oram,Wolf Hall Parts One & Two,https://en.wikipedia.org/wiki/Wolf_Hall#Adaptations
2015,69th Tony Awards,/wiki/69th_Tony_Awards,False,Bob Crowley,https://en.wikipedia.org/wiki/Bob_Crowley,The Audience,https://en.wikipedia.org/wiki/The_Audience_(2013_play)
2015,69th Tony Awards,/wiki/69th_Tony_Awards,False,Jane Greenwood,https://en.wikipedia.org/wiki/Jane_Greenwood,You Can't Take It with You,https://en.wikipedia.org/wiki/You_Can%27t_Take_It_with_You_(play)
2015,69th Tony Awards,/wiki/69th_Tony_Awards,False,David Zinn,https://en.wikipedia.org/wiki/David_Zinn,Airline Highway,https://en.wikipedia.org/wiki/Airline_Highway_(play)
2016,70th Tony Awards,/wiki/70th_Tony_Awards,True,Clint Ramos,https://en.wikipedia.org/wiki/Clint_Ramos,Eclipsed,https://en.wikipedia.org/wiki/Eclipsed_(play)
2016,70th Tony Awards,/wiki/70th_Tony_Awards,False,Jane Greenwood,https://en.wikipedia.org/wiki/Jane_Greenwood,Long Day's Journey into Night,https://en.wikipedia.org/wiki/Long_Day%27s_Journey_into_Night
2016,70th Tony Awards,/wiki/70th_Tony_Awards,False,Michael Krass,,Noises Off,https://en.wikipedia.org/wiki/Noises_Off
2016,70th Tony Awards,/wiki/70th_Tony_Awards,False,Tom Scutt,,King Charles III,https://en.wikipedia.org/wiki/King_Charles_III_(play)
2017,71st Tony Awards,/wiki/71st_Tony_Awards,False,David Zinn,https://en.wikipedia.org/wiki/David_Zinn,"A Doll's House, Part 2","https://en.wikipedia.org/wiki/A_Doll%27s_House,_Part_2"
2017,71st Tony Awards,/wiki/71st_Tony_Awards,False,Toni-Leslie James,https://en.wikipedia.org/wiki/Toni-Leslie_James,Jitney,https://en.wikipedia.org/wiki/Jitney_(play)
2017,71st Tony Awards,/wiki/71st_Tony_Awards,True,Jane Greenwood,https://en.wikipedia.org/wiki/Jane_Greenwood,The Little Foxes,https://en.wikipedia.org/wiki/The_Little_Foxes
2017,71st Tony Awards,/wiki/71st_Tony_Awards,False,Susan Hilferty,https://en.wikipedia.org/wiki/Susan_Hilferty,Present Laughter,https://en.wikipedia.org/wiki/Present_Laughter
2018,72nd Tony Awards,/wiki/72nd_Tony_Awards,True,Katrina Lindsay,,Harry Potter and the Cursed Child,https://en.wikipedia.org/wiki/Harry_Potter_and_the_Cursed_Child
2018,72nd Tony Awards,/wiki/72nd_Tony_Awards,False,Jonathan Fensom,,Farinelli and the King,https://en.wikipedia.org/wiki/Farinelli_and_the_King
2018,72nd Tony Awards,/wiki/72nd_Tony_Awards,False,Nicky Gillibrand,https://en.wikipedia.org/wiki/Nicky_Gillibrand,Angels in America,https://en.wikipedia.org/wiki/Angels_in_America
2018,72nd Tony Awards,/wiki/72nd_Tony_Awards,False,Ann Roth,https://en.wikipedia.org/wiki/Ann_Roth,Three Tall Women,https://en.wikipedia.org/wiki/Three_Tall_Women
2018,72nd Tony Awards,/wiki/72nd_Tony_Awards,False,Ann Roth,https://en.wikipedia.org/wiki/Ann_Roth,The Iceman Cometh,https://en.wikipedia.org/wiki/The_Iceman_Cometh
2019,73rd Tony Awards,/wiki/73rd_Tony_Awards,True,Rob Howell,https://en.wikipedia.org/wiki/Rob_Howell,The Ferryman,https://en.wikipedia.org/wiki/The_Ferryman_(play)
2019,73rd Tony Awards,/wiki/73rd_Tony_Awards,False,Toni-Leslie James,https://en.wikipedia.org/wiki/Toni-Leslie_James,Bernhardt/Hamlet,
2019,73rd Tony Awards,/wiki/73rd_Tony_Awards,False,Clint Ramos,https://en.wikipedia.org/wiki/Clint_Ramos,Torch Song,https://en.wikipedia.org/wiki/Torch_Song_Trilogy
2019,73rd Tony Awards,/wiki/73rd_Tony_Awards,False,Ann Roth,https://en.wikipedia.org/wiki/Ann_Roth,To Kill a Mockingbird,https://en.wikipedia.org/wiki/To_Kill_a_Mockingbird_(2018_play)
2019,73rd Tony Awards,/wiki/73rd_Tony_Awards,False,Ann Roth,https://en.wikipedia.org/wiki/Ann_Roth,Gary: A Sequel to Titus Andronicus,https://en.wikipedia.org/wiki/Gary:_A_Sequel_to_Titus_Andronicus
2020,74th Tony Awards,/wiki/74th_Tony_Awards,False,Rob Howell,https://en.wikipedia.org/wiki/Rob_Howell,A Christmas Carol,https://en.wikipedia.org/wiki/A_Christmas_Carol_(2017_play)
2020,74th Tony Awards,/wiki/74th_Tony_Awards,False,Dede Ayite,,Slave Play,https://en.wikipedia.org/wiki/Slave_Play
2020,74th Tony Awards,/wiki/74th_Tony_Awards,False,Dede Ayite,,A Soldier's Play,https://en.wikipedia.org/wiki/A_Soldier%27s_Play
2020,74th Tony Awards,/wiki/74th_Tony_Awards,False,Bob Crowley,https://en.wikipedia.org/wiki/Bob_Crowley,The Inheritance,https://en.wikipedia.org/wiki/The_Inheritance_(play)
2020,74th Tony Awards,/wiki/74th_Tony_Awards,False,Clint Ramos,https://en.wikipedia.org/wiki/Clint_Ramos,The Rose Tattoo,https://en.wikipedia.org/wiki/The_Rose_Tattoo
