year,season,season_link,winner,designer,designer_link,production,production_link
1960,14th Tony Awards,/wiki/14th_Tony_Awards,True,Oliver Smith,https://en.wikipedia.org/wiki/Oliver_Smith_(designer),The Sound of Music,https://en.wikipedia.org/wiki/The_Sound_of_Music
1960,14th Tony Awards,/wiki/14th_Tony_Awards,False,Cecil Beaton,https://en.wikipedia.org/wiki/Cecil_Beaton,Saratoga,https://en.wikipedia.org/wiki/Saratoga_(musical)
1960,14th Tony Awards,/wiki/14th_Tony_Awards,False,William & Jean Eckart,https://en.wikipedia.org/wiki/William_and_Jean_Eckart,Fiorello!,https://en.wikipedia.org/wiki/Fiorello!
1960,14th Tony Awards,/wiki/14th_Tony_Awards,False,Peter Larkin,,Greenwillow,https://en.wikipedia.org/wiki/Greenwillow
1960,14th Tony Awards,/wiki/14th_Tony_Awards,False,Jo Mielziner,https://en.wikipedia.org/wiki/Jo_Mielziner,Gypsy,https://en.wikipedia.org/wiki/Gypsy_(musical)
1961,15th Tony Awards,/wiki/15th_Tony_Awards,True,Oliver Smith,https://en.wikipedia.org/wiki/Oliver_Smith_(designer),Camelot,https://en.wikipedia.org/wiki/Camelot_(musical)
1961,15th Tony Awards,/wiki/15th_Tony_Awards,False,George C. Jenkins,https://en.wikipedia.org/wiki/George_C._Jenkins,13 Daughters,https://en.wikipedia.org/wiki/13_Daughters
1961,15th Tony Awards,/wiki/15th_Tony_Awards,False,Robert Randolph,,Bye Bye Birdie,https://en.wikipedia.org/wiki/Bye_Bye_Birdie_(musical)
2005,59th Tony Awards,/wiki/59th_Tony_Awards,False,Anthony Ward,https://en.wikipedia.org/wiki/Anthony_Ward,Chitty Chitty Bang Bang,https://en.wikipedia.org/wiki/Chitty_Chitty_Bang_Bang_(musical)
2005,59th Tony Awards,/wiki/59th_Tony_Awards,False,Rumi Matsui,https://en.wikipedia.org/wiki/Rumi_Matsui,Pacific Overtures,https://en.wikipedia.org/wiki/Pacific_Overtures
2005,59th Tony Awards,/wiki/59th_Tony_Awards,True,Michael Yeargan,https://en.wikipedia.org/wiki/Michael_Yeargan,The Light in the Piazza,https://en.wikipedia.org/wiki/The_Light_in_the_Piazza_(musical)
2005,59th Tony Awards,/wiki/59th_Tony_Awards,False,Tim Hatley,https://en.wikipedia.org/wiki/Tim_Hatley,Monty Python's Spamalot,https://en.wikipedia.org/wiki/Spamalot
2006,60th Tony Awards,/wiki/60th_Tony_Awards,False,Klara Zieglerova,,Jersey Boys,https://en.wikipedia.org/wiki/Jersey_Boys
2006,60th Tony Awards,/wiki/60th_Tony_Awards,True,David Gallo,https://en.wikipedia.org/wiki/David_Gallo,The Drowsy Chaperone,https://en.wikipedia.org/wiki/The_Drowsy_Chaperone
2006,60th Tony Awards,/wiki/60th_Tony_Awards,False,John Lee Beatty,https://en.wikipedia.org/wiki/John_Lee_Beatty,The Color Purple,https://en.wikipedia.org/wiki/The_Color_Purple_(musical)
2006,60th Tony Awards,/wiki/60th_Tony_Awards,False,Derek McLane,https://en.wikipedia.org/wiki/Derek_McLane,The Pajama Game,https://en.wikipedia.org/wiki/The_Pajama_Game
2007,61st Tony Awards,/wiki/61st_Tony_Awards,False,Allen Moyer,https://en.wikipedia.org/wiki/Allen_Moyer,Grey Gardens,https://en.wikipedia.org/wiki/Grey_Gardens_(musical)
2007,61st Tony Awards,/wiki/61st_Tony_Awards,False,Anna Louizos,https://en.wikipedia.org/wiki/Anna_Louizos,High Fidelity,https://en.wikipedia.org/wiki/High_Fidelity_(musical)
2007,61st Tony Awards,/wiki/61st_Tony_Awards,True,Bob Crowley,https://en.wikipedia.org/wiki/Bob_Crowley,Mary Poppins,https://en.wikipedia.org/wiki/Mary_Poppins_(musical)
2007,61st Tony Awards,/wiki/61st_Tony_Awards,False,Christine Jones,https://en.wikipedia.org/wiki/Christine_Jones_(scenic_designer),Spring Awakening,https://en.wikipedia.org/wiki/Spring_Awakening_(musical)
2008,62nd Tony Awards,/wiki/62nd_Tony_Awards,True,Michael Yeargan,https://en.wikipedia.org/wiki/Michael_Yeargan,South Pacific,https://en.wikipedia.org/wiki/South_Pacific_(musical)
2008,62nd Tony Awards,/wiki/62nd_Tony_Awards,False,"Timothy Bird, David Farley & The Knifedge Creative Network",,Sunday in the Park with George,https://en.wikipedia.org/wiki/Sunday_in_the_Park_with_George
2008,62nd Tony Awards,/wiki/62nd_Tony_Awards,False,Anna Louizos,https://en.wikipedia.org/wiki/Anna_Louizos,In the Heights,https://en.wikipedia.org/wiki/In_the_Heights
2008,62nd Tony Awards,/wiki/62nd_Tony_Awards,False,Robin Wagner,https://en.wikipedia.org/wiki/Robin_Wagner_(designer),Young Frankenstein,https://en.wikipedia.org/wiki/Young_Frankenstein_(musical)
2009,63rd Tony Awards,/wiki/63rd_Tony_Awards,False,Mark Wendland,,Next to Normal,https://en.wikipedia.org/wiki/Next_to_Normal
2009,63rd Tony Awards,/wiki/63rd_Tony_Awards,False,Scott Pask,https://en.wikipedia.org/wiki/Scott_Pask,Pal Joey,https://en.wikipedia.org/wiki/Pal_Joey_(musical)
2009,63rd Tony Awards,/wiki/63rd_Tony_Awards,True,Ian MacNeil,https://en.wikipedia.org/wiki/Ian_MacNeil_(scenic_designer),Billy Elliot the Musical,https://en.wikipedia.org/wiki/Billy_Elliot_the_Musical
2009,63rd Tony Awards,/wiki/63rd_Tony_Awards,False,Robert Brill,,Guys and Dolls,https://en.wikipedia.org/wiki/Guys_and_Dolls_(musical)
2010,64th Tony Awards,/wiki/64th_Tony_Awards,True,Christine Jones,https://en.wikipedia.org/wiki/Christine_Jones_(scenic_designer),American Idiot,https://en.wikipedia.org/wiki/American_Idiot_(musical)
2010,64th Tony Awards,/wiki/64th_Tony_Awards,False,Marina Draghici,,Fela!,https://en.wikipedia.org/wiki/Fela!
2010,64th Tony Awards,/wiki/64th_Tony_Awards,False,Derek McLane,https://en.wikipedia.org/wiki/Derek_McLane,Ragtime,https://en.wikipedia.org/wiki/Ragtime_(musical)
2010,64th Tony Awards,/wiki/64th_Tony_Awards,False,Tim Shortall,,La Cage aux Folles,https://en.wikipedia.org/wiki/La_Cage_aux_Folles_(musical)
2011,65th Tony Awards,/wiki/65th_Tony_Awards,False,Derek McLane,https://en.wikipedia.org/wiki/Derek_McLane,Anything Goes,https://en.wikipedia.org/wiki/Anything_Goes
2011,65th Tony Awards,/wiki/65th_Tony_Awards,True,Scott Pask,https://en.wikipedia.org/wiki/Scott_Pask,The Book of Mormon,https://en.wikipedia.org/wiki/The_Book_of_Mormon_(musical)
2011,65th Tony Awards,/wiki/65th_Tony_Awards,False,Beowulf Boritt,,The Scottsboro Boys,https://en.wikipedia.org/wiki/The_Scottsboro_Boys_(musical)
2011,65th Tony Awards,/wiki/65th_Tony_Awards,False,Donyale Werle,https://en.wikipedia.org/wiki/Donyale_Werle,Bloody Bloody Andrew Jackson,https://en.wikipedia.org/wiki/Bloody_Bloody_Andrew_Jackson
2012,66th Tony Awards,/wiki/66th_Tony_Awards,False,George Tsypin,https://en.wikipedia.org/wiki/George_Tsypin,Spider-Man: Turn Off the Dark,https://en.wikipedia.org/wiki/Spider-Man:_Turn_Off_the_Dark
2012,66th Tony Awards,/wiki/66th_Tony_Awards,False,Sven Ortel & Tobin Ost,,Newsies,https://en.wikipedia.org/wiki/Newsies_(musical)
2012,66th Tony Awards,/wiki/66th_Tony_Awards,True,Bob Crowley,https://en.wikipedia.org/wiki/Bob_Crowley,Once,https://en.wikipedia.org/wiki/Once_(musical)
2012,66th Tony Awards,/wiki/66th_Tony_Awards,False,Jon Driscoll&Rob Howell,https://en.wikipedia.org/wiki/Jon_Driscoll,Ghost the Musical,https://en.wikipedia.org/wiki/Ghost_the_Musical
2013,67th Tony Awards,/wiki/67th_Tony_Awards,True,Rob Howell,https://en.wikipedia.org/wiki/Rob_Howell,Matilda the Musical,https://en.wikipedia.org/wiki/Matilda_the_Musical
2013,67th Tony Awards,/wiki/67th_Tony_Awards,False,Anna Louizos,https://en.wikipedia.org/wiki/Anna_Louizos,The Mystery of Edwin Drood,https://en.wikipedia.org/wiki/Drood
2013,67th Tony Awards,/wiki/67th_Tony_Awards,False,Scott Pask,https://en.wikipedia.org/wiki/Scott_Pask,Pippin,https://en.wikipedia.org/wiki/Pippin_(musical)
2013,67th Tony Awards,/wiki/67th_Tony_Awards,False,David Rockwell,https://en.wikipedia.org/wiki/David_Rockwell,Kinky Boots,https://en.wikipedia.org/wiki/Kinky_Boots_(musical)
2014,68th Tony Awards,/wiki/68th_Tony_Awards,True,Christopher Barreca,,Rocky the Musical,https://en.wikipedia.org/wiki/Rocky_the_Musical
2014,68th Tony Awards,/wiki/68th_Tony_Awards,False,Julian Crouch,,Hedwig and the Angry Inch,https://en.wikipedia.org/wiki/Hedwig_and_the_Angry_Inch_(musical)
2014,68th Tony Awards,/wiki/68th_Tony_Awards,False,Alexander Dodge,,A Gentleman's Guide to Love and Murder,https://en.wikipedia.org/wiki/A_Gentleman%27s_Guide_to_Love_and_Murder
2014,68th Tony Awards,/wiki/68th_Tony_Awards,False,Santo Loquasto,https://en.wikipedia.org/wiki/Santo_Loquasto,Bullets Over Broadway,https://en.wikipedia.org/wiki/Bullets_Over_Broadway_(musical)
2015,69th Tony Awards,/wiki/69th_Tony_Awards,True,Bob Crowley&59 Productions,https://en.wikipedia.org/wiki/Bob_Crowley,An American in Paris,https://en.wikipedia.org/wiki/An_American_in_Paris_(musical)
2015,69th Tony Awards,/wiki/69th_Tony_Awards,False,David Rockwell,https://en.wikipedia.org/wiki/David_Rockwell,On the Twentieth Century,https://en.wikipedia.org/wiki/On_the_Twentieth_Century
2015,69th Tony Awards,/wiki/69th_Tony_Awards,False,Michael Yeargan,https://en.wikipedia.org/wiki/Michael_Yeargan,The King and I,https://en.wikipedia.org/wiki/The_King_and_I
2015,69th Tony Awards,/wiki/69th_Tony_Awards,False,David Zinn,https://en.wikipedia.org/wiki/David_Zinn,Fun Home,https://en.wikipedia.org/wiki/Fun_Home_(musical)
2016,70th Tony Awards,/wiki/70th_Tony_Awards,False,Santo Loquasto,https://en.wikipedia.org/wiki/Santo_Loquasto,Shuffle Along,"https://en.wikipedia.org/wiki/Shuffle_Along,_or,_the_Making_of_the_Musical_Sensation_of_1921_and_All_That_Followed"
2016,70th Tony Awards,/wiki/70th_Tony_Awards,False,David Korins,,Hamilton,https://en.wikipedia.org/wiki/Hamilton_(musical)
2016,70th Tony Awards,/wiki/70th_Tony_Awards,True,David Rockwell,https://en.wikipedia.org/wiki/David_Rockwell,She Loves Me,https://en.wikipedia.org/wiki/She_Loves_Me
2016,70th Tony Awards,/wiki/70th_Tony_Awards,False,Es Devlin& Finn Ross,https://en.wikipedia.org/wiki/Es_Devlin,American Psycho,https://en.wikipedia.org/wiki/American_Psycho_(musical)
2017,71st Tony Awards,/wiki/71st_Tony_Awards,True,Mimi Lien,https://en.wikipedia.org/wiki/Mimi_Lien,"Natasha, Pierre & The Great Comet of 1812","https://en.wikipedia.org/wiki/Natasha,_Pierre_%26_The_Great_Comet_of_1812"
2017,71st Tony Awards,/wiki/71st_Tony_Awards,False,Rob Howell,https://en.wikipedia.org/wiki/Rob_Howell,Groundhog Day,https://en.wikipedia.org/wiki/Groundhog_Day_(musical)
2017,71st Tony Awards,/wiki/71st_Tony_Awards,False,David Korins,,War Paint,https://en.wikipedia.org/wiki/War_Paint_(musical)
2017,71st Tony Awards,/wiki/71st_Tony_Awards,False,Santo Loquasto,https://en.wikipedia.org/wiki/Santo_Loquasto,"Hello, Dolly!","https://en.wikipedia.org/wiki/Hello,_Dolly!_(musical)"
2018,72nd Tony Awards,/wiki/72nd_Tony_Awards,True,David Zinn,https://en.wikipedia.org/wiki/David_Zinn,SpongeBob SquarePants,https://en.wikipedia.org/wiki/SpongeBob_SquarePants_(musical)
2018,72nd Tony Awards,/wiki/72nd_Tony_Awards,False,Dane Laffrey,https://en.wikipedia.org/wiki/Dane_Laffrey,Once on This Island,https://en.wikipedia.org/wiki/Once_on_This_Island
2018,72nd Tony Awards,/wiki/72nd_Tony_Awards,False,Scott Pask,https://en.wikipedia.org/wiki/Scott_Pask,The Band's Visit,https://en.wikipedia.org/wiki/The_Band%27s_Visit_(musical)
2018,72nd Tony Awards,/wiki/72nd_Tony_Awards,False,"Scott Pask, Finn Ross & Adam Young",,Mean Girls,https://en.wikipedia.org/wiki/Mean_Girls_(musical)
2018,72nd Tony Awards,/wiki/72nd_Tony_Awards,False,Michael Yeargan,https://en.wikipedia.org/wiki/Michael_Yeargan,My Fair Lady,https://en.wikipedia.org/wiki/My_Fair_Lady_(musical)
2019,73rd Tony Awards,/wiki/73rd_Tony_Awards,False,Laura Jellinek,https://en.wikipedia.org/wiki/Laura_Jellinek,Oklahoma!,https://en.wikipedia.org/wiki/Oklahoma!
2019,73rd Tony Awards,/wiki/73rd_Tony_Awards,True,Rachel Hauck,https://en.wikipedia.org/wiki/Rachel_Hauck,Hadestown,https://en.wikipedia.org/wiki/Hadestown_(musical)
2019,73rd Tony Awards,/wiki/73rd_Tony_Awards,False,Robert Brill &Peter Nigrini,https://en.wikipedia.org/wiki/Peter_Nigrini,Ain’t Too Proud,https://en.wikipedia.org/wiki/Ain%27t_Too_Proud_(musical)
2019,73rd Tony Awards,/wiki/73rd_Tony_Awards,False,Peter England,,King Kong,https://en.wikipedia.org/wiki/King_Kong_(2013_musical)
2019,73rd Tony Awards,/wiki/73rd_Tony_Awards,False,David Korins,,Beetlejuice,https://en.wikipedia.org/wiki/Beetlejuice_(musical)
2020,74th Tony Awards,/wiki/74th_Tony_Awards,False,Derek McLane,https://en.wikipedia.org/wiki/Derek_McLane,Moulin Rouge! The Musical,https://en.wikipedia.org/wiki/Moulin_Rouge!_(musical)
2020,74th Tony Awards,/wiki/74th_Tony_Awards,False,Riccardo Hernández and Lucy Mackinnon,,Jagged Little Pill,https://en.wikipedia.org/wiki/Jagged_Little_Pill_(musical)
2020,74th Tony Awards,/wiki/74th_Tony_Awards,False,Mark Thompson and Jeff Sugg,,Tina - The Tina Turner Musical,https://en.wikipedia.org/wiki/Tina_(musical)
